t_radio|Air|Akashvani Anantapur|https://cdn.jsdelivr.net/gh/kamleshwebnet/app_ar@main/icons_radio/akashvani-anantapur.webp|Andhra Pradesh|https://radio.wavespb.com/live/3bcd83926d6c3cca/3bcd83926d6c3cca.m3u8
t_radio|Air|Akashvani Kadapa|https://cdn.jsdelivr.net/gh/kamleshwebnet/app_ar@main/icons_radio/akashvani-kadapa.webp|Andhra Pradesh|https://radio.wavespb.com/live/26ec521ec4f7c684/26ec521ec4f7c684.m3u8
t_radio|Air|Akashvani Kurnool|https://cdn.jsdelivr.net/gh/kamleshwebnet/app_ar@main/icons_radio/akashvani-kurnool.webp|Andhra Pradesh|https://radio.wavespb.com/live/57d77b93b7580e24/57d77b93b7580e24.m3u8
t_radio|Air|Akashvani Markapur|https://cdn.jsdelivr.net/gh/kamleshwebnet/app_ar@main/icons_radio/akashvani-markapur.webp|Andhra Pradesh|https://radio.wavespb.com/live/b11784e3b37b7620/b11784e3b37b7620.m3u8
t_radio|Air|FM Simhapuri Nellore|https://cdn.jsdelivr.net/gh/kamleshwebnet/app_ar@main/icons_radio/fm-simhapuri-nellore.webp|Andhra Pradesh|https://radio.wavespb.com/live/8bc9175bb717c13b/8bc9175bb717c13b.m3u8
t_radio|Air|Akashvani Tirupati|https://cdn.jsdelivr.net/gh/kamleshwebnet/app_ar@main/icons_radio/akashvani-tirupati.webp|Andhra Pradesh|https://radio.wavespb.com/live/1119aa26b4e9f653/1119aa26b4e9f653.m3u8
t_radio|Air|Akashvani Andhra Pradesh|https://cdn.jsdelivr.net/gh/kamleshwebnet/app_ar@main/icons_radio/akashvani-andhra-pradesh.webp|Andhra Pradesh|https://radio.wavespb.com/live/2d38e3dcb8d4e0a4/2d38e3dcb8d4e0a4.m3u8
t_radio|Air|FM Rainbow Vijayawada|https://cdn.jsdelivr.net/gh/kamleshwebnet/app_ar@main/icons_radio/fm-rainbow-vijayawada.webp|Andhra Pradesh|https://radio.wavespb.com/live/bad174fd7eac38d0/bad174fd7eac38d0.m3u8
t_radio|Air|VB Telugu Vijayawada|https://cdn.jsdelivr.net/gh/kamleshwebnet/app_ar@main/icons_radio/vb-telugu-vijayawada.webp|Andhra Pradesh|https://radio.wavespb.com/live/0beac8e921bbfdbb/0beac8e921bbfdbb.m3u8
t_radio|Air|Akashvani Visakhapatnam|https://cdn.jsdelivr.net/gh/kamleshwebnet/app_ar@main/icons_radio/akashvani-visakhapatnam.webp|Andhra Pradesh|https://radio.wavespb.com/live/8362d532bd498fd0/8362d532bd498fd0.m3u8
t_radio|Air|FM Rainbow Visakhapatnam|https://cdn.jsdelivr.net/gh/kamleshwebnet/app_ar@main/icons_radio/fm-rainbow-visakhapatnam.webp|Andhra Pradesh|https://radio.wavespb.com/live/147314c8aedf4389/147314c8aedf4389.m3u8
t_radio|Air|Akashvani Port Blair|https://cdn.jsdelivr.net/gh/kamleshwebnet/app_ar@main/icons_radio/akashvani-port-blair.webp|Andman Nicobar|https://radio.wavespb.com/live/dc9ff2a05098df5b/dc9ff2a05098df5b.m3u8
t_radio|Air|Vividh Bharati Vijayapuram|https://cdn.jsdelivr.net/gh/kamleshwebnet/app_ar@main/icons_radio/vividh-bharati-vijayapuram.webp|Andman Nicobar|https://radio.wavespb.com/live/fbc6b60c0bdf0293/fbc6b60c0bdf0293.m3u8
t_radio|Air|Akashvani Itanagar|https://cdn.jsdelivr.net/gh/kamleshwebnet/app_ar@main/icons_radio/akashvani-itanagar.webp|Arunachal Pradesh|https://radio.wavespb.com/live/098c57a7f382c0d4/098c57a7f382c0d4.m3u8
t_radio|Air|FM Arun Itanagar|https://cdn.jsdelivr.net/gh/kamleshwebnet/app_ar@main/icons_radio/fm-arun-itanagar.webp|Arunachal Pradesh|https://radio.wavespb.com/live/174624e09dbdcdde/174624e09dbdcdde.m3u8
t_radio|Air|Akashvani Pasighat|https://cdn.jsdelivr.net/gh/kamleshwebnet/app_ar@main/icons_radio/akashvani-pasighat.webp|Arunachal Pradesh|https://radio.wavespb.com/live/464360d5ed44082b/464360d5ed44082b.m3u8
t_radio|Air|Akashvani Tawang|https://cdn.jsdelivr.net/gh/kamleshwebnet/app_ar@main/icons_radio/akashvani-tawang.webp|Arunachal Pradesh|https://radio.wavespb.com/live/0ab7e5a9701ec9e2/0ab7e5a9701ec9e2.m3u8
t_radio|Air|Akashvani Tezu|https://cdn.jsdelivr.net/gh/kamleshwebnet/app_ar@main/icons_radio/akashvani-tezu.webp|Arunachal Pradesh|https://radio.wavespb.com/live/7579db5ef9660a6e/7579db5ef9660a6e.m3u8
t_radio|Air|Akashvani Ziro|https://cdn.jsdelivr.net/gh/kamleshwebnet/app_ar@main/icons_radio/akashvani-ziro.webp|Arunachal Pradesh|https://radio.wavespb.com/live/1f4ec5a1ea8e9015/1f4ec5a1ea8e9015.m3u8
t_radio|Air|Akashvani Kokrajhar|https://cdn.jsdelivr.net/gh/kamleshwebnet/app_ar@main/icons_radio/akashvani-kokrajhar.webp|Assam|https://radio.wavespb.com/live/f6fa349221f25803/f6fa349221f25803.m3u8
t_radio|Air|Akashvani Dibrugarh|https://cdn.jsdelivr.net/gh/kamleshwebnet/app_ar@main/icons_radio/akashvani-dibrugarh.webp|Assam|https://radio.wavespb.com/live/6db6683f71f6df13/6db6683f71f6df13.m3u8
t_radio|Air|Akashvani Diphu|https://cdn.jsdelivr.net/gh/kamleshwebnet/app_ar@main/icons_radio/akashvani-diphu.webp|Assam|https://radio.wavespb.com/live/24092163948ab5d8/24092163948ab5d8.m3u8
t_radio|Air|Akashvani Guwahati Mahabahu|https://cdn.jsdelivr.net/gh/kamleshwebnet/app_ar@main/icons_radio/akashvani-guwahati-mahabahu.webp|Assam|https://radio.wavespb.com/live/d1712a1355f27abb/d1712a1355f27abb.m3u8
t_radio|Air|Akashvani Guwahati Pragjyotishpur|https://cdn.jsdelivr.net/gh/kamleshwebnet/app_ar@main/icons_radio/akashvani-guwahati-pragjyotishpur.webp|Assam|https://radio.wavespb.com/live/c8a130239e27ded0/c8a130239e27ded0.m3u8
t_radio|Air|Akashvani Haflong|https://cdn.jsdelivr.net/gh/kamleshwebnet/app_ar@main/icons_radio/akashvani-haflong.webp|Assam|https://radio.wavespb.com/live/0625378643a5d9ba/0625378643a5d9ba.m3u8
t_radio|Air|Akashvani Jorhat|https://cdn.jsdelivr.net/gh/kamleshwebnet/app_ar@main/icons_radio/akashvani-jorhat.webp|Assam|https://radio.wavespb.com/live/202fb3b9e2e3f6f1/202fb3b9e2e3f6f1.m3u8
t_radio|Air|Akashvani Nagaon|https://cdn.jsdelivr.net/gh/kamleshwebnet/app_ar@main/icons_radio/akashvani-nagaon.webp|Assam|https://radio.wavespb.com/live/f2619d605f469c55/f2619d605f469c55.m3u8
t_radio|Air|Akashvani Silchar|https://cdn.jsdelivr.net/gh/kamleshwebnet/app_ar@main/icons_radio/akashvani-silchar.webp|Assam|https://radio.wavespb.com/live/389a55127e012f97/389a55127e012f97.m3u8
t_radio|Air|Akashvani Tezpur|https://cdn.jsdelivr.net/gh/kamleshwebnet/app_ar@main/icons_radio/akashvani-tezpur.webp|Assam|https://radio.wavespb.com/live/9260e7a38d76ffda/9260e7a38d76ffda.m3u8
t_radio|Air|Akashvani Bhagalpur|https://cdn.jsdelivr.net/gh/kamleshwebnet/app_ar@main/icons_radio/akashvani-bhagalpur.webp|Bihar|https://air.pc.cdn.bitgravity.com/air/live/pbaudio292/playlist.m3u8
t_radio|Air|Akashvani Darbhanga|https://cdn.jsdelivr.net/gh/kamleshwebnet/app_ar@main/icons_radio/akashvani-darbhanga.webp|Bihar|https://air.pc.cdn.bitgravity.com/air/live/pbaudio160/playlist.m3u8
t_radio|Air|Akashvani Patna|https://cdn.jsdelivr.net/gh/kamleshwebnet/app_ar@main/icons_radio/akashvani-patna.webp|Bihar|https://air.pc.cdn.bitgravity.com/air/live/pbaudio087/playlist.m3u8
t_radio|Air|FM Rainbow Patna|https://cdn.jsdelivr.net/gh/kamleshwebnet/app_ar@main/icons_radio/fm-rainbow-patna.webp|Bihar|https://air.pc.cdn.bitgravity.com/air/live/pbaudio252/playlist.m3u8
t_radio|Air|VBS Patna|https://cdn.jsdelivr.net/gh/kamleshwebnet/app_ar@main/icons_radio/vbs-patna.webp|Bihar|https://air.pc.cdn.bitgravity.com/air/live/pbaudio251/playlist.m3u8
t_radio|Air|Akashvani Purnia Bihar|https://cdn.jsdelivr.net/gh/kamleshwebnet/app_ar@main/icons_radio/akashvani-purnia-bihar.webp|Bihar|https://air.pc.cdn.bitgravity.com/air/live/pbaudio147/playlist.m3u8
t_radio|Air|Akashvani Sasaram|https://cdn.jsdelivr.net/gh/kamleshwebnet/app_ar@main/icons_radio/akashvani-sasaram.webp|Bihar|https://radio.wavespb.com/live/cd626d48acead509/cd626d48acead509.m3u8
t_radio|Air|Akashvani Chandigarh|https://cdn.jsdelivr.net/gh/kamleshwebnet/app_ar@main/icons_radio/akashvani-chandigarh.webp|Chandigarh|https://radio.wavespb.com/live/db4a912ff7882d9d/db4a912ff7882d9d.m3u8
t_radio|Air|Akashvani Ambikapur|https://cdn.jsdelivr.net/gh/kamleshwebnet/app_ar@main/icons_radio/akashvani-ambikapur.webp|Chhatisgarh|https://air.pc.cdn.bitgravity.com/air/live/pbaudio086/playlist.m3u8
t_radio|Air|Akashvani Bilaspur|https://cdn.jsdelivr.net/gh/kamleshwebnet/app_ar@main/icons_radio/akashvani-bilaspur.webp|Chhatisgarh|https://radio.wavespb.com/live/10dd6162d75fb6a4/10dd6162d75fb6a4.m3u8
t_radio|Air|Akashvani Jagdalpur|https://cdn.jsdelivr.net/gh/kamleshwebnet/app_ar@main/icons_radio/akashvani-jagdalpur.webp|Chhatisgarh|https://air.pc.cdn.bitgravity.com/air/live/pbaudio201/playlist.m3u8
t_radio|Air|Akashvani Raigarh|https://cdn.jsdelivr.net/gh/kamleshwebnet/app_ar@main/icons_radio/akashvani-raigarh.webp|Chhatisgarh|https://air.pc.cdn.bitgravity.com/air/live/pbaudio196/playlist.m3u8
t_radio|Air|VBS Raipur|https://cdn.jsdelivr.net/gh/kamleshwebnet/app_ar@main/icons_radio/vbs-raipur.webp|Chhatisgarh|https://air.pc.cdn.bitgravity.com/air/live/pbaudio279/playlist.m3u8
t_radio|Air|Akashvani Saraipali|https://cdn.jsdelivr.net/gh/kamleshwebnet/app_ar@main/icons_radio/akashvani-saraipali.webp|Chhatisgarh|https://radio.wavespb.com/live/5ed52a2deec8534e/5ed52a2deec8534e.m3u8
t_radio|Air|Akashvani Daman|https://cdn.jsdelivr.net/gh/kamleshwebnet/app_ar@main/icons_radio/akashvani-daman.webp|Daman And Diu|https://radio.wavespb.com/live/c124a58382e75a46/c124a58382e75a46.m3u8
t_radio|Air|Akashvani Aaradhana|https://cdn.jsdelivr.net/gh/kamleshwebnet/app_ar@main/icons_radio/akashvani-aaradhana.webp|Delhi|https://airhlspush.pc.cdn.bitgravity.com/httppush/hlspbaudio003/hlspbaudio003_Auto.m3u8
t_radio|Air|FM Gold Delhi|https://cdn.jsdelivr.net/gh/kamleshwebnet/app_ar@main/icons_radio/fm-gold-delhi.webp|Delhi|https://airhlspush.pc.cdn.bitgravity.com/httppush/hlspbaudio005/hlspbaudio005_Auto.m3u8
t_radio|Air|FM Rainbow Delhi|https://cdn.jsdelivr.net/gh/kamleshwebnet/app_ar@main/icons_radio/fm-rainbow-delhi.webp|Delhi|https://airhlspush.pc.cdn.bitgravity.com/httppush/hlspbaudio004/hlspbaudio004_Auto.m3u8
t_radio|Air|Akashvani Delhi Indraprastha|https://cdn.jsdelivr.net/gh/kamleshwebnet/app_ar@main/icons_radio/akashvani-delhi-indraprastha.webp|Delhi|https://airhlspush.pc.cdn.bitgravity.com/httppush/hlspbaudio006/hlspbaudio006_Auto.m3u8
t_radio|Air|VBS Delhi|https://cdn.jsdelivr.net/gh/kamleshwebnet/app_ar@main/icons_radio/vbs-delhi.webp|Delhi|https://airhlspush.pc.cdn.bitgravity.com/httppush/hlspbaudio238/hlspbaudio238_Auto.m3u8
t_radio|Air|Akashvani Mahadei Panaji|https://cdn.jsdelivr.net/gh/kamleshwebnet/app_ar@main/icons_radio/akashvani-mahadei-panaji.webp|Goa|https://air.pc.cdn.bitgravity.com/air/live/pbaudio049/playlist.m3u8
t_radio|Air|VBS Panaji|https://cdn.jsdelivr.net/gh/kamleshwebnet/app_ar@main/icons_radio/vbs-panaji.webp|Goa|https://air.pc.cdn.bitgravity.com/air/live/pbaudio280/playlist.m3u8
t_radio|Air|FM Rainbow Goa|https://cdn.jsdelivr.net/gh/kamleshwebnet/app_ar@main/icons_radio/fm-rainbow-goa.webp|Goa|https://radio.wavespb.com/live/39dd51a3e97b19b1/39dd51a3e97b19b1.m3u8
t_radio|Air|Akashvani Gujarati|https://cdn.jsdelivr.net/gh/kamleshwebnet/app_ar@main/icons_radio/akashvani-gujarati.webp|Gujarat|https://radio.wavespb.com/live/8a1bb2ca9d2a6741/8a1bb2ca9d2a6741.m3u8
t_radio|Air|VBS Ahmedabad|https://cdn.jsdelivr.net/gh/kamleshwebnet/app_ar@main/icons_radio/vbs-ahmedabad.webp|Gujarat|https://radio.wavespb.com/live/983903b6acb669f3/983903b6acb669f3.m3u8
t_radio|Air|Akashvani Ahwa|https://cdn.jsdelivr.net/gh/kamleshwebnet/app_ar@main/icons_radio/akashvani-ahwa.webp|Gujarat|https://radio.wavespb.com/live/0b169b8c30f2f151/0b169b8c30f2f151.m3u8
t_radio|Air|Akashvani Bhuj|https://cdn.jsdelivr.net/gh/kamleshwebnet/app_ar@main/icons_radio/akashvani-bhuj.webp|Gujarat|https://air.pc.cdn.bitgravity.com/air/live/pbaudio195/playlist.m3u8
t_radio|Air|Akashvani Godhra|https://cdn.jsdelivr.net/gh/kamleshwebnet/app_ar@main/icons_radio/akashvani-godhra.webp|Gujarat|https://radio.wavespb.com/live/3fa69e2c950b70e8/3fa69e2c950b70e8.m3u8
t_radio|Air|Akashvani Himmatnagar|https://cdn.jsdelivr.net/gh/kamleshwebnet/app_ar@main/icons_radio/akashvani-himmatnagar.webp|Gujarat|https://radio.wavespb.com/live/76ca5a0d02d6ba94/76ca5a0d02d6ba94.m3u8
t_radio|Air|Akashvani Rajkot|https://cdn.jsdelivr.net/gh/kamleshwebnet/app_ar@main/icons_radio/akashvani-rajkot.webp|Gujarat|https://air.pc.cdn.bitgravity.com/air/live/pbaudio155/playlist.m3u8
t_radio|Air|VBS Rajkot|https://cdn.jsdelivr.net/gh/kamleshwebnet/app_ar@main/icons_radio/vbs-rajkot.webp|Gujarat|https://air.pc.cdn.bitgravity.com/air/live/pbaudio156/playlist.m3u8
t_radio|Air|Akashvani Surat|https://cdn.jsdelivr.net/gh/kamleshwebnet/app_ar@main/icons_radio/akashvani-surat.webp|Gujarat|https://radio.wavespb.com/live/fc6ce69c53a3d739/fc6ce69c53a3d739.m3u8
t_radio|Air|Akashvani Vadodara|https://cdn.jsdelivr.net/gh/kamleshwebnet/app_ar@main/icons_radio/akashvani-vadodara.webp|Gujarat|https://radio.wavespb.com/live/e1c63b2c2b58921f/e1c63b2c2b58921f.m3u8
t_radio|Air|Akashvani Hisar|https://cdn.jsdelivr.net/gh/kamleshwebnet/app_ar@main/icons_radio/akashvani-hisar.webp|Haryana|https://radio.wavespb.com/live/d3f37eacc0dc6495/d3f37eacc0dc6495.m3u8
t_radio|Air|Akashvani Kurukshetra|https://cdn.jsdelivr.net/gh/kamleshwebnet/app_ar@main/icons_radio/akashvani-kurukshetra.webp|Haryana|https://radio.wavespb.com/live/f71ea3f12ae3111c/f71ea3f12ae3111c.m3u8
t_radio|Air|Akashvani Rohtak|https://cdn.jsdelivr.net/gh/kamleshwebnet/app_ar@main/icons_radio/akashvani-rohtak.webp|Haryana|https://radio.wavespb.com/live/d617676f1e7ac0a1/d617676f1e7ac0a1.m3u8
t_radio|Air|Akashvani Dharamshala|https://cdn.jsdelivr.net/gh/kamleshwebnet/app_ar@main/icons_radio/akashvani-dharamshala.webp|Himachal Pradesh|https://radio.wavespb.com/live/c3ae5f110a14d3ba/c3ae5f110a14d3ba.m3u8
t_radio|Air|Akashvani Hamirpur FM|https://cdn.jsdelivr.net/gh/kamleshwebnet/app_ar@main/icons_radio/akashvani-hamirpur-fm.webp|Himachal Pradesh|https://radio.wavespb.com/live/51244bb8a94ec8ec/51244bb8a94ec8ec.m3u8
t_radio|Air|Akashvani Shimla|https://cdn.jsdelivr.net/gh/kamleshwebnet/app_ar@main/icons_radio/akashvani-shimla.webp|Himachal Pradesh|https://radio.wavespb.com/live/0b6f48bb61b49957/0b6f48bb61b49957.m3u8
t_radio|Air|Akashvani Shimla FM|https://cdn.jsdelivr.net/gh/kamleshwebnet/app_ar@main/icons_radio/akashvani-shimla-fm.webp|Himachal Pradesh|https://radio.wavespb.com/live/66f234a8585d2fe0/66f234a8585d2fe0.m3u8
t_radio|Air|Akashvani Bhaderwah|https://cdn.jsdelivr.net/gh/kamleshwebnet/app_ar@main/icons_radio/akashvani-bhaderwah.webp|Jammu and Kashmir|https://radio.wavespb.com/live/92100ec0c2058b1a/92100ec0c2058b1a.m3u8
t_radio|Air|Akashvani Jammu|https://cdn.jsdelivr.net/gh/kamleshwebnet/app_ar@main/icons_radio/akashvani-jammu.webp|Jammu and Kashmir|https://radio.wavespb.com/live/42c7dca503e95fec/42c7dca503e95fec.m3u8
t_radio|Air|Akashvani Kathua|https://cdn.jsdelivr.net/gh/kamleshwebnet/app_ar@main/icons_radio/akashvani-kathua.webp|Jammu and Kashmir|https://radio.wavespb.com/live/b4173082e8f5e716/b4173082e8f5e716.m3u8
t_radio|Air|Akashvani Srinagar|https://cdn.jsdelivr.net/gh/kamleshwebnet/app_ar@main/icons_radio/akashvani-srinagar.webp|Jammu and Kashmir|https://radio.wavespb.com/live/01e2be674a0543a6/01e2be674a0543a6.m3u8
t_radio|Air|Akashvani Poonch|https://cdn.jsdelivr.net/gh/kamleshwebnet/app_ar@main/icons_radio/akashvani-poonch.webp|Jammu and Kashmir|https://radio.wavespb.com/live/a52d55fcbee4f4db/a52d55fcbee4f4db.m3u8
t_radio|Air|Akashvani Chaibasa|https://cdn.jsdelivr.net/gh/kamleshwebnet/app_ar@main/icons_radio/akashvani-chaibasa.webp|Jharkhand|https://radio.wavespb.com/live/4b077b809c20f314/4b077b809c20f314.m3u8
t_radio|Air|Akashvani Daltonganj|https://cdn.jsdelivr.net/gh/kamleshwebnet/app_ar@main/icons_radio/akashvani-daltonganj.webp|Jharkhand|https://radio.wavespb.com/live/d94a676236c31713/d94a676236c31713.m3u8
t_radio|Air|Akashvani Hazaribagh|https://cdn.jsdelivr.net/gh/kamleshwebnet/app_ar@main/icons_radio/akashvani-hazaribagh.webp|Jharkhand|https://radio.wavespb.com/live/db054b48293b8eb4/db054b48293b8eb4.m3u8
t_radio|Air|Akashvani Jamshedpur|https://cdn.jsdelivr.net/gh/kamleshwebnet/app_ar@main/icons_radio/akashvani-jamshedpur.webp|Jharkhand|https://radio.wavespb.com/live/c27e3dffec59b473/c27e3dffec59b473.m3u8
t_radio|Air|VBS Jamshedpur|https://cdn.jsdelivr.net/gh/kamleshwebnet/app_ar@main/icons_radio/vbs-jamshedpur.webp|Jharkhand|https://radio.wavespb.com/live/ce9c6a3206b624a7/ce9c6a3206b624a7.m3u8
t_radio|Air|Akashvani Ranchi|https://cdn.jsdelivr.net/gh/kamleshwebnet/app_ar@main/icons_radio/akashvani-ranchi.webp|Jharkhand|https://radio.wavespb.com/live/66b77f1dfee894bc/66b77f1dfee894bc.m3u8
t_radio|Air|FM Rainbow Ranchi|https://cdn.jsdelivr.net/gh/kamleshwebnet/app_ar@main/icons_radio/fm-rainbow-ranchi.webp|Jharkhand|https://radio.wavespb.com/live/af6f533f997d4ae1/af6f533f997d4ae1.m3u8
t_radio|Air|VBS Ranchi|https://cdn.jsdelivr.net/gh/kamleshwebnet/app_ar@main/icons_radio/vbs-ranchi.webp|Jharkhand|https://radio.wavespb.com/live/d839e1ea3f3fd644/d839e1ea3f3fd644.m3u8
t_radio|Air|Akashvani Bellari|https://cdn.jsdelivr.net/gh/kamleshwebnet/app_ar@main/icons_radio/akashvani-bellari.webp|Karnataka|https://radio.wavespb.com/live/5a457983e1e7e12f/5a457983e1e7e12f.m3u8
t_radio|Air|Akashvani Karnataka|https://cdn.jsdelivr.net/gh/kamleshwebnet/app_ar@main/icons_radio/akashvani-karnataka.webp|Karnataka|https://airhlspush.pc.cdn.bitgravity.com/httppush/hlspbaudio030/hlspbaudio030_Auto.m3u8
t_radio|Air|Amrutvarshini|https://cdn.jsdelivr.net/gh/kamleshwebnet/app_ar@main/icons_radio/amrutvarshini.webp|Karnataka|https://airhlspush.pc.cdn.bitgravity.com/httppush/hlspbaudio028/hlspbaudio028_Auto.m3u8
t_radio|Air|Rainbow Kannada Kaamanbilu|https://cdn.jsdelivr.net/gh/kamleshwebnet/app_ar@main/icons_radio/rainbow-kannada-kaamanbilu.webp|Karnataka|https://airhlspush.pc.cdn.bitgravity.com/httppush/hlspbaudio027/hlspbaudio027_Auto.m3u8
t_radio|Air|VB Kannada|https://cdn.jsdelivr.net/gh/kamleshwebnet/app_ar@main/icons_radio/vb-kannada.webp|Karnataka|https://airhlspush.pc.cdn.bitgravity.com/httppush/hlspbaudio026/hlspbaudio026_Auto.m3u8
t_radio|Air|Akashvani Bhadravati|https://cdn.jsdelivr.net/gh/kamleshwebnet/app_ar@main/icons_radio/akashvani-bhadravati.webp|Karnataka|https://radio.wavespb.com/live/ad5b1f0e1fd2e000/ad5b1f0e1fd2e000.m3u8
t_radio|Air|Akashvani Bijapur|https://cdn.jsdelivr.net/gh/kamleshwebnet/app_ar@main/icons_radio/akashvani-bijapur.webp|Karnataka|https://radio.wavespb.com/live/8a8894314ac7be31/8a8894314ac7be31.m3u8
t_radio|Air|Akashvani Chitradurga|https://cdn.jsdelivr.net/gh/kamleshwebnet/app_ar@main/icons_radio/akashvani-chitradurga.webp|Karnataka|https://radio.wavespb.com/live/c0b739e6443d99be/c0b739e6443d99be.m3u8
t_radio|Air|Akashvani Dharwad|https://cdn.jsdelivr.net/gh/kamleshwebnet/app_ar@main/icons_radio/akashvani-dharwad.webp|Karnataka|https://radio.wavespb.com/live/449dcf0b33491e65/449dcf0b33491e65.m3u8
t_radio|Air|Akashvani Kalaburgi (Gulbarga)|https://cdn.jsdelivr.net/gh/kamleshwebnet/app_ar@main/icons_radio/akashvani-kalaburgi-gulbarga.webp|Karnataka|https://radio.wavespb.com/live/9b085f63b2c25275/9b085f63b2c25275.m3u8
t_radio|Air|Akashvani Hassan|https://cdn.jsdelivr.net/gh/kamleshwebnet/app_ar@main/icons_radio/akashvani-hassan.webp|Karnataka|https://radio.wavespb.com/live/9b1044084099f01c/9b1044084099f01c.m3u8
t_radio|Air|Akashvani Hospet|https://cdn.jsdelivr.net/gh/kamleshwebnet/app_ar@main/icons_radio/akashvani-hospet.webp|Karnataka|https://radio.wavespb.com/live/113d144f4ecf1dd5/113d144f4ecf1dd5.m3u8
t_radio|Air|Akashvani Karwar|https://cdn.jsdelivr.net/gh/kamleshwebnet/app_ar@main/icons_radio/akashvani-karwar.webp|Karnataka|https://radio.wavespb.com/live/723ab703b250900f/723ab703b250900f.m3u8
t_radio|Air|Akashvani Mysuru|https://cdn.jsdelivr.net/gh/kamleshwebnet/app_ar@main/icons_radio/akashvani-mysuru.webp|Karnataka|https://radio.wavespb.com/live/9d18e57ddfb1d4b4/9d18e57ddfb1d4b4.m3u8
t_radio|Air|Akashvani Mangalore|https://cdn.jsdelivr.net/gh/kamleshwebnet/app_ar@main/icons_radio/akashvani-mangalore.webp|Karnataka|https://radio.wavespb.com/live/3c522579906d4dcb/3c522579906d4dcb.m3u8
t_radio|Air|Akashvani Madikeri|https://cdn.jsdelivr.net/gh/kamleshwebnet/app_ar@main/icons_radio/akashvani-madikeri.webp|Karnataka|https://radio.wavespb.com/live/5f58506ab7d090ec/5f58506ab7d090ec.m3u8
t_radio|Air|Akashvani Raichur|https://cdn.jsdelivr.net/gh/kamleshwebnet/app_ar@main/icons_radio/akashvani-raichur.webp|Karnataka|https://radio.wavespb.com/live/e39bab8a1a843e9e/e39bab8a1a843e9e.m3u8
t_radio|Air|Akashvani Kerala|https://cdn.jsdelivr.net/gh/kamleshwebnet/app_ar@main/icons_radio/akashvani-kerala.webp|Kerala|https://radio.wavespb.com/live/6ff13de7ea9b53d7/6ff13de7ea9b53d7.m3u8
t_radio|Air|Akashvani Devikulam|https://cdn.jsdelivr.net/gh/kamleshwebnet/app_ar@main/icons_radio/akashvani-devikulam.webp|Kerala|https://radio.wavespb.com/live/e97acc829da9bf2a/e97acc829da9bf2a.m3u8
t_radio|Air|Akashvani Kannur|https://cdn.jsdelivr.net/gh/kamleshwebnet/app_ar@main/icons_radio/akashvani-kannur.webp|Kerala|https://radio.wavespb.com/live/b82c91a395fc4a7d/b82c91a395fc4a7d.m3u8
t_radio|Air|FM Rainbow Kochi|https://cdn.jsdelivr.net/gh/kamleshwebnet/app_ar@main/icons_radio/fm-rainbow-kochi.webp|Kerala|https://radio.wavespb.com/live/7df6f2a8c3c4d33b/7df6f2a8c3c4d33b.m3u8
t_radio|Air|Akashvani Kochi|https://cdn.jsdelivr.net/gh/kamleshwebnet/app_ar@main/icons_radio/akashvani-kochi.webp|Kerala|https://radio.wavespb.com/live/70400e7510e87cdf/70400e7510e87cdf.m3u8
t_radio|Air|Akashvani Calicut|https://cdn.jsdelivr.net/gh/kamleshwebnet/app_ar@main/icons_radio/akashvani-calicut.webp|Kerala|https://radio.wavespb.com/live/8321393de70015fc/8321393de70015fc.m3u8
t_radio|Air|Akashvani Kozhikode Real FM|https://cdn.jsdelivr.net/gh/kamleshwebnet/app_ar@main/icons_radio/akashvani-kozhikode-real-fm.webp|Kerala|https://radio.wavespb.com/live/b69c296065db7627/b69c296065db7627.m3u8
t_radio|Air|Akashvani Manjeri|https://cdn.jsdelivr.net/gh/kamleshwebnet/app_ar@main/icons_radio/akashvani-manjeri.webp|Kerala|https://radio.wavespb.com/live/58390a2ed33cea4a/58390a2ed33cea4a.m3u8
t_radio|Air|Akashvani Trissur|https://cdn.jsdelivr.net/gh/kamleshwebnet/app_ar@main/icons_radio/akashvani-trissur.webp|Kerala|https://radio.wavespb.com/live/f70fdeca437dc326/f70fdeca437dc326.m3u8
t_radio|Air|VB Malyalam|https://cdn.jsdelivr.net/gh/kamleshwebnet/app_ar@main/icons_radio/vb-malayalam.webp|Kerala|https://radio.wavespb.com/live/ad3a8436a329e2d6/ad3a8436a329e2d6.m3u8
t_radio|Air|Akashvani Kargil|https://cdn.jsdelivr.net/gh/kamleshwebnet/app_ar@main/icons_radio/akashvani-kargil.webp|Ladakh|https://radio.wavespb.com/live/283b994f330d1e21/283b994f330d1e21.m3u8
t_radio|Air|Akashvani Leh|https://cdn.jsdelivr.net/gh/kamleshwebnet/app_ar@main/icons_radio/akashvani-leh.webp|Ladakh|https://radio.wavespb.com/live/f0dd9a4b04d3df3f/f0dd9a4b04d3df3f.m3u8
t_radio|Air|Akashvani Kavaratti|https://cdn.jsdelivr.net/gh/kamleshwebnet/app_ar@main/icons_radio/akashvani-kavaratti.webp|Lakshadweep|https://radio.wavespb.com/live/ffb3825f86c4b9e3/ffb3825f86c4b9e3.m3u8
t_radio|Air|Akashvani Balaghat|https://cdn.jsdelivr.net/gh/kamleshwebnet/app_ar@main/icons_radio/akashvani-balaghat.webp|Madhya Pradesh|https://radio.wavespb.com/live/971411cf78525ddb/971411cf78525ddb.m3u8
t_radio|Air|Akashvani Betul|https://cdn.jsdelivr.net/gh/kamleshwebnet/app_ar@main/icons_radio/akashvani-betul.webp|Madhya Pradesh|https://air.pc.cdn.bitgravity.com/air/live/pbaudio108/playlist.m3u8
t_radio|Air|Akashvani Bhopal|https://cdn.jsdelivr.net/gh/kamleshwebnet/app_ar@main/icons_radio/akashvani-bhopal.webp|Madhya Pradesh|https://air.pc.cdn.bitgravity.com/air/live/pbaudio146/playlist.m3u8
t_radio|Air|VBS Bhopal|https://cdn.jsdelivr.net/gh/kamleshwebnet/app_ar@main/icons_radio/vbs-bhopal.webp|Madhya Pradesh|https://air.pc.cdn.bitgravity.com/air/live/pbaudio248/playlist.m3u8
t_radio|Air|Akashvani Chhatarpur|https://cdn.jsdelivr.net/gh/kamleshwebnet/app_ar@main/icons_radio/akashvani-chhatarpur.webp|Madhya Pradesh|https://air.pc.cdn.bitgravity.com/air/live/pbaudio104/playlist.m3u8
t_radio|Air|Akashvani Chhindwara|https://cdn.jsdelivr.net/gh/kamleshwebnet/app_ar@main/icons_radio/akashvani-chhindwara.webp|Madhya Pradesh|https://radio.wavespb.com/live/cd036f6c29b7c386/cd036f6c29b7c386.m3u8
t_radio|Air|Akashvani Guna|https://cdn.jsdelivr.net/gh/kamleshwebnet/app_ar@main/icons_radio/akashvani-guna.webp|Madhya Pradesh|https://radio.wavespb.com/live/e1d62b96207fe4b7/e1d62b96207fe4b7.m3u8
t_radio|Air|Akashvani Gwalior|https://cdn.jsdelivr.net/gh/kamleshwebnet/app_ar@main/icons_radio/akashvani-gwalior.webp|Madhya Pradesh|https://radio.wavespb.com/live/4934ba16034cf481/4934ba16034cf481.m3u8
t_radio|Air|Akashvani Indore|https://cdn.jsdelivr.net/gh/kamleshwebnet/app_ar@main/icons_radio/akashvani-indore.webp|Madhya Pradesh|https://air.pc.cdn.bitgravity.com/air/live/pbaudio212/playlist.m3u8
t_radio|Air|VBS Indore|https://cdn.jsdelivr.net/gh/kamleshwebnet/app_ar@main/icons_radio/vbs-indore.webp|Madhya Pradesh|https://air.pc.cdn.bitgravity.com/air/live/pbaudio241/playlist.m3u8
t_radio|Air|Akashvani Jabalpur|https://cdn.jsdelivr.net/gh/kamleshwebnet/app_ar@main/icons_radio/akashvani-jabalpur.webp|Madhya Pradesh|https://air.pc.cdn.bitgravity.com/air/live/pbaudio167/playlist.m3u8
t_radio|Air|Akashvani Jabalpur FM|https://cdn.jsdelivr.net/gh/kamleshwebnet/app_ar@main/icons_radio/akashvani-jabalpur-fm.webp|Madhya Pradesh|https://air.pc.cdn.bitgravity.com/air/live/pbaudio240/playlist.m3u8
t_radio|Air|Akashvani Khandwa|https://cdn.jsdelivr.net/gh/kamleshwebnet/app_ar@main/icons_radio/akashvani-khandwa.webp|Madhya Pradesh|https://radio.wavespb.com/live/76260628792d0528/76260628792d0528.m3u8
t_radio|Air|Akashvani Rewa|https://cdn.jsdelivr.net/gh/kamleshwebnet/app_ar@main/icons_radio/akashvani-rewa.webp|Madhya Pradesh|https://air.pc.cdn.bitgravity.com/air/live/pbaudio225/playlist.m3u8
t_radio|Air|Akashvani Sagar|https://cdn.jsdelivr.net/gh/kamleshwebnet/app_ar@main/icons_radio/akashvani-sagar.webp|Madhya Pradesh|https://radio.wavespb.com/live/b60eae3df5a29197/b60eae3df5a29197.m3u8
t_radio|Air|Akashvani Shahdol|https://cdn.jsdelivr.net/gh/kamleshwebnet/app_ar@main/icons_radio/akashvani-shahdol.webp|Madhya Pradesh|https://radio.wavespb.com/live/0f046e291da2017b/0f046e291da2017b.m3u8
t_radio|Air|Akashvani Shivpuri|https://cdn.jsdelivr.net/gh/kamleshwebnet/app_ar@main/icons_radio/akashvani-shivpuri.webp|Madhya Pradesh|https://radio.wavespb.com/live/db8c03f2dcb2e896/db8c03f2dcb2e896.m3u8
t_radio|Air|Akashvani Ujjain|https://cdn.jsdelivr.net/gh/kamleshwebnet/app_ar@main/icons_radio/akashvani-ujjain.webp|Madhya Pradesh|https://air.pc.cdn.bitgravity.com/air/live/pbaudio233/playlist.m3u8
t_radio|Air|Akasvani Marathi Mumbai Ashmita|https://cdn.jsdelivr.net/gh/kamleshwebnet/app_ar@main/icons_radio/akasvani-marathi-mumbai-ashmita.webp|Maharashtra|https://airhlspush.pc.cdn.bitgravity.com/httppush/hlspbaudio010/hlspbaudio010_Auto.m3u8
t_radio|Air|Akashvani Ahilyanagar|https://cdn.jsdelivr.net/gh/kamleshwebnet/app_ar@main/icons_radio/akashvani-ahilyanagar.webp|Maharashtra|https://radio.wavespb.com/live/e52945b98fa63678/e52945b98fa63678.m3u8
t_radio|Air|Akashvani Akola|https://cdn.jsdelivr.net/gh/kamleshwebnet/app_ar@main/icons_radio/akashvani-akola.webp|Maharashtra|https://radio.wavespb.com/live/5dd27f81c839f0f5/5dd27f81c839f0f5.m3u8
t_radio|Air|Akashvani Amravati|https://cdn.jsdelivr.net/gh/kamleshwebnet/app_ar@main/icons_radio/akashvani-amravati.webp|Maharashtra|https://radio.wavespb.com/live/662185c15bea296f/662185c15bea296f.m3u8
t_radio|Air|Akashvani Chhatrapati Sambhaji Nagar|https://cdn.jsdelivr.net/gh/kamleshwebnet/app_ar@main/icons_radio/akashvani-chhatrapati-sambhaji-nagar.webp|Maharashtra|https://air.pc.cdn.bitgravity.com/air/live/pbaudio065/playlist.m3u8
t_radio|Air|Akashvani Beed|https://cdn.jsdelivr.net/gh/kamleshwebnet/app_ar@main/icons_radio/akashvani-beed.webp|Maharashtra|https://radio.wavespb.com/live/3f62bdf39635ed61/3f62bdf39635ed61.m3u8
t_radio|Air|Akashvani Chandrapur|https://cdn.jsdelivr.net/gh/kamleshwebnet/app_ar@main/icons_radio/akashvani-chandrapur.webp|Maharashtra|https://radio.wavespb.com/live/8469b942291df38f/8469b942291df38f.m3u8
t_radio|Air|Akashvani Dhule|https://cdn.jsdelivr.net/gh/kamleshwebnet/app_ar@main/icons_radio/akashvani-dhule.webp|Maharashtra|https://radio.wavespb.com/live/c0040b54233d76a1/c0040b54233d76a1.m3u8
t_radio|Air|Akashvani Jalgaon|https://cdn.jsdelivr.net/gh/kamleshwebnet/app_ar@main/icons_radio/akashvani-jalgaon.webp|Maharashtra|https://radio.wavespb.com/live/bd41e24a31710397/bd41e24a31710397.m3u8
t_radio|Air|Akashvani Kolhapur|https://cdn.jsdelivr.net/gh/kamleshwebnet/app_ar@main/icons_radio/akashvani-kolhapur.webp|Maharashtra|https://air.pc.cdn.bitgravity.com/air/live/pbaudio063/playlist.m3u8
t_radio|Air|FM Gold Mumbai|https://cdn.jsdelivr.net/gh/kamleshwebnet/app_ar@main/icons_radio/fm-gold-mumbai.webp|Maharashtra|https://airhlspush.pc.cdn.bitgravity.com/httppush/hlspbaudio007/hlspbaudio007_Auto.m3u8
t_radio|Air|FM Rainbow Mumbai|https://cdn.jsdelivr.net/gh/kamleshwebnet/app_ar@main/icons_radio/fm-rainbow-mumbai.webp|Maharashtra|https://airhlspush.pc.cdn.bitgravity.com/httppush/hlspbaudio008/hlspbaudio008_Auto.m3u8
t_radio|Air|Samvadita Mumbai|https://cdn.jsdelivr.net/gh/kamleshwebnet/app_ar@main/icons_radio/samvadita-mumbai.webp|Maharashtra|https://airhlspush.pc.cdn.bitgravity.com/httppush/hlspbaudio009/hlspbaudio009_Auto.m3u8
t_radio|Air|VBS Mumbai|https://cdn.jsdelivr.net/gh/kamleshwebnet/app_ar@main/icons_radio/vbs-mumbai.webp|Maharashtra|https://airhlspush.pc.cdn.bitgravity.com/httppush/hlspbaudio011/hlspbaudio011_Auto.m3u8
t_radio|Air|VBS Nagpur|https://cdn.jsdelivr.net/gh/kamleshwebnet/app_ar@main/icons_radio/vbs-nagpur.webp|Maharashtra|https://radio.wavespb.com/live/019f90c3d79daeb9/019f90c3d79daeb9.m3u8
t_radio|Air|Akashvani Nagpur|https://cdn.jsdelivr.net/gh/kamleshwebnet/app_ar@main/icons_radio/akashvani-nagpur.webp|Maharashtra|https://radio.wavespb.com/live/84ad8273437552d7/84ad8273437552d7.m3u8
t_radio|Air|Akashvani Nanded|https://cdn.jsdelivr.net/gh/kamleshwebnet/app_ar@main/icons_radio/akashvani-nanded.webp|Maharashtra|https://radio.wavespb.com/live/111df0bc650820de/111df0bc650820de.m3u8
t_radio|Air|Akashvani Nasik|https://cdn.jsdelivr.net/gh/kamleshwebnet/app_ar@main/icons_radio/akashvani-nasik.webp|Maharashtra|https://radio.wavespb.com/live/810a1db2ef684745/810a1db2ef684745.m3u8
t_radio|Air|Akashvani Dharashiv|https://cdn.jsdelivr.net/gh/kamleshwebnet/app_ar@main/icons_radio/akashvani-dharashiv.webp|Maharashtra|https://air.pc.cdn.bitgravity.com/air/live/pbaudio132/playlist.m3u8
t_radio|Air|Akashvani Parbhani|https://cdn.jsdelivr.net/gh/kamleshwebnet/app_ar@main/icons_radio/akashvani-parbhani.webp|Maharashtra|https://radio.wavespb.com/live/825fdd17744384f5/825fdd17744384f5.m3u8
t_radio|Air|Akashvani Pune|https://cdn.jsdelivr.net/gh/kamleshwebnet/app_ar@main/icons_radio/akashvani-pune.webp|Maharashtra|https://radio.wavespb.com/live/39d650ca0476a1fe/39d650ca0476a1fe.m3u8
t_radio|Air|Akashvani Pune FM|https://cdn.jsdelivr.net/gh/kamleshwebnet/app_ar@main/icons_radio/akashvani-pune-fm.webp|Maharashtra|https://air.pc.cdn.bitgravity.com/air/live/pbaudio013/playlist.m3u8
t_radio|Air|Akashvani Ratnagiri|https://cdn.jsdelivr.net/gh/kamleshwebnet/app_ar@main/icons_radio/akashvani-ratnagiri.webp|Maharashtra|https://radio.wavespb.com/live/615b82703c7e8a4c/615b82703c7e8a4c.m3u8
t_radio|Air|Akashvani Sindhudurg|https://cdn.jsdelivr.net/gh/kamleshwebnet/app_ar@main/icons_radio/akashvani-sindhudurg.webp|Maharashtra|https://radio.wavespb.com/live/77aa8f10f47897a3/77aa8f10f47897a3.m3u8
t_radio|Air|Akashvani Sangli|https://cdn.jsdelivr.net/gh/kamleshwebnet/app_ar@main/icons_radio/akashvani-sangli.webp|Maharashtra|https://air.pc.cdn.bitgravity.com/air/live/pbaudio106/playlist.m3u8
t_radio|Air|Akashvani Satara|https://cdn.jsdelivr.net/gh/kamleshwebnet/app_ar@main/icons_radio/akashvani-satara.webp|Maharashtra|https://radio.wavespb.com/live/6878cc031c86befd/6878cc031c86befd.m3u8
t_radio|Air|Akashvani Solapur|https://cdn.jsdelivr.net/gh/kamleshwebnet/app_ar@main/icons_radio/akashvani-solapur.webp|Maharashtra|https://radio.wavespb.com/live/2792d5e06dbdc800/2792d5e06dbdc800.m3u8
t_radio|Air|Akashvani Yavatmal|https://cdn.jsdelivr.net/gh/kamleshwebnet/app_ar@main/icons_radio/akashvani-yavatmal.webp|Maharashtra|https://radio.wavespb.com/live/b8a30c8945577840/b8a30c8945577840.m3u8
t_radio|Air|Akashvani Churachandpur|https://cdn.jsdelivr.net/gh/kamleshwebnet/app_ar@main/icons_radio/akashvani-churachandpur.webp|Manipur|https://radio.wavespb.com/live/1b5f328e785c8cf2/1b5f328e785c8cf2.m3u8
t_radio|Air|Akashvani Imphal Kangla|https://cdn.jsdelivr.net/gh/kamleshwebnet/app_ar@main/icons_radio/akashvani-imphal-kangla.webp|Manipur|https://radio.wavespb.com/live/8fcf63e1a8d9016b/8fcf63e1a8d9016b.m3u8
t_radio|Air|Akashvani Imphal Sangai|https://cdn.jsdelivr.net/gh/kamleshwebnet/app_ar@main/icons_radio/akashvani-imphal-sangai.webp|Manipur|https://radio.wavespb.com/live/405d96a245accd64/405d96a245accd64.m3u8
t_radio|Air|Akashvani Jowai|https://cdn.jsdelivr.net/gh/kamleshwebnet/app_ar@main/icons_radio/akashvani-jowai.webp|Meghalaya|https://radio.wavespb.com/live/56465e7d42632ff1/56465e7d42632ff1.m3u8
t_radio|Air|Akashvani Shillong|https://cdn.jsdelivr.net/gh/kamleshwebnet/app_ar@main/icons_radio/akashvani-shillong.webp|Meghalaya|https://radio.wavespb.com/live/8d920d17847ba75e/8d920d17847ba75e.m3u8
t_radio|Air|FM Jongphi Shillong|https://cdn.jsdelivr.net/gh/kamleshwebnet/app_ar@main/icons_radio/fm-jongphi-shillong.webp|Meghalaya|https://radio.wavespb.com/live/989abf4a5fee9240/989abf4a5fee9240.m3u8
t_radio|Air|Akashvani North East Livestream|https://cdn.jsdelivr.net/gh/kamleshwebnet/app_ar@main/icons_radio/akashvani-north-east-livestream.webp|Meghalaya|https://radio.wavespb.com/live/0ce240322bab1873/0ce240322bab1873.m3u8
t_radio|Air|Akashvani Tura|https://cdn.jsdelivr.net/gh/kamleshwebnet/app_ar@main/icons_radio/akashvani-tura.webp|Meghalaya|https://radio.wavespb.com/live/a4c3a057df68d422/a4c3a057df68d422.m3u8
t_radio|Air|Akashvani Aizawl|https://cdn.jsdelivr.net/gh/kamleshwebnet/app_ar@main/icons_radio/akashvani-aizawl.webp|Mizoram|https://radio.wavespb.com/live/6893614bef61d497/6893614bef61d497.m3u8
t_radio|Air|FM Zowai Aizawl|https://cdn.jsdelivr.net/gh/kamleshwebnet/app_ar@main/icons_radio/fm-zowai-aizawl.webp|Mizoram|https://radio.wavespb.com/live/443b0a952fbbe057/443b0a952fbbe057.m3u8
t_radio|Air|Akashvani Lunglei|https://cdn.jsdelivr.net/gh/kamleshwebnet/app_ar@main/icons_radio/akashvani-lunglei.webp|Mizoram|https://radio.wavespb.com/live/3ab311dc7cdb60a1/3ab311dc7cdb60a1.m3u8
t_radio|Air|Akashvani Mokokchung|https://cdn.jsdelivr.net/gh/kamleshwebnet/app_ar@main/icons_radio/akashvani-mokokchung.webp|Nagaland|https://radio.wavespb.com/live/4bf7a85c38f41705/4bf7a85c38f41705.m3u8
t_radio|Air|Akashvani Kohima|https://cdn.jsdelivr.net/gh/kamleshwebnet/app_ar@main/icons_radio/akashvani-kohima.webp|Nagaland|https://radio.wavespb.com/live/f5861f9687811aae/f5861f9687811aae.m3u8
t_radio|Air|FM Tragopan Kohima|https://cdn.jsdelivr.net/gh/kamleshwebnet/app_ar@main/icons_radio/fm-tragopan-kohima.webp|Nagaland|https://radio.wavespb.com/live/fff99886b825e2ae/fff99886b825e2ae.m3u8
t_radio|Air|Live News 24x7|https://cdn.jsdelivr.net/gh/kamleshwebnet/app_ar@main/icons_radio/live-news-24x7.webp|National|https://airhlspush.pc.cdn.bitgravity.com/httppush/hlspbaudio002/hlspbaudio002_Auto.m3u8
t_radio|Air|Raagam|https://cdn.jsdelivr.net/gh/kamleshwebnet/app_ar@main/icons_radio/raagam.webp|National|https://airhlspush.pc.cdn.bitgravity.com/httppush/hlspbaudioragam/hlspbaudioragam_Auto.m3u8
t_radio|Air|Vividh Bharati|https://cdn.jsdelivr.net/gh/kamleshwebnet/app_ar@main/icons_radio/vividh-bharati.webp|National|https://radio.wavespb.com/live/146ed6ec6dea5a24/146ed6ec6dea5a24.m3u8
t_radio|Air|Akashvani Baripada|https://cdn.jsdelivr.net/gh/kamleshwebnet/app_ar@main/icons_radio/akashvani-baripada.webp|Odisha|https://radio.wavespb.com/live/9a5be453a1319cad/9a5be453a1319cad.m3u8
t_radio|Air|Akashvani Berhampur|https://cdn.jsdelivr.net/gh/kamleshwebnet/app_ar@main/icons_radio/akashvani-berhampur.webp|Odisha|https://radio.wavespb.com/live/9ff9e2581893d28d/9ff9e2581893d28d.m3u8
t_radio|Air|Akashvani Bhawanipatna|https://cdn.jsdelivr.net/gh/kamleshwebnet/app_ar@main/icons_radio/akashvani-bhawanipatna.webp|Odisha|https://radio.wavespb.com/live/01249e3a4e4625bf/01249e3a4e4625bf.m3u8
t_radio|Air|Akashvani Balangir|https://cdn.jsdelivr.net/gh/kamleshwebnet/app_ar@main/icons_radio/akashvani-balangir.webp|Odisha|https://radio.wavespb.com/live/6a8a1c15dc441c4e/6a8a1c15dc441c4e.m3u8
t_radio|Air|Akashvani Cuttack|https://cdn.jsdelivr.net/gh/kamleshwebnet/app_ar@main/icons_radio/akashvani-cuttack.webp|Odisha|https://radio.wavespb.com/live/fbcc67ea837b6ea7/fbcc67ea837b6ea7.m3u8
t_radio|Air|FM Rainbow Cuttack|https://cdn.jsdelivr.net/gh/kamleshwebnet/app_ar@main/icons_radio/fm-rainbow-cuttack.webp|Odisha|https://radio.wavespb.com/live/e0ad71c249a45867/e0ad71c249a45867.m3u8
t_radio|Air|VBS Cuttack|https://cdn.jsdelivr.net/gh/kamleshwebnet/app_ar@main/icons_radio/vbs-cuttack.webp|Odisha|https://radio.wavespb.com/live/cde7bdd265f54e70/cde7bdd265f54e70.m3u8
t_radio|Air|Akashvani Jeypore|https://cdn.jsdelivr.net/gh/kamleshwebnet/app_ar@main/icons_radio/akashvani-jeypore.webp|Odisha|https://air.pc.cdn.bitgravity.com/air/live/pbaudio112/playlist.m3u8
t_radio|Air|Akashvani Joranda|https://cdn.jsdelivr.net/gh/kamleshwebnet/app_ar@main/icons_radio/akashvani-joranda.webp|Odisha|https://radio.wavespb.com/live/3191cc8afa1d559b/3191cc8afa1d559b.m3u8
t_radio|Air|Akashvani Keonjhar|https://cdn.jsdelivr.net/gh/kamleshwebnet/app_ar@main/icons_radio/akashvani-keonjhar.webp|Odisha|https://radio.wavespb.com/live/e1afe27f9ccb5046/e1afe27f9ccb5046.m3u8
t_radio|Air|Akashvani Puri FM|https://cdn.jsdelivr.net/gh/kamleshwebnet/app_ar@main/icons_radio/akashvani-puri-fm.webp|Odisha|https://radio.wavespb.com/live/82893b35c7d1fa49/82893b35c7d1fa49.m3u8
t_radio|Air|Akashvani Rourkela|https://cdn.jsdelivr.net/gh/kamleshwebnet/app_ar@main/icons_radio/akashvani-rourkela.webp|Odisha|https://radio.wavespb.com/live/6f4b24b6ac501e88/6f4b24b6ac501e88.m3u8
t_radio|Air|Akashvani Sambalpur|https://cdn.jsdelivr.net/gh/kamleshwebnet/app_ar@main/icons_radio/akashvani-sambalpur.webp|Odisha|https://radio.wavespb.com/live/a6aee9a607d6b17a/a6aee9a607d6b17a.m3u8
t_radio|Air|Akashvani Karaikal|https://cdn.jsdelivr.net/gh/kamleshwebnet/app_ar@main/icons_radio/akashvani-karaikal.webp|Puducherry|https://radio.wavespb.com/live/51065e9e2f00e83e/51065e9e2f00e83e.m3u8
t_radio|Air|Akashvani Puducherry|https://cdn.jsdelivr.net/gh/kamleshwebnet/app_ar@main/icons_radio/akashvani-puducherry.webp|Puducherry|https://radio.wavespb.com/live/6b93ba50696fddcd/6b93ba50696fddcd.m3u8
t_radio|Air|FM Rainbow Puducherry|https://cdn.jsdelivr.net/gh/kamleshwebnet/app_ar@main/icons_radio/fm-rainbow-puducherry.webp|Puducherry|https://radio.wavespb.com/live/0e2a3509c6d25e11/0e2a3509c6d25e11.m3u8
t_radio|Air|Akashvani Punjabi|https://cdn.jsdelivr.net/gh/kamleshwebnet/app_ar@main/icons_radio/akashvani-punjabi.webp|Punjab|https://radio.wavespb.com/live/5adc4acbbdd1f6cf/5adc4acbbdd1f6cf.m3u8
t_radio|Air|Akashvani Bhatinda|https://cdn.jsdelivr.net/gh/kamleshwebnet/app_ar@main/icons_radio/akashvani-bhatinda.webp|Punjab|https://radio.wavespb.com/live/8651d3d0c2021750/8651d3d0c2021750.m3u8
t_radio|Air|FM Rainboww Jalandhar|https://cdn.jsdelivr.net/gh/kamleshwebnet/app_ar@main/icons_radio/fm-rainboww-jalandhar.webp|Punjab|https://radio.wavespb.com/live/027744169f5fad66/027744169f5fad66.m3u8
t_radio|Air|Akashvani Patiala|https://cdn.jsdelivr.net/gh/kamleshwebnet/app_ar@main/icons_radio/akashvani-patiala.webp|Punjab|https://radio.wavespb.com/live/8d1636496b33c77e/8d1636496b33c77e.m3u8
t_radio|Air|Akashvani Ludhiana|https://cdn.jsdelivr.net/gh/kamleshwebnet/app_ar@main/icons_radio/akashvani-ludhiana.webp|Punjab|https://radio.wavespb.com/live/1a7150879f9e362c/1a7150879f9e362c.m3u8
t_radio|Air|Akashvani Alwar|https://cdn.jsdelivr.net/gh/kamleshwebnet/app_ar@main/icons_radio/akashvani-alwar.webp|Rajasthan|https://radio.wavespb.com/live/67a9516c2ccd3fd5/67a9516c2ccd3fd5.m3u8
t_radio|Air|Akashvani Banswara|https://cdn.jsdelivr.net/gh/kamleshwebnet/app_ar@main/icons_radio/akashvani-banswara.webp|Rajasthan|https://radio.wavespb.com/live/775687c68323aecb/775687c68323aecb.m3u8
t_radio|Air|Akashvani Barmer|https://cdn.jsdelivr.net/gh/kamleshwebnet/app_ar@main/icons_radio/akashvani-barmer.webp|Rajasthan|https://radio.wavespb.com/live/a19c91113515497c/a19c91113515497c.m3u8
t_radio|Air|Akashvani Bikaner|https://cdn.jsdelivr.net/gh/kamleshwebnet/app_ar@main/icons_radio/akashvani-bikaner.webp|Rajasthan|https://radio.wavespb.com/live/e2588cb0ff825cd9/e2588cb0ff825cd9.m3u8
t_radio|Air|Akashvani Chittorgarh|https://cdn.jsdelivr.net/gh/kamleshwebnet/app_ar@main/icons_radio/akashvani-chittorgarh.webp|Rajasthan|https://radio.wavespb.com/live/227618c9892db107/227618c9892db107.m3u8
t_radio|Air|Akashvani Churu|https://cdn.jsdelivr.net/gh/kamleshwebnet/app_ar@main/icons_radio/akashvani-churu.webp|Rajasthan|https://radio.wavespb.com/live/c6506b14b519d47c/c6506b14b519d47c.m3u8
t_radio|Air|Akashvani Jaipur|https://cdn.jsdelivr.net/gh/kamleshwebnet/app_ar@main/icons_radio/akashvani-jaipur.webp|Rajasthan|https://radio.wavespb.com/live/ad081b4086797344/ad081b4086797344.m3u8
t_radio|Air|VBS Jaipur|https://cdn.jsdelivr.net/gh/kamleshwebnet/app_ar@main/icons_radio/vbs-jaipur.webp|Rajasthan|https://radio.wavespb.com/live/72d34573791c739b/72d34573791c739b.m3u8
t_radio|Air|Akashvani Jaisalmer|https://cdn.jsdelivr.net/gh/kamleshwebnet/app_ar@main/icons_radio/akashvani-jaisalmer.webp|Rajasthan|https://radio.wavespb.com/live/54f9c9d68de4282b/54f9c9d68de4282b.m3u8
t_radio|Air|Akashvani Jhalawar|https://cdn.jsdelivr.net/gh/kamleshwebnet/app_ar@main/icons_radio/akashvani-jhalawar.webp|Rajasthan|https://radio.wavespb.com/live/fdba5613a31b678b/fdba5613a31b678b.m3u8
t_radio|Air|Akashvani Jodhpur|https://cdn.jsdelivr.net/gh/kamleshwebnet/app_ar@main/icons_radio/akashvani-jodhpur.webp|Rajasthan|https://radio.wavespb.com/live/520ec0fb4a9139a7/520ec0fb4a9139a7.m3u8
t_radio|Air|Akashvani Jodhpur Sun City FM|https://cdn.jsdelivr.net/gh/kamleshwebnet/app_ar@main/icons_radio/akashvani-jodhpur-sun-city-fm.webp|Rajasthan|https://radio.wavespb.com/live/23ae73f45ccdd42d/23ae73f45ccdd42d.m3u8
t_radio|Air|Akashvani Kota|https://cdn.jsdelivr.net/gh/kamleshwebnet/app_ar@main/icons_radio/akashvani-kota.webp|Rajasthan|https://radio.wavespb.com/live/b5004d73a5aa6787/b5004d73a5aa6787.m3u8
t_radio|Air|Akashvani Mount Abu|https://cdn.jsdelivr.net/gh/kamleshwebnet/app_ar@main/icons_radio/akashvani-mount-abu.webp|Rajasthan|https://radio.wavespb.com/live/550cfb9bbee7b16d/550cfb9bbee7b16d.m3u8
t_radio|Air|Akashvani Nagaur|https://cdn.jsdelivr.net/gh/kamleshwebnet/app_ar@main/icons_radio/akashvani-nagaur.webp|Rajasthan|https://radio.wavespb.com/live/09cb9a0f39768901/09cb9a0f39768901.m3u8
t_radio|Air|Akashvani Sawai Madhopur|https://cdn.jsdelivr.net/gh/kamleshwebnet/app_ar@main/icons_radio/akashvani-sawai-madhopur.webp|Rajasthan|https://radio.wavespb.com/live/9f2c9cb132d3ae49/9f2c9cb132d3ae49.m3u8
t_radio|Air|Akashvani Suratgarh|https://cdn.jsdelivr.net/gh/kamleshwebnet/app_ar@main/icons_radio/akashvani-suratgarh.webp|Rajasthan|https://radio.wavespb.com/live/1c07d04e88eb31c8/1c07d04e88eb31c8.m3u8
t_radio|Air|Akashvani Udaipur|https://cdn.jsdelivr.net/gh/kamleshwebnet/app_ar@main/icons_radio/akashvani-udaipur.webp|Rajasthan|https://radio.wavespb.com/live/85190aca16096832/85190aca16096832.m3u8
t_radio|Air|Akashvani Udaipur FM Lake CIty|https://cdn.jsdelivr.net/gh/kamleshwebnet/app_ar@main/icons_radio/akashvani-udaipur-fm-lake-city.webp|Rajasthan|https://radio.wavespb.com/live/71d3cbef594e01a9/71d3cbef594e01a9.m3u8
t_radio|Air|Akashvani Gangtok|https://cdn.jsdelivr.net/gh/kamleshwebnet/app_ar@main/icons_radio/akashvani-gangtok.webp|Sikkim|https://radio.wavespb.com/live/a2fa73a479445b3d/a2fa73a479445b3d.m3u8
t_radio|Air|FM Rainbow Chennai|https://cdn.jsdelivr.net/gh/kamleshwebnet/app_ar@main/icons_radio/fm-rainbow-chennai.webp|Tamil Nadu|https://radio.wavespb.com/live/b20ff2fc0bb34b3d/b20ff2fc0bb34b3d.m3u8
t_radio|Air|Akashvani Tamil Nadu|https://cdn.jsdelivr.net/gh/kamleshwebnet/app_ar@main/icons_radio/akashvani-tamil-nadu.webp|Tamil Nadu|https://radio.wavespb.com/live/d533f2af4f49bd6f/d533f2af4f49bd6f.m3u8
t_radio|Air|FM Gold Chennai|https://cdn.jsdelivr.net/gh/kamleshwebnet/app_ar@main/icons_radio/fm-gold-chennai.webp|Tamil Nadu|https://radio.wavespb.com/live/84ad819b3f45dc08/84ad819b3f45dc08.m3u8
t_radio|Air|VB Tamil Chennai|https://cdn.jsdelivr.net/gh/kamleshwebnet/app_ar@main/icons_radio/vb-tamil-chennai.webp|Tamil Nadu|https://radio.wavespb.com/live/f893db91dedcb4ab/f893db91dedcb4ab.m3u8
t_radio|Air|Akashvani Coimbatore|https://cdn.jsdelivr.net/gh/kamleshwebnet/app_ar@main/icons_radio/akashvani-coimbatore.webp|Tamil Nadu|https://radio.wavespb.com/live/a6eec8ec7d6ee49d/a6eec8ec7d6ee49d.m3u8
t_radio|Air|FM Rainbow Coimbatore|https://cdn.jsdelivr.net/gh/kamleshwebnet/app_ar@main/icons_radio/fm-rainbow-coimbatore.webp|Tamil Nadu|https://radio.wavespb.com/live/3622d8d5aa1809b2/3622d8d5aa1809b2.m3u8
t_radio|Air|Akashvani Dharmapuri|https://cdn.jsdelivr.net/gh/kamleshwebnet/app_ar@main/icons_radio/akashvani-dharmapuri.webp|Tamil Nadu|https://radio.wavespb.com/live/36378083c1be092b/36378083c1be092b.m3u8
t_radio|Air|Akashvani Kodaikanal|https://cdn.jsdelivr.net/gh/kamleshwebnet/app_ar@main/icons_radio/akashvani-kodaikanal.webp|Tamil Nadu|https://air.pc.cdn.bitgravity.com/air/live/pbaudio051/playlist.m3u8
t_radio|Air|Akashvani Madurai|https://cdn.jsdelivr.net/gh/kamleshwebnet/app_ar@main/icons_radio/akashvani-madurai.webp|Tamil Nadu|https://radio.wavespb.com/live/5c28fdbb318c1f13/5c28fdbb318c1f13.m3u8
t_radio|Air|FM Nagercoil Kumari|https://cdn.jsdelivr.net/gh/kamleshwebnet/app_ar@main/icons_radio/fm-nagercoil-kumari.webp|Tamil Nadu|https://radio.wavespb.com/live/10c64309264eb009/10c64309264eb009.m3u8
t_radio|Air|Akashvani Ooty|https://cdn.jsdelivr.net/gh/kamleshwebnet/app_ar@main/icons_radio/akashvani-ooty.webp|Tamil Nadu|https://radio.wavespb.com/live/e2ac3971fdada7d1/e2ac3971fdada7d1.m3u8
t_radio|Air|Akashvani Tiruchirapalli|https://cdn.jsdelivr.net/gh/kamleshwebnet/app_ar@main/icons_radio/akashvani-tiruchirapalli.webp|Tamil Nadu|https://radio.wavespb.com/live/bd8f073da8cde368/bd8f073da8cde368.m3u8
t_radio|Air|Akashvani Tiruchirappalli FM|https://cdn.jsdelivr.net/gh/kamleshwebnet/app_ar@main/icons_radio/akashvani-tiruchirappalli-fm.webp|Tamil Nadu|https://radio.wavespb.com/live/340834aaac8e1081/340834aaac8e1081.m3u8
t_radio|Air|Akashvani Tirunelveli|https://cdn.jsdelivr.net/gh/kamleshwebnet/app_ar@main/icons_radio/akashvani-tirunelveli.webp|Tamil Nadu|https://radio.wavespb.com/live/ee7f2a29ab3b6bf9/ee7f2a29ab3b6bf9.m3u8
t_radio|Air|FM RainbowTirunelveli|https://cdn.jsdelivr.net/gh/kamleshwebnet/app_ar@main/icons_radio/fm-rainbowtirunelveli.webp|Tamil Nadu|https://radio.wavespb.com/live/a8b9f00a52568fbd/a8b9f00a52568fbd.m3u8
t_radio|Air|Akashvani Tuticorin|https://cdn.jsdelivr.net/gh/kamleshwebnet/app_ar@main/icons_radio/akashvani-tuticorin.webp|Tamil Nadu|https://radio.wavespb.com/live/2e8cfad789dc692d/2e8cfad789dc692d.m3u8
t_radio|Air|Akashvani Madurai FM|https://cdn.jsdelivr.net/gh/kamleshwebnet/app_ar@main/icons_radio/akashvani-madurai-fm.webp|Tamil Nadu|https://radio.wavespb.com/live/f910c4cf0415b953/f910c4cf0415b953.m3u8
t_radio|Air|Akashvani Aadilabad|https://cdn.jsdelivr.net/gh/kamleshwebnet/app_ar@main/icons_radio/akashvani-aadilabad.webp|Telangana|https://radio.wavespb.com/live/e47c5f0cec4af335/e47c5f0cec4af335.m3u8
t_radio|Air|Akashvani Telangana|https://cdn.jsdelivr.net/gh/kamleshwebnet/app_ar@main/icons_radio/akashvani-telangana.webp|Telangana|https://radio.wavespb.com/live/1c701f7b70df2568/1c701f7b70df2568.m3u8
t_radio|Air|FM Rainbow Hyderabad|https://cdn.jsdelivr.net/gh/kamleshwebnet/app_ar@main/icons_radio/fm-rainbow-hyderabad.webp|Telangana|https://radio.wavespb.com/live/3a02c5c035815bb9/3a02c5c035815bb9.m3u8
t_radio|Air|VB Telugu Hyderabad|https://cdn.jsdelivr.net/gh/kamleshwebnet/app_ar@main/icons_radio/vb-telugu-hyderabad.webp|Telangana|https://radio.wavespb.com/live/89969ad91f106dde/89969ad91f106dde.m3u8
t_radio|Air|Akashvani Kothagudem|https://cdn.jsdelivr.net/gh/kamleshwebnet/app_ar@main/icons_radio/akashvani-kothagudem.webp|Telangana|https://radio.wavespb.com/live/8416764ec0889597/8416764ec0889597.m3u8
t_radio|Air|Akashvani Nizamabad|https://cdn.jsdelivr.net/gh/kamleshwebnet/app_ar@main/icons_radio/akashvani-nizamabad.webp|Telangana|https://radio.wavespb.com/live/5d9989b5189a8f4a/5d9989b5189a8f4a.m3u8
t_radio|Air|Akashvani Warangal|https://cdn.jsdelivr.net/gh/kamleshwebnet/app_ar@main/icons_radio/akashvani-warangal.webp|Telangana|https://radio.wavespb.com/live/deae7120a205bfff/deae7120a205bfff.m3u8
t_radio|Air|Akashvani Agartala|https://cdn.jsdelivr.net/gh/kamleshwebnet/app_ar@main/icons_radio/akashvani-agartala.webp|Tripura|https://radio.wavespb.com/live/8e8696f98500ad60/8e8696f98500ad60.m3u8
t_radio|Air|FM Ujjayanta Agartala|https://cdn.jsdelivr.net/gh/kamleshwebnet/app_ar@main/icons_radio/fm-ujjayanta-agartala.webp|Tripura|https://radio.wavespb.com/live/d65912ef9829b8c9/d65912ef9829b8c9.m3u8
t_radio|Air|Akashvani Belonia|https://cdn.jsdelivr.net/gh/kamleshwebnet/app_ar@main/icons_radio/akashvani-belonia.webp|Tripura|https://radio.wavespb.com/live/00ff79c493fe8353/00ff79c493fe8353.m3u8
t_radio|Air|Akashvani Kailashahar|https://cdn.jsdelivr.net/gh/kamleshwebnet/app_ar@main/icons_radio/akashvani-kailashahar.webp|Tripura|https://radio.wavespb.com/live/c84f390b94a07703/c84f390b94a07703.m3u8
t_radio|Air|Akashvani Kanpur|https://cdn.jsdelivr.net/gh/kamleshwebnet/app_ar@main/icons_radio/akashvani-kanpur.webp|Uttar Pradesh|https://radio.wavespb.com/live/278ca8613f27411e/278ca8613f27411e.m3u8
t_radio|Air|FM Rainbow Kanpur|https://cdn.jsdelivr.net/gh/kamleshwebnet/app_ar@main/icons_radio/fm-rainbow-kanpur.webp|Uttar Pradesh|https://radio.wavespb.com/live/c0df5324304ad39e/c0df5324304ad39e.m3u8
t_radio|Air|Akashvani Lucknow|https://cdn.jsdelivr.net/gh/kamleshwebnet/app_ar@main/icons_radio/akashvani-lucknow.webp|Uttar Pradesh|https://radio.wavespb.com/live/75c01e54cb46ad29/75c01e54cb46ad29.m3u8
t_radio|Air|FM Rainbow Lucknow|https://cdn.jsdelivr.net/gh/kamleshwebnet/app_ar@main/icons_radio/fm-rainbow-lucknow.webp|Uttar Pradesh|https://radio.wavespb.com/live/81c465a355a1ea65/81c465a355a1ea65.m3u8
t_radio|Air|Akashvani Mathura|https://cdn.jsdelivr.net/gh/kamleshwebnet/app_ar@main/icons_radio/akashvani-mathura.webp|Uttar Pradesh|https://radio.wavespb.com/live/5e42265becd8a816/5e42265becd8a816.m3u8
t_radio|Air|Akashvani Najibabad|https://cdn.jsdelivr.net/gh/kamleshwebnet/app_ar@main/icons_radio/akashvani-najibabad.webp|Uttar Pradesh|https://radio.wavespb.com/live/4aaa85cab056e9c1/4aaa85cab056e9c1.m3u8
t_radio|Air|Akashvani Obra|https://cdn.jsdelivr.net/gh/kamleshwebnet/app_ar@main/icons_radio/akashvani-obra.webp|Uttar Pradesh|https://air.pc.cdn.bitgravity.com/air/live/pbaudio235/playlist.m3u8
t_radio|Air|Akashvani Rampur|https://cdn.jsdelivr.net/gh/kamleshwebnet/app_ar@main/icons_radio/akashvani-rampur.webp|Uttar Pradesh|https://radio.wavespb.com/live/bc3b1ad27f1e2fda/bc3b1ad27f1e2fda.m3u8
t_radio|Air|Akashvani Varanasi|https://cdn.jsdelivr.net/gh/kamleshwebnet/app_ar@main/icons_radio/akashvani-varanasi.webp|Uttar Pradesh|https://radio.wavespb.com/live/43290b0b741fd08f/43290b0b741fd08f.m3u8
t_radio|Air|Akashvani Agra|https://cdn.jsdelivr.net/gh/kamleshwebnet/app_ar@main/icons_radio/akashvani-agra.webp|Uttar Pradesh|https://radio.wavespb.com/live/94e6de05aa9b04b0/94e6de05aa9b04b0.m3u8
t_radio|Air|Akashvani Prayagraj|https://cdn.jsdelivr.net/gh/kamleshwebnet/app_ar@main/icons_radio/akashvani-prayagraj.webp|Uttar Pradesh|https://radio.wavespb.com/live/7427fdb9d3f69c5d/7427fdb9d3f69c5d.m3u8
t_radio|Air|Akashvani Bareilly|https://cdn.jsdelivr.net/gh/kamleshwebnet/app_ar@main/icons_radio/akashvani-bareilly.webp|Uttar Pradesh|https://radio.wavespb.com/live/e323812d96d7881d/e323812d96d7881d.m3u8
t_radio|Air|Akashvani Ayodhya|https://cdn.jsdelivr.net/gh/kamleshwebnet/app_ar@main/icons_radio/akashvani-ayodhya.webp|Uttar Pradesh|https://radio.wavespb.com/live/750c49044bde8cfe/750c49044bde8cfe.m3u8
t_radio|Air|Akashvani Gorakhpur|https://cdn.jsdelivr.net/gh/kamleshwebnet/app_ar@main/icons_radio/akashvani-gorakhpur.webp|Uttar Pradesh|https://radio.wavespb.com/live/90f2250fec262bde/90f2250fec262bde.m3u8
t_radio|Air|Akashvani Jhansi|https://cdn.jsdelivr.net/gh/kamleshwebnet/app_ar@main/icons_radio/akashvani-jhansi.webp|Uttar Pradesh|https://radio.wavespb.com/live/f8f027390a964141/f8f027390a964141.m3u8
t_radio|Air|KumbhVani|https://cdn.jsdelivr.net/gh/kamleshwebnet/app_ar@main/icons_radio/kumbhvani.webp|Uttar Pradesh|https://air.pc.cdn.bitgravity.com/air/live/pbaudio300/playlist.m3u8
t_radio|Air|Akashvani Almora|https://cdn.jsdelivr.net/gh/kamleshwebnet/app_ar@main/icons_radio/akashvani-almora.webp|Uttarakhand|https://radio.wavespb.com/live/38719309b3b91cdc/38719309b3b91cdc.m3u8
t_radio|Air|Akashvani Dehradun|https://cdn.jsdelivr.net/gh/kamleshwebnet/app_ar@main/icons_radio/akashvani-dehradun.webp|Uttarakhand|https://radio.wavespb.com/live/355939733d28e2e7/355939733d28e2e7.m3u8
t_radio|Air|Akashvani Pauri|https://cdn.jsdelivr.net/gh/kamleshwebnet/app_ar@main/icons_radio/akashvani-pauri.webp|Uttarakhand|https://radio.wavespb.com/live/101ea47cdd9c59df/101ea47cdd9c59df.m3u8
t_radio|Air|Akashvani Bangla|https://cdn.jsdelivr.net/gh/kamleshwebnet/app_ar@main/icons_radio/akashvani-bangla.webp|West Bengal|https://airhlspush.pc.cdn.bitgravity.com/httppush/hlspbaudio137/hlspbaudio137_Auto.m3u8
t_radio|Air|Akashvani Kolkata Geetanjali|https://cdn.jsdelivr.net/gh/kamleshwebnet/app_ar@main/icons_radio/akashvani-kolkata-geetanjali.webp|West Bengal|https://airhlspush.pc.cdn.bitgravity.com/httppush/hlspbaudio055/hlspbaudio055_Auto.m3u8
t_radio|Air|Akashvani Kolkata Sanchayita|https://cdn.jsdelivr.net/gh/kamleshwebnet/app_ar@main/icons_radio/akashvani-kolkata-sanchayita.webp|West Bengal|https://airhlspush.pc.cdn.bitgravity.com/httppush/hlspbaudio056/hlspbaudio056_Auto.m3u8
t_radio|Air|FM Gold Kolkata|https://cdn.jsdelivr.net/gh/kamleshwebnet/app_ar@main/icons_radio/fm-gold-kolkata.webp|West Bengal|https://airhlspush.pc.cdn.bitgravity.com/httppush/hlspbaudio057/hlspbaudio057_Auto.m3u8
t_radio|Air|FM Rainbow Kolkata|https://cdn.jsdelivr.net/gh/kamleshwebnet/app_ar@main/icons_radio/fm-rainbow-kolkata.webp|West Bengal|https://airhlspush.pc.cdn.bitgravity.com/httppush/hlspbaudio058/hlspbaudio058_Auto.m3u8
t_radio|Air|vbs Kolkata|https://cdn.jsdelivr.net/gh/kamleshwebnet/app_ar@main/icons_radio/vbs-kolkata.webp|West Bengal|https://airhlspush.pc.cdn.bitgravity.com/httppush/hlspbaudio275/hlspbaudio275_Auto.m3u8
t_radio|Air|Akashvani Kurseong|https://cdn.jsdelivr.net/gh/kamleshwebnet/app_ar@main/icons_radio/akashvani-kurseong.webp|West Bengal|https://radio.wavespb.com/live/1f781b48497e67d3/1f781b48497e67d3.m3u8
t_radio|Air|Akashvani Murshidabad|https://cdn.jsdelivr.net/gh/kamleshwebnet/app_ar@main/icons_radio/akashvani-murshidabad.webp|West Bengal|https://air.pc.cdn.bitgravity.com/air/live/pbaudio169/playlist.m3u8
t_radio|Air|Akashvani Shantiniketan|https://cdn.jsdelivr.net/gh/kamleshwebnet/app_ar@main/icons_radio/akashvani-shantiniketan.webp|West Bengal|https://radio.wavespb.com/live/66249dfecaf80241/66249dfecaf80241.m3u8
t_radio|Air|Akashvani Maitree|https://cdn.jsdelivr.net/gh/kamleshwebnet/app_ar@main/icons_radio/akashvani-maitree.webp|West Bengal|https://airhlspush.pc.cdn.bitgravity.com/httppush/hlspbaudio245/hlspbaudio245_Auto.m3u8
t_radio|Air|Akashvani Siliguri|https://cdn.jsdelivr.net/gh/kamleshwebnet/app_ar@main/icons_radio/akashvani-siliguri.webp|West Bengal|https://radio.wavespb.com/live/165856ba98ca031a/165856ba98ca031a.m3u8
t_radio|Devotional|Radio Sangam Devi Maa|https://cdn.jsdelivr.net/gh/kamleshwebnet/app_ar@main/icons_radio/radio-sangam-devi-maa.webp||http://ibadat.out.airtime.pro:8000/ibadat_a
t_radio|Devotional|Radio Sangam Ganesha|https://cdn.jsdelivr.net/gh/kamleshwebnet/app_ar@main/icons_radio/radio-sangam-ganesha.webp||http://radio2bindia.out.airtime.pro:8000/radio2bindia_a
t_radio|Devotional|Radio Sangam Guruvar|https://cdn.jsdelivr.net/gh/kamleshwebnet/app_ar@main/icons_radio/radio-sangam-guruvar.webp||http://iskon2b.out.airtime.pro:8000/iskon2b_a
t_radio|Devotional|Radio Sangam Krishna|https://cdn.jsdelivr.net/gh/kamleshwebnet/app_ar@main/icons_radio/radio-sangam-krishna.webp||http://millenniumhits.out.airtime.pro:8000/millenniumhits_a
t_radio|Devotional|Radio Sangam Shiva|https://cdn.jsdelivr.net/gh/kamleshwebnet/app_ar@main/icons_radio/radio-sangam-shiva.webp||http://hot.out.airtime.pro:8000/hot_a
t_radio|Devotional|Radio Sangam Shri Ram|https://cdn.jsdelivr.net/gh/kamleshwebnet/app_ar@main/icons_radio/radio-sangam-shri-ram.webp||http://dard.out.airtime.pro:8000/dard_a
t_radio|Bollywood|Lobos Bollywood Radio|https://cdn.jsdelivr.net/gh/kamleshwebnet/app_ar@main/icons_radio/lobos-bollywood-radio.webp||http://puma.streemlion.com:4130/stream
t_radio|News|Aaj Tak News Radio Live|https://cdn.jsdelivr.net/gh/kamleshwebnet/app_ar@main/icons_radio/aaj-tak-news-radio-live.webp||https://feeds.intoday.in/aajtak/api/master.m3u8
t_radio|Classic|Aakashvani Radio|https://cdn.jsdelivr.net/gh/kamleshwebnet/app_ar@main/icons_radio/aakashvani-radio.webp||https://audio-edge-fvq45.ams.d.radiomast.io/3ccc1156-fcf8-4ba7-9a0c-28e3a465e1ae?listening-from-radio-garden=1607152226837
t_radio|Romantic|Abee Radio|https://cdn.jsdelivr.net/gh/kamleshwebnet/app_ar@main/icons_radio/abee-radio.webp||https://abee.radioca.st/stream
t_radio|Romantic|AmListen Radio|https://cdn.jsdelivr.net/gh/kamleshwebnet/app_ar@main/icons_radio/amlisten-radio.webp||https://stream.zeno.fm/yf5p1bya1feuv
t_radio|Romantic|Anant Radio|https://cdn.jsdelivr.net/gh/kamleshwebnet/app_ar@main/icons_radio/anant-radio.webp||https://node-27.zeno.fm/rzuke118e3quv?rj-ttl=5&rj-tok=AAABcTlCgAwAy6eEPdjo1Hgv7g
t_radio|Romantic|Anbu FM Hindi|https://cdn.jsdelivr.net/gh/kamleshwebnet/app_ar@main/icons_radio/anbu-fm-hindi.webp||https://stream.zeno.fm/u7yaqq493v8uv
t_radio|Classic|Antara Radio|https://cdn.jsdelivr.net/gh/kamleshwebnet/app_ar@main/icons_radio/antara-radio.webp||https://stream.zeno.fm/rzuke118e3quv
t_radio|Artist Radio|Arijit Singh Radio|https://cdn.jsdelivr.net/gh/kamleshwebnet/app_ar@main/icons_radio/arijit-singh-radio.webp||https://drive.uber.radio/uber/bollywoodaruitsingh/icecast.audio
t_radio|Romantic|Awaz FM|https://cdn.jsdelivr.net/gh/kamleshwebnet/app_ar@main/icons_radio/awaz-fm.webp||https://uksoutha.streaming.broadcast.radio/awazfm
t_radio|Romantic|BBC Asian Network|https://cdn.jsdelivr.net/gh/kamleshwebnet/app_ar@main/icons_radio/bbc-asian-network.webp||https://a.files.bbci.co.uk/ms6/live/3441A116-B12E-4D2F-ACA8-C1984642FA4B/audio/simulcast/hls/nonuk/audio_syndication_low_sbr_v1/cfs/bbc_asian_network.m3u8
t_radio|Classic|Best FM|https://cdn.jsdelivr.net/gh/kamleshwebnet/app_ar@main/icons_radio/best-fm.webp||https://radio.mbconline.xyz/hls/bestfm.m3u8
t_radio|Devotional|Bhagavad Gita Radio|https://cdn.jsdelivr.net/gh/kamleshwebnet/app_ar@main/icons_radio/bhagavad-gita-radio.webp||https://stream.zeno.fm/pg7cf4xyw8quv
t_radio|Devotional|Bhajans Radio Guyana|https://cdn.jsdelivr.net/gh/kamleshwebnet/app_ar@main/icons_radio/bhajans-radio-guyana.webp||https://s5.citrus3.com:8148/stream
t_radio|Devotional|Bhakti World - Hanuman|https://cdn.jsdelivr.net/gh/kamleshwebnet/app_ar@main/icons_radio/bhakti-world-hanuman.webp||http://2bhanuman.out.airtime.pro:8000/2bhanuman_a
t_radio|Devotional|Bhakti World Media Shri Ram|https://cdn.jsdelivr.net/gh/kamleshwebnet/app_ar@main/icons_radio/bhakti-world-media-shri-ram.webp||https://dard.out.airtime.pro/dard_a
t_radio|Devotional|Bhakti World Media Devi Maa|https://cdn.jsdelivr.net/gh/kamleshwebnet/app_ar@main/icons_radio/bhakti-world-media-devi-maa.webp||http://ibadat.out.airtime.pro:8000/ibadat_a?_ga=2.112683904.548091236.15820292%2013-1175002648.1580299245
t_radio|News|Bharat FM|https://cdn.jsdelivr.net/gh/kamleshwebnet/app_ar@main/icons_radio/bharat-fm.webp||https://s2.radio.co/s44bb88930/listen#.mp3?ver=997168
t_radio|Romantic|BIG 92.7 FM|https://cdn.jsdelivr.net/gh/kamleshwebnet/app_ar@main/icons_radio/big-927-fm.webp||https://stream.zeno.fm/dbstwo3dvhhtv
t_radio|Romantic|BMZ Radio|https://cdn.jsdelivr.net/gh/kamleshwebnet/app_ar@main/icons_radio/bmz-radio.webp||https://stream-59.zeno.fm/uy91e749fv8uv?zs=iP%20XEX-WRummaOh91E3yrw
t_radio|Bollywood|Bolly 102.9 FM|https://cdn.jsdelivr.net/gh/kamleshwebnet/app_ar@main/icons_radio/bolly-1029-fm.webp||https://ice6.securenetsystems.net/INTRADIO?type=.mp3
t_radio|Bollywood|Bolly Vibes Radio|https://cdn.jsdelivr.net/gh/kamleshwebnet/app_ar@main/icons_radio/bolly-vibes-radio.webp||https://bollyvibes.radioca.st/stream
t_radio|Bollywood|Bolly 92.3 FM|https://cdn.jsdelivr.net/gh/kamleshwebnet/app_ar@main/icons_radio/bolly-923-fm.webp||https://stream.zeno.fm/k4hwu4qa4qzuv
t_radio|Bollywood|Bollywood Diwali Party|https://cdn.jsdelivr.net/gh/kamleshwebnet/app_ar@main/icons_radio/bollywood-diwali-party.webp||https://drive.uber.radio/uber/bollywooddiwali/icecast.audio
t_radio|Bollywood|Bollywood Radio|https://cdn.jsdelivr.net/gh/kamleshwebnet/app_ar@main/icons_radio/bollywood-radio.webp||https://stream.zeno.fm/t961q1d0vp6vv
t_radio|Bollywood|Bollywood Workout|https://cdn.jsdelivr.net/gh/kamleshwebnet/app_ar@main/icons_radio/bollywood-workout.webp||https://drive.uber.radio/uber/bollywoodworkout/icecast.audio
t_radio|Bollywood|Bollywood Dance|https://cdn.jsdelivr.net/gh/kamleshwebnet/app_ar@main/icons_radio/bollywood-dance.webp||http://drive.uber.radio/uber/bollywooddance/icecast.audio
t_radio|Bollywood|Bollywood and Beyond|https://cdn.jsdelivr.net/gh/kamleshwebnet/app_ar@main/icons_radio/bollywood-and-beyond.webp||https://s6.yesstreaming.net/proxy/john1237?mp=/live
t_radio|Bollywood|Bollywood Mix|https://cdn.jsdelivr.net/gh/kamleshwebnet/app_ar@main/icons_radio/bollywood-mix.webp||https://drive.uber.radio/uber/bollywoodmix/icecast.audio
t_radio|Bollywood|Bollywood Music|https://cdn.jsdelivr.net/gh/kamleshwebnet/app_ar@main/icons_radio/bollywood-music.webp||https://stream.zeno.fm/uy91e749fv8uv
t_radio|Bollywood|Bombay Beats Radio|https://cdn.jsdelivr.net/gh/kamleshwebnet/app_ar@main/icons_radio/bombay-beats-radio.webp||https://strmreg.1.fm/bombaybeats_mobile_mp3
t_radio|Romantic|Brisvaani Radio|https://cdn.jsdelivr.net/gh/kamleshwebnet/app_ar@main/icons_radio/brisvaani-radio.webp||https://centova71.instainternet.com/proxy/brisvaaniradio?mp=/stream
t_radio|Romantic|British Indian Tamil Radio|https://cdn.jsdelivr.net/gh/kamleshwebnet/app_ar@main/icons_radio/british-indian-tamil-radio.webp||https://hello.citrus3.com:2020/stream/britishindiantamilradio
t_radio|Romantic|Bubais Radio|https://cdn.jsdelivr.net/gh/kamleshwebnet/app_ar@main/icons_radio/bubais-radio.webp||https://airhlspush.pc.cdn.bitgravity.com/httppush/hlspbaudio004/hlspbaudio00464kbps.m3u8
t_radio|Romantic|Cina Radio|https://cdn.jsdelivr.net/gh/kamleshwebnet/app_ar@main/icons_radio/cina-radio.webp||https://ice8.securenetsystems.net/CINA
t_radio|Romantic|Club Asia Radio|https://cdn.jsdelivr.net/gh/kamleshwebnet/app_ar@main/icons_radio/club-asia-radio.webp||https://s3.citrus3.com:8320/stream
t_radio|Bollywood|Club Mirchi|https://cdn.jsdelivr.net/gh/kamleshwebnet/app_ar@main/icons_radio/club-mirchi.webp||https://mirchiplaylive.akamaized.net/hls/live/2036929-b/MUM/CLUBMI_Auto.m3u8
t_radio|Bollywood|Dance Asia Radio|https://cdn.jsdelivr.net/gh/kamleshwebnet/app_ar@main/icons_radio/dance-asia-radio.webp||https://s1.citrus3.com:8124/stream
t_radio|Bollywood|Desi Hits 2000s|https://cdn.jsdelivr.net/gh/kamleshwebnet/app_ar@main/icons_radio/desi-hits-2000s.webp||https://www.desizoneradio.com/relay2
t_radio|Bollywood|Desi World Radio|https://cdn.jsdelivr.net/gh/kamleshwebnet/app_ar@main/icons_radio/desi-world-radio.webp||https://stream.zeno.fm/4mbfcn4mf24tv
t_radio|Bollywood|Desi Zone Radio|https://cdn.jsdelivr.net/gh/kamleshwebnet/app_ar@main/icons_radio/desi-zone-radio.webp||https://www.desizoneradio.com/relay1
t_radio|Devotional|Divyavani Radio|https://cdn.jsdelivr.net/gh/kamleshwebnet/app_ar@main/icons_radio/divyavani-radio.webp||http://epsilon.shoutca.st:8070/autodj
t_radio|Bollywood|Exclusively Bollywood|https://cdn.jsdelivr.net/gh/kamleshwebnet/app_ar@main/icons_radio/exclusively-bollywood.webp||https://streaming.exclusive.radio/er/bollywood/icecast.audio
t_radio|Bollywood|Fever 104 FM|https://cdn.jsdelivr.net/gh/kamleshwebnet/app_ar@main/icons_radio/fever-104-fm.webp||https://radio.canstream.co.uk:8115/live.mp3
t_radio|Bollywood|Filmy Mirchi|https://cdn.jsdelivr.net/gh/kamleshwebnet/app_ar@main/icons_radio/filmy-mirchi.webp||https://stream-142.zeno.fm/6n6ewddtad0uv?zs=cKmM_ShzRUaR2AGnxhugOg
t_radio|Bollywood|Fun FM Bollywood|https://cdn.jsdelivr.net/gh/kamleshwebnet/app_ar@main/icons_radio/fun-fm-bollywood.webp||https://usa1.fastcast4u.com/proxy/qrekthei?mp=/1
t_radio|Bollywood|Free FM Top 100 India|https://cdn.jsdelivr.net/gh/kamleshwebnet/app_ar@main/icons_radio/free-fm-top-100-india.webp||https://stream.zeno.fm/a5h7vfret68uv
t_radio|Bollywood|Fusion Life Radio|https://cdn.jsdelivr.net/gh/kamleshwebnet/app_ar@main/icons_radio/fusion-life-radio.webp||https://c28.radioboss.fm:18046/stream
t_radio|Ghazal|Gazal Radio London|https://cdn.jsdelivr.net/gh/kamleshwebnet/app_ar@main/icons_radio/gazal-radio-london.webp||https://streaming.webhostnepal.com/8018/stream
t_radio|Classic|Golden Voice Radio|https://cdn.jsdelivr.net/gh/kamleshwebnet/app_ar@main/icons_radio/golden-voice-radio.webp||https://stream.zeno.fm/s3sqemewrg0uv
t_radio|Classic|Goldy Bhal|https://cdn.jsdelivr.net/gh/kamleshwebnet/app_ar@main/icons_radio/goldy-bhal.webp||https://stream.zeno.fm/rfxzab5h3p8uv
t_radio|Classic|Goldy Mukesh|https://cdn.jsdelivr.net/gh/kamleshwebnet/app_ar@main/icons_radio/goldy-mukesh.webp||https://stream.zeno.fm/t39watus1p8uv
t_radio|Bollywood|Gunjan Radio|https://cdn.jsdelivr.net/gh/kamleshwebnet/app_ar@main/icons_radio/gunjan-radio.webp||https://streamasiacdn.atc-labs.com/gunjanradio.aac
t_radio|News|Gurgaon Ki Awaaz 107.8|https://cdn.jsdelivr.net/gh/kamleshwebnet/app_ar@main/icons_radio/gurgaon-ki-awaaz-1078.webp||https://gurgaonradio.out.airtime.pro/gurgaonradio_a
t_radio|Bollywood|Harman Beats|https://cdn.jsdelivr.net/gh/kamleshwebnet/app_ar@main/icons_radio/harman-beats.webp||https://stream.zeno.fm/jmi0hwxrgmauv
t_radio|Classic|HawaMahal Radio|https://cdn.jsdelivr.net/gh/kamleshwebnet/app_ar@main/icons_radio/hawamahal-radio.webp||https://stream-154.zeno.fm/csw7fv7sz1zuv?zs=ABfIaXh5T-65UHo9uTNoAQ
t_radio|News|Himal Radio|https://cdn.jsdelivr.net/gh/kamleshwebnet/app_ar@main/icons_radio/himal-radio.webp||https://streaming.webhostnepal.com/8020/stream
t_radio|Bollywood|Hindi Gold Radio|https://cdn.jsdelivr.net/gh/kamleshwebnet/app_ar@main/icons_radio/hindi-gold-radio.webp||https://azuracast.vibesounds.in:8010/radio.mp3
t_radio|Classic|Hindi Retro|https://cdn.jsdelivr.net/gh/kamleshwebnet/app_ar@main/icons_radio/hindi-retro.webp||https://mirchiplaylive.akamaized.net/hls/live/2036929-b/MUM/MRETRO_Auto.m3u8
t_radio|Bollywood|Hindvani FM|https://cdn.jsdelivr.net/gh/kamleshwebnet/app_ar@main/icons_radio/hindvani-fm.webp||https://edge.iono.fm/xice/129_medium.aac
t_radio|Artist Radio|Lata Mangeshkar Hits|https://cdn.jsdelivr.net/gh/kamleshwebnet/app_ar@main/icons_radio/hits-of-lata-mangeshkar.webp||http://stream.zeno.fm/g95zm67prfhvv
t_radio|Romantic|Humsafar Radio|https://cdn.jsdelivr.net/gh/kamleshwebnet/app_ar@main/icons_radio/humsafar-radio.webp||https://ice2.securenetsystems.net/HUMSAFAR
t_radio|Bollywood|Indi Fun Radio|https://cdn.jsdelivr.net/gh/kamleshwebnet/app_ar@main/icons_radio/indi-fun-radio.webp||https://onlineradiobox.com/json/in/indifun/play?platform=web
t_radio|Bollywood|Indian Link Radio|https://cdn.jsdelivr.net/gh/kamleshwebnet/app_ar@main/icons_radio/indian-link-radio.webp||https://indianlink1.radioca.st/;
t_radio|Bollywood|Ishq FM|https://cdn.jsdelivr.net/gh/kamleshwebnet/app_ar@main/icons_radio/ishq-fm.webp||https://drive.uber.radio/uber/bollywoodlove/icecast.audio
t_radio|Bollywood|J U Radio|https://cdn.jsdelivr.net/gh/kamleshwebnet/app_ar@main/icons_radio/j-u-radio.webp||http://stream.zeno.fm/60ef4p33vxquv
t_radio|Romantic|Jaipur Radio|https://cdn.jsdelivr.net/gh/kamleshwebnet/app_ar@main/icons_radio/jaipur-radio.webp||https://streamasiacdn.atc-labs.com/jaipurradio.aac
t_radio|Devotional|Jesus Alive Radio|https://cdn.jsdelivr.net/gh/kamleshwebnet/app_ar@main/icons_radio/jesus-alive-radio.webp||http://stream.zenolive.com/qyb8s75nsceuv
t_radio|Devotional|Luminous Radio Hindi|https://cdn.jsdelivr.net/gh/kamleshwebnet/app_ar@main/icons_radio/luminous-radio-hindi.webp||http://patmos.cdnstream.com:8601/app
t_radio|Bollywood|Lyca Gold|https://cdn.jsdelivr.net/gh/kamleshwebnet/app_ar@main/icons_radio/lyca-gold.webp||https://listen-lycaradio.sharp-stream.com/1035.mp3
t_radio|Bollywood|Lyca Radio 1458 AM|https://cdn.jsdelivr.net/gh/kamleshwebnet/app_ar@main/icons_radio/lyca-radio-1458-am.webp||https://ads-direct.sharp-stream.com/1458.mp3
t_radio|Bollywood|Lyca Radio|https://cdn.jsdelivr.net/gh/kamleshwebnet/app_ar@main/icons_radio/lyca-radio.webp||https://tx.sharp-stream.com/http_live.php?i=1458.mp3
t_radio|Devotional|Mantras Radio Art|https://cdn.jsdelivr.net/gh/kamleshwebnet/app_ar@main/icons_radio/mantras-radio-art.webp||http://air.radioart.online/hMantras.mp3?dlid=db5ceb796b3f6b3b40cb449ed670f317
t_radio|Bollywood|Mirchi Love Hindi|https://cdn.jsdelivr.net/gh/kamleshwebnet/app_ar@main/icons_radio/mirchi-love-hindi.webp||https://drive.uber.radio/uber/lrbollywood/icecast.audio
t_radio|Bollywood|Mirchi Top 20|https://cdn.jsdelivr.net/gh/kamleshwebnet/app_ar@main/icons_radio/mirchi-top-20.webp||https://drive.uber.radio/uber/bollywoodnow/icecast.audio
t_radio|Bollywood|Mixify|https://cdn.jsdelivr.net/gh/kamleshwebnet/app_ar@main/icons_radio/mixify.webp||https://server.mixify.in/listen/evergreen/radio.mp3
t_radio|Bollywood|Mixify Bollywood|https://cdn.jsdelivr.net/gh/kamleshwebnet/app_ar@main/icons_radio/mixify-bollywood.webp||https://server.mixify.in/listen/listen/radio.mp3
t_radio|Bollywood|MixiFy Evergreen Hits|https://cdn.jsdelivr.net/gh/kamleshwebnet/app_ar@main/icons_radio/mixify-evergreen-hits.webp||https://server.mixify.in:8010/
t_radio|Bollywood|MixiFy Hindi Hits|https://cdn.jsdelivr.net/gh/kamleshwebnet/app_ar@main/icons_radio/mixify-hindi-hits.webp||https://server.mixify.in/listen/new_hits/radio.mp3
t_radio|Artist Radio|Mohammad Rafi Hits|https://cdn.jsdelivr.net/gh/kamleshwebnet/app_ar@main/icons_radio/mohd-rafi-hits.webp||https://stream.zeno.fm/6yqvumgfxtzuv
t_radio|Bollywood|My Club Remix|https://cdn.jsdelivr.net/gh/kamleshwebnet/app_ar@main/icons_radio/my-club-remix.webp||http://stream.zeno.fm/u7eee0hyzp8uv
t_radio|Bollywood|My Radio DJ|https://cdn.jsdelivr.net/gh/kamleshwebnet/app_ar@main/icons_radio/my-radio-dj.webp||http://stream.zeno.fm/84h97t3ewg0uv
t_radio|News|News Podcast 24 Radio|https://cdn.jsdelivr.net/gh/kamleshwebnet/app_ar@main/icons_radio/news-podcast-24-radio.webp||https://stream.zeno.fm/8wk1s0pt008uv
t_radio|Bollywood|Nila FM HD Bollywood|https://cdn.jsdelivr.net/gh/kamleshwebnet/app_ar@main/icons_radio/nila-fm-hd-bollywood.webp||http://comet.shoutca.st:8074/
t_radio|Bollywood|Bollywood 90s|https://cdn.jsdelivr.net/gh/kamleshwebnet/app_ar@main/icons_radio/bollywood-90s.webp||https://www.desizoneradio.com/relay3
t_radio|Bollywood|Pew Hits Desi|https://cdn.jsdelivr.net/gh/kamleshwebnet/app_ar@main/icons_radio/pew-hits-desi.webp||https://pewhits.duckdns.org/stream/pewhitsdesi
t_radio|Bollywood|Pew Hits|https://cdn.jsdelivr.net/gh/kamleshwebnet/app_ar@main/icons_radio/pew-hits.webp||https://pewhits.duckdns.org/stream/pewhits
t_radio|Romantic|Puerile Awaaz 107.8 FM|https://cdn.jsdelivr.net/gh/kamleshwebnet/app_ar@main/icons_radio/puerile-awaaz-1078-fm.webp||https://icecast.bkwsu.eu/radio-awaz-pune.mp3
t_radio|Retro|Radio 24|https://cdn.jsdelivr.net/gh/kamleshwebnet/app_ar@main/icons_radio/radio-24.webp||https://s7.everestcast.com:1155/stream
t_radio|Romantic|Radio 4 Public Health|https://cdn.jsdelivr.net/gh/kamleshwebnet/app_ar@main/icons_radio/radio-4-public-health.webp||https://cast4.my-control-panel.com/proxy/demo4usv/live
t_radio|Bollywood|Radio 90.5 FM|https://cdn.jsdelivr.net/gh/kamleshwebnet/app_ar@main/icons_radio/radio-905-fm.webp||https://ice42.securenetsystems.net/CR90
t_radio|Bollywood|Radio Active 90.4 FM|https://cdn.jsdelivr.net/gh/kamleshwebnet/app_ar@main/icons_radio/radio-active-904-fm.webp||https://stream.zeno.fm/xwhhyc5nyk8uv
t_radio|Ghazal|Radio Afsana|https://cdn.jsdelivr.net/gh/kamleshwebnet/app_ar@main/icons_radio/radio-afsana.webp||https://us9.maindigitalstream.com/stream/radioafsana
t_radio|Retro|Radio Asikakana|https://cdn.jsdelivr.net/gh/kamleshwebnet/app_ar@main/icons_radio/radio-asikakana.webp||https://mars.streamerr.co/8154/stream
t_radio|Bollywood|Radio Bolly FM|https://cdn.jsdelivr.net/gh/kamleshwebnet/app_ar@main/icons_radio/radio-bolly-fm.webp||https://stream.zeno.fm/zu59ykebs2zuv
t_radio|Bollywood|Radio Bula Masti|https://cdn.jsdelivr.net/gh/kamleshwebnet/app_ar@main/icons_radio/radio-bula-masti.webp||https://c7.radioboss.fm:18052/stream
t_radio|Bollywood|Radio BulBul|https://cdn.jsdelivr.net/gh/kamleshwebnet/app_ar@main/icons_radio/radio-bulbul.webp||https://stream.zeno.fm/1t5ceyhcxbruv
t_radio|Bollywood|Radio Caravan|https://cdn.jsdelivr.net/gh/kamleshwebnet/app_ar@main/icons_radio/radio-caravan.webp||https://stream.voxx.pro/radio/8260/radio.mp3
t_radio|Bollywood|Radio Central 24|https://cdn.jsdelivr.net/gh/kamleshwebnet/app_ar@main/icons_radio/radio-central-24.webp||https://casper.radioca.st/stream
t_radio|Bollywood|Radio Dhwani|https://cdn.jsdelivr.net/gh/kamleshwebnet/app_ar@main/icons_radio/radio-dhwani.webp||https://static.s123-cdn-static-c.com/uploads/2568273/normal_5d8ba39d1261c.mp3
t_radio|Bollywood|Radio Digital Malayali|https://cdn.jsdelivr.net/gh/kamleshwebnet/app_ar@main/icons_radio/radio-digital-malayali.webp||https://radio.digitalmalayali.in/listen/stream/radio.mp3
t_radio|Bollywood|Radio Dil|https://cdn.jsdelivr.net/gh/kamleshwebnet/app_ar@main/icons_radio/radio-dil.webp||https://us3.streamingpulse.com/ssl/radiodil2
t_radio|Bollywood|Radio DS Mumbai|https://cdn.jsdelivr.net/gh/kamleshwebnet/app_ar@main/icons_radio/radio-ds-mumbai.webp||https://streamasiacdn.atc-labs.com/radiods.aac
t_radio|Bollywood|Radio Gaana|https://cdn.jsdelivr.net/gh/kamleshwebnet/app_ar@main/icons_radio/radio-gaana.webp||https://sp14.instainternet.com/8044/stream
t_radio|Devotional|Radio Gyansthali 89.6 FM|https://cdn.jsdelivr.net/gh/kamleshwebnet/app_ar@main/icons_radio/radio-gyansthali-896-fm.webp||https://streamasiacdn.atc-labs.com/gyansthali.aac
t_radio|Bollywood|Radio Hotstar|https://cdn.jsdelivr.net/gh/kamleshwebnet/app_ar@main/icons_radio/radio-hotstar.webp||https://leo.streamerr.co/8004/stream
t_radio|Bollywood|Radio Ishara|https://cdn.jsdelivr.net/gh/kamleshwebnet/app_ar@main/icons_radio/radio-ishara.webp||https://a8.asurahosting.com:7030/radio.mp3
t_radio|Ghazal|Radio Khushbu|https://cdn.jsdelivr.net/gh/kamleshwebnet/app_ar@main/icons_radio/radio-khushbu.webp||https://radio.pblab.in/radiokhushbu
t_radio|Classic|Radio Khushi|https://cdn.jsdelivr.net/gh/kamleshwebnet/app_ar@main/icons_radio/radio-khushi.webp||https://stream.zeno.fm/etf3x2h5rrhvv
t_radio|Devotional|Radio Khushkhabri|https://cdn.jsdelivr.net/gh/kamleshwebnet/app_ar@main/icons_radio/radio-khushkhabri.webp||http://edge-audio-03-gos2.sharp-stream.com/khushkhabri.mp3
t_radio|Devotional|Radio Krishna|https://cdn.jsdelivr.net/gh/kamleshwebnet/app_ar@main/icons_radio/radio-krishna.webp||https://millenniumhits.out.airtime.pro:8000/millenniumhits_a?fbclid=IwAR0qP_F8RgDCq3gX8g7U8Dmm_uZedtPrqxCf8iIDAW5Jcd5ktA0XMs6BJu4
t_radio|News|Radio Maharani|https://cdn.jsdelivr.net/gh/kamleshwebnet/app_ar@main/icons_radio/radio-maharani.webp||https://streamasiacdn.atc-labs.com/radiomaharani.aac
t_radio|Classic|Radio Manpasand|https://cdn.jsdelivr.net/gh/kamleshwebnet/app_ar@main/icons_radio/radio-manpasand.webp||https://c5.radioboss.fm:18125/stream
t_radio|Devotional|Radio Mata Ji (Durga Laxmi)|https://cdn.jsdelivr.net/gh/kamleshwebnet/app_ar@main/icons_radio/radio-mata-ji-durga-laxmi.webp||https://ibadat.out.airtime.pro/ibadat_a?fbclid=IwAR2lnBbSVZVTRowXxo0eAfNP98LktcxgsqUaxNrCBmqjgmkGYWoDj11Zy7o
t_radio|Bollywood|Radio Mirchi Hindi|https://cdn.jsdelivr.net/gh/kamleshwebnet/app_ar@main/icons_radio/radio-mirchi-hindi.webp||https://eu8.fastcast4u.com/proxy/clyedupq/stream
t_radio|Bollywood|Radio Mirchi Masti|https://cdn.jsdelivr.net/gh/kamleshwebnet/app_ar@main/icons_radio/radio-mirchi-masti.webp||http://162.244.80.118:9460/stream.mp3
t_radio|Bollywood|Radio Mirchi USA|https://cdn.jsdelivr.net/gh/kamleshwebnet/app_ar@main/icons_radio/radio-mirchi-usa.webp||https://streams.radio.co/s8d06d0298/listen
t_radio|Bollywood|Radio Naya Andaz|https://cdn.jsdelivr.net/gh/kamleshwebnet/app_ar@main/icons_radio/radio-naya-andaz.webp||https://radionayaandaz.out.airtime.pro/radionayaandaz_a
t_radio|Romantic|Radio Olive|https://cdn.jsdelivr.net/gh/kamleshwebnet/app_ar@main/icons_radio/radio-olive.webp||https://playerservices.streamtheworld.com/api/livestream-redirect/OLIVE1063.mp3
t_radio|Romantic|Radio Olive Kids|https://cdn.jsdelivr.net/gh/kamleshwebnet/app_ar@main/icons_radio/radio-olive-kids.webp||https://playerservices.streamtheworld.com/api/livestream-redirect/RADIO_OLIVE_CLUB_S04AAC.aac
t_radio|Classic|Radio Olive Retro|https://cdn.jsdelivr.net/gh/kamleshwebnet/app_ar@main/icons_radio/radio-olive-retro.webp||https://playerservices.streamtheworld.com/api/livestream-redirect/RADIO_OLIVE_RETRO_S03_SC
t_radio|Bollywood|Radio Rang|https://cdn.jsdelivr.net/gh/kamleshwebnet/app_ar@main/icons_radio/radio-rang.webp||http://stream.zeno.fm/44r9x09cqchvv
t_radio|Bollywood|Radio Rimjhim|https://cdn.jsdelivr.net/gh/kamleshwebnet/app_ar@main/icons_radio/radio-rimjhim.webp||https://streamasiacdn.atc-labs.com/radiorimjhim.aac
t_radio|Devotional|Radio Sai Global Harmony Bhajan|https://cdn.jsdelivr.net/gh/kamleshwebnet/app_ar@main/icons_radio/radio-sai-global-harmony-bhajan.webp||http://stream.radiosai.net:8000/
t_radio|Bollywood|Radio Sangam|https://cdn.jsdelivr.net/gh/kamleshwebnet/app_ar@main/icons_radio/radio-sangam.webp||https://streaming.radio.co/s58948a3f0/listen
t_radio|Romantic|Radio Sangwari|https://cdn.jsdelivr.net/gh/kamleshwebnet/app_ar@main/icons_radio/radio-sangwari.webp||https://servidor19.brlogic.com:7002/live
t_radio|Classic|Radio Saptarang|https://cdn.jsdelivr.net/gh/kamleshwebnet/app_ar@main/icons_radio/radio-saptarang.webp||https://stream-58.zeno.fm/ttcsc4tf8yzuv
t_radio|Retro|Radio SBS|https://cdn.jsdelivr.net/gh/kamleshwebnet/app_ar@main/icons_radio/radio-sbs.webp||https://solid48.streamupsolutions.com/proxy/radiosbs/radiosbs
t_radio|Devotional|Radio SD 90.8 FM|https://cdn.jsdelivr.net/gh/kamleshwebnet/app_ar@main/icons_radio/radio-sd-908-fm.webp||https://uk2.internet-radio.com/proxy/radiosdapp?mp=/stream
t_radio|Retro|Radio SG Masti|https://cdn.jsdelivr.net/gh/kamleshwebnet/app_ar@main/icons_radio/radio-sg-masti.webp||https://streamasiacdn.atc-labs.com/radiosgmasti.aac
t_radio|Romantic|Radio Shyamlatal|https://cdn.jsdelivr.net/gh/kamleshwebnet/app_ar@main/icons_radio/radio-shyamlatal.webp||https://stream.hamropatro.com/8389
t_radio|Devotional|Radio Terna 90.4 FM|https://cdn.jsdelivr.net/gh/kamleshwebnet/app_ar@main/icons_radio/radio-terna-904-fm.webp||https://radio.garden/api/ara/content/listen/MzpZd2nQ/channel.mp3
t_radio|Bollywood|Radio Udaan|https://cdn.jsdelivr.net/gh/kamleshwebnet/app_ar@main/icons_radio/radio-udaan.webp||https://stream.radioudaan.com/listen/radio_udaan/radio.mp3
t_radio|Classic|Radio Welcome 90.8 FM|https://cdn.jsdelivr.net/gh/kamleshwebnet/app_ar@main/icons_radio/radio-welcome-908-fm.webp||https://stream.zeno.fm/2tm4yz0pvxhvv
t_radio|Classic|Radio Wow|https://cdn.jsdelivr.net/gh/kamleshwebnet/app_ar@main/icons_radio/radio-wow.webp||https://stream.zeno.fm/d22wrdbst5quv
t_radio|Retro|Radio 90 FM|https://cdn.jsdelivr.net/gh/kamleshwebnet/app_ar@main/icons_radio/radio-90-fm.webp||https://ice42.securenetsystems.net/CR90?type=.mp3
t_radio|Retro|Radio Azad|https://cdn.jsdelivr.net/gh/kamleshwebnet/app_ar@main/icons_radio/radio-azad.webp||https://edge.mixlr.com/channel/uaphi
t_radio|Retro|Radio Faza|https://cdn.jsdelivr.net/gh/kamleshwebnet/app_ar@main/icons_radio/radio-faza.webp||https://radiocast.cr8tive-digital.com/radiofaza
t_radio|Devotional|Radio Madhuban|https://cdn.jsdelivr.net/gh/kamleshwebnet/app_ar@main/icons_radio/radio-madhuban.webp||https://icecast.bkwsu.eu:8443/radiomadhuban.ogg
t_radio|Retro|Radio Nevada|https://cdn.jsdelivr.net/gh/kamleshwebnet/app_ar@main/icons_radio/radio-nevada.webp||https://a7.asurahosting.com:8140/radio.mp3
t_radio|Ghazal|Radio Zindagi|https://cdn.jsdelivr.net/gh/kamleshwebnet/app_ar@main/icons_radio/radio-zindagi.webp||https://us9.maindigitalstream.com/ssl/RadioZindagi
t_radio|Devotional|Rajeev Dixit Radio|https://cdn.jsdelivr.net/gh/kamleshwebnet/app_ar@main/icons_radio/rajeev-dixit-radio.webp||https://stream.zeno.fm/heqderzet68uv
t_radio|Romantic|Rangeela Radio|https://cdn.jsdelivr.net/gh/kamleshwebnet/app_ar@main/icons_radio/rangeela-radio.webp||https://rangeelaradio.radioca.st/;
t_radio|Artist Radio|Arijit Singh|https://cdn.jsdelivr.net/gh/kamleshwebnet/app_ar@main/icons_radio/arijit-singh.webp||https://stream.zeno.fm/rfpf8qec94zuv
t_radio|Artist Radio|A R Rahman|https://cdn.jsdelivr.net/gh/kamleshwebnet/app_ar@main/icons_radio/a-r-rahman.webp||https://stream.zeno.fm/xk3g6h1vsa0uv
t_radio|Artist Radio|Asha Bhosle|https://cdn.jsdelivr.net/gh/kamleshwebnet/app_ar@main/icons_radio/asha-bhosle.webp||https://stream.zeno.fm/55dqsbewxwzuv
t_radio|Artist Radio|Himesh Reshamiya|https://cdn.jsdelivr.net/gh/kamleshwebnet/app_ar@main/icons_radio/himesh-reshamiya.webp||https://stream.zeno.fm/wg53ebxp8hhvv
t_radio|Artist Radio|Kishore Kumar|https://cdn.jsdelivr.net/gh/kamleshwebnet/app_ar@main/icons_radio/kishore-kumar.webp||https://stream.zeno.fm/0ghtfp8ztm0uv
t_radio|Artist Radio|Lata Mangeshkar|https://cdn.jsdelivr.net/gh/kamleshwebnet/app_ar@main/icons_radio/lata-mangeshkar.webp||https://stream.zeno.fm/87xam8pf7tzuv
t_radio|Artist Radio|Mohammad Rafi|https://cdn.jsdelivr.net/gh/kamleshwebnet/app_ar@main/icons_radio/mohammad-rafi.webp||https://stream.zeno.fm/2xx62x8ztm0uv
t_radio|Artist Radio|Amit Trivedi|https://cdn.jsdelivr.net/gh/kamleshwebnet/app_ar@main/icons_radio/amit-trivedi.webp||https://drive.uber.radio/uber/bollywoodamittrivedi/icecast.audio
t_radio|Artist Radio|Mukesh|https://cdn.jsdelivr.net/gh/kamleshwebnet/app_ar@main/icons_radio/mukesh.webp||https://stream.zeno.fm/mrcz5sus1p8uv
t_radio|Artist Radio|Shreya Ghosal|https://cdn.jsdelivr.net/gh/kamleshwebnet/app_ar@main/icons_radio/shreya-ghosal.webp||https://drive.uber.radio/uber/bollywoodshreyaghosal/icecast.audio
t_radio|Artist Radio|Neha Kakkar|https://cdn.jsdelivr.net/gh/kamleshwebnet/app_ar@main/icons_radio/neha-kakkar.webp||https://drive.uber.radio/uber/bollywoodneharkakkar/icecast.audio
t_radio|Artist Radio|Sonu Nigam|https://cdn.jsdelivr.net/gh/kamleshwebnet/app_ar@main/icons_radio/sonu-nigam.webp||https://drive.uber.radio/uber/bollywoodsonunigam/icecast.audio
t_radio|Artist Radio|Badshah|https://cdn.jsdelivr.net/gh/kamleshwebnet/app_ar@main/icons_radio/badshah.webp||https://stream.zeno.fm/mhttovf7xygtv
t_radio|Artist Radio|Atif Aslam|https://cdn.jsdelivr.net/gh/kamleshwebnet/app_ar@main/icons_radio/atif-aslam.webp||https://drive.uber.radio/uber/bollywoodatifaslam/icecast.audio
t_radio|Artist Radio|Yo Yo Honey Singh|https://cdn.jsdelivr.net/gh/kamleshwebnet/app_ar@main/icons_radio/yo-yo-honey-singh.webp||https://drive.uber.radio/uber/bollywoodyoyohoneysingh/icecast.audio
t_radio|Artist Radio|Armaan Malik|https://cdn.jsdelivr.net/gh/kamleshwebnet/app_ar@main/icons_radio/armaan-malik.webp||https://drive.uber.radio/uber/bollywoodarmaanmalik/icecast.audio
t_radio|Artist Radio|Alka Yagnik|https://cdn.jsdelivr.net/gh/kamleshwebnet/app_ar@main/icons_radio/alka-yagnik.webp||https://drive.uber.radio/uber/bollywoodalkayagnik/icecast.audio
t_radio|Artist Radio|Mohammad Aziz|https://cdn.jsdelivr.net/gh/kamleshwebnet/app_ar@main/icons_radio/mohammad-aziz.webp||https://stream.zeno.fm/p5ny63td1d0uv
t_radio|Artist Radio|Pritam Radio|https://cdn.jsdelivr.net/gh/kamleshwebnet/app_ar@main/icons_radio/pritam-radio.webp||https://drive.uber.radio/uber/bollywoodpritam/icecast.audio
t_radio|Artist Radio|Shah Rukh Khan|https://cdn.jsdelivr.net/gh/kamleshwebnet/app_ar@main/icons_radio/shah-rukh-khan.webp||https://drive.uber.radio/uber/bollywoodshahrukhkhan/icecast.audio
t_radio|Artist Radio|Vishal and Shekhar|https://cdn.jsdelivr.net/gh/kamleshwebnet/app_ar@main/icons_radio/vishal-and-shekhar.webp||https://drive.uber.radio/uber/bollywoodvishalandshekhar/icecast.audio
t_radio|Artist Radio|Nusrat Fateh Ali Khan|https://cdn.jsdelivr.net/gh/kamleshwebnet/app_ar@main/icons_radio/nusrat-fateh-ali-khan.webp||https://stream.zeno.fm/479zgk9hhbruv
t_radio|Artist Radio|Diljit Dosanjh|https://cdn.jsdelivr.net/gh/kamleshwebnet/app_ar@main/icons_radio/diljit-dosanjh.webp||https://stream.zeno.fm/gn4txvg9ps8uv
t_radio|Devotional|Bhakti Sangeet|https://cdn.jsdelivr.net/gh/kamleshwebnet/app_ar@main/icons_radio/bhakti-sangeet.webp||https://stream.zeno.fm/ut3kgm1vsa0uv
t_radio|Devotional|Bhakti Sudha|https://cdn.jsdelivr.net/gh/kamleshwebnet/app_ar@main/icons_radio/bhakti-sudha.webp||https://n0a.radiojar.com/cfqyfcspcv8uv
t_radio|Devotional|Bhajan Radio|https://cdn.jsdelivr.net/gh/kamleshwebnet/app_ar@main/icons_radio/bhajan-radio.webp||https://stream.zeno.fm/93hyvktzw7zuv
t_radio|Devotional|Radio Urja|https://cdn.jsdelivr.net/gh/kamleshwebnet/app_ar@main/icons_radio/radio-urja.webp||https://stream.zeno.fm/v1xxs012muhvv
t_radio|Devotional|Bhakti Radio|https://cdn.jsdelivr.net/gh/kamleshwebnet/app_ar@main/icons_radio/bhakti-radio.webp||https://stream.zeno.fm/epylmeu4zf7vv
t_radio|Devotional|Bhagavad Gita|https://cdn.jsdelivr.net/gh/kamleshwebnet/app_ar@main/icons_radio/bhagavad-gita.webp||https://stream.zeno.fm/ijklcild1wrtv
t_radio|Devotional|Vishvas Radio|https://cdn.jsdelivr.net/gh/kamleshwebnet/app_ar@main/icons_radio/vishvas-radio.webp||http://servidor36-4.brlogic.com:7168/live
t_radio|Devotional|Radio Premchand|https://cdn.jsdelivr.net/gh/kamleshwebnet/app_ar@main/icons_radio/radio-premchand.webp||http://140.238.243.218/radio/8000/radio.mp3
t_radio|Devotional|Sanskar Radio|https://cdn.jsdelivr.net/gh/kamleshwebnet/app_ar@main/icons_radio/sanskar-radio.webp||http://radio.canstream.co.uk:8024/live.mp3
t_radio|Devotional|Manav Dharam Radio|https://cdn.jsdelivr.net/gh/kamleshwebnet/app_ar@main/icons_radio/manav-dharam-radio.webp||http://s2.radio.co/scf28863e4/listen
t_radio|Devotional|Prabhuji Radio|https://cdn.jsdelivr.net/gh/kamleshwebnet/app_ar@main/icons_radio/prabhuji-radio.webp||http://ais-edge106-live365-dal02.cdnstream.com/a24054
t_radio|Devotional|Classic Bhakthi Sangeet|https://cdn.jsdelivr.net/gh/kamleshwebnet/app_ar@main/icons_radio/classic-bhakthi-sangeet.webp||https://stream.zeno.fm/0p9elrnkeshtv
t_radio|Devotional|Radio Ananadha|https://cdn.jsdelivr.net/gh/kamleshwebnet/app_ar@main/icons_radio/radio-ananadha.webp||https://s2.radio.co/sd65cc0e23/listen
t_radio|Devotional|Radio Namaste|https://cdn.jsdelivr.net/gh/kamleshwebnet/app_ar@main/icons_radio/radio-namaste.webp||https://stream.zeno.fm/eapx1hpkehvvv
t_radio|Devotional|Shreemad Bhagwad Gita|https://cdn.jsdelivr.net/gh/kamleshwebnet/app_ar@main/icons_radio/shreemad-bhagwad-gita.webp||https://stream.zeno.fm/wt3zvx5ccnruv
t_radio|Devotional|Radio Prabhat|https://cdn.jsdelivr.net/gh/kamleshwebnet/app_ar@main/icons_radio/radio-prabhat.webp||https://stream.zeno.fm/2u5wz5p37vzuv
t_radio|Ghazal|Shaam E Ghazal|https://cdn.jsdelivr.net/gh/kamleshwebnet/app_ar@main/icons_radio/shaam-e-ghazal.webp||https://stream.zeno.fm/9zc25sfe268uv
t_radio|Ghazal|Mishal Radio|https://cdn.jsdelivr.net/gh/kamleshwebnet/app_ar@main/icons_radio/mishal-radio.webp||https://stream.zeno.fm/q2suy3q8mg0uv
t_radio|Ghazal|Best Ghazals|https://cdn.jsdelivr.net/gh/kamleshwebnet/app_ar@main/icons_radio/best-ghazals.webp||https://stream.zeno.fm/1rkrpc4d0k8uv
t_radio|Ghazal|Best Of Ghazals|https://cdn.jsdelivr.net/gh/kamleshwebnet/app_ar@main/icons_radio/best-of-ghazals.webp||https://stream.zeno.fm/yo0kzyzedittv
t_radio|Classic|Agra Radio|https://cdn.jsdelivr.net/gh/kamleshwebnet/app_ar@main/icons_radio/agra-radio.webp||https://stream.zeno.fm/m1krtxpk11zuv
t_radio|Retro|Bollywood 1990s|https://cdn.jsdelivr.net/gh/kamleshwebnet/app_ar@main/icons_radio/bollywood-1990s.webp||https://drive.uber.radio/uber/bollywood1990s/icecast.audio
t_radio|Retro|Bollywood 2000s|https://cdn.jsdelivr.net/gh/kamleshwebnet/app_ar@main/icons_radio/bollywood-2000s.webp||https://drive.uber.radio/uber/bollywood2000s/icecast.audio
t_radio|Retro|Bollywood 2010s|https://cdn.jsdelivr.net/gh/kamleshwebnet/app_ar@main/icons_radio/bollywood-2010s.webp||https://drive.uber.radio/uber/bollywood2010s/icecast.audio
t_radio|Bollywood|Bollywood Brunch|https://cdn.jsdelivr.net/gh/kamleshwebnet/app_ar@main/icons_radio/bollywood-brunch.webp||https://stream.zeno.fm/39mkyw88bshvv
t_radio|Bollywood|Bollywood Dil Se|https://cdn.jsdelivr.net/gh/kamleshwebnet/app_ar@main/icons_radio/bollywood-dil-se.webp||https://stream.zeno.fm/143d7gty24zuv
t_radio|Classic|Bollywood Gold Revivals|https://cdn.jsdelivr.net/gh/kamleshwebnet/app_ar@main/icons_radio/bollywood-gold-revivals.webp||https://stream.zeno.fm/0xsvm1nr7a5tv
t_radio|Bollywood|Bollywood Hits|https://cdn.jsdelivr.net/gh/kamleshwebnet/app_ar@main/icons_radio/bollywood-hits.webp||https://stream.zeno.fm/daqib2dazfnuv
t_radio|Bollywood|Bollywood is US|https://cdn.jsdelivr.net/gh/kamleshwebnet/app_ar@main/icons_radio/bollywood-is-us.webp||https://stream.zeno.fm/brpb679fq2zuv
t_radio|Classic|Bollywood Old Hits Radio|https://cdn.jsdelivr.net/gh/kamleshwebnet/app_ar@main/icons_radio/bollywood-old-hits-radio.webp||https://stream.zeno.fm/1efk8x1cf18uv
t_radio|Bollywood|Bollywood Sad Songs Live Radio|https://cdn.jsdelivr.net/gh/kamleshwebnet/app_ar@main/icons_radio/bollywood-sad-songs-live-radio.webp||https://stream.zeno.fm/yvqymrxdxi7vv
t_radio|Bollywood|Bollywood Super Cool Hits|https://cdn.jsdelivr.net/gh/kamleshwebnet/app_ar@main/icons_radio/bollywood-super-cool-hits.webp||https://stream.zeno.fm/xqsikanrsywvv
t_radio|Classic|Chandan Radio|https://cdn.jsdelivr.net/gh/kamleshwebnet/app_ar@main/icons_radio/chandan-radio.webp||https://stream.zeno.fm/we5qx49eguhvv
t_radio|Classic|Delhi FM|https://cdn.jsdelivr.net/gh/kamleshwebnet/app_ar@main/icons_radio/delhi-fm.webp||https://stream.zeno.fm/q6w8u1hg3v8uv
t_radio|Classic|Dil ki Awaaz|https://cdn.jsdelivr.net/gh/kamleshwebnet/app_ar@main/icons_radio/dil-ki-awaaz.webp||https://stream.zeno.fm/qbvlky6yxiytv
t_radio|Classic|Evergreen Old Hindi Melodies|https://cdn.jsdelivr.net/gh/kamleshwebnet/app_ar@main/icons_radio/evergreen-old-hindi-melodies.webp||https://stream.zeno.fm/gqt7yy9pc0hvv
t_radio|Classic|Gaane Purane|https://cdn.jsdelivr.net/gh/kamleshwebnet/app_ar@main/icons_radio/gaane-purane.webp||https://stream.zeno.fm/6n6ewddtad0uv
t_radio|Classic|Golden Voice|https://cdn.jsdelivr.net/gh/kamleshwebnet/app_ar@main/icons_radio/golden-voice.webp||https://stream.zeno.fm/sgoqws7n8njuv
t_radio|Classic|Goldy Blast|https://cdn.jsdelivr.net/gh/kamleshwebnet/app_ar@main/icons_radio/goldy-blast.webp||https://stream.zeno.fm/f15rqvwa6p8uv
t_radio|Classic|Goldy Classic|https://cdn.jsdelivr.net/gh/kamleshwebnet/app_ar@main/icons_radio/goldy-classic.webp||https://stream.zeno.fm/hx2wtsw2kwkuv
t_radio|Classic|Goldy Cool|https://cdn.jsdelivr.net/gh/kamleshwebnet/app_ar@main/icons_radio/goldy-cool.webp||https://stream.zeno.fm/3k1fb86tfm8uv
t_radio|Classic|Goldy Evergreen|https://cdn.jsdelivr.net/gh/kamleshwebnet/app_ar@main/icons_radio/goldy-evergreen.webp||https://stream.zeno.fm/n2fd0edh9k8uv
t_radio|Classic|Goldy Fresh|https://cdn.jsdelivr.net/gh/kamleshwebnet/app_ar@main/icons_radio/goldy-fresh.webp||https://stream.zeno.fm/5qp76a5h3p8uv
t_radio|Classic|Hindi Radio 1|https://cdn.jsdelivr.net/gh/kamleshwebnet/app_ar@main/icons_radio/hindi-radio-1.webp||https://stream.zeno.fm/7uw2w4yf7tzuv
t_radio|Classic|Hit of Bollywood|https://cdn.jsdelivr.net/gh/kamleshwebnet/app_ar@main/icons_radio/hit-of-bollywood.webp||https://stream.zeno.fm/60ef4p33vxquv
t_radio|Classic|Hits Bollywood Hindi FM|https://cdn.jsdelivr.net/gh/kamleshwebnet/app_ar@main/icons_radio/hits-bollywood-hindi-fm.webp||https://stream.zeno.fm/rqqps6cbe3quv
t_radio|Classic|Hits of Bollywood|https://cdn.jsdelivr.net/gh/kamleshwebnet/app_ar@main/icons_radio/hits-of-bollywood.webp||https://stream.zeno.fm/a2gyqzwpwfeuv
t_radio|Classic|Josh FM|https://cdn.jsdelivr.net/gh/kamleshwebnet/app_ar@main/icons_radio/josh-fm.webp||https://stream.zeno.fm/cw3cggbv1ceuv
t_radio|Classic|Katihar Radio|https://cdn.jsdelivr.net/gh/kamleshwebnet/app_ar@main/icons_radio/katihar-radio.webp||https://stream.zeno.fm/27d11qgm2p8uv
t_radio|Classic|Madhur Sangeet|https://cdn.jsdelivr.net/gh/kamleshwebnet/app_ar@main/icons_radio/madhur-sangeet.webp||https://stream.zeno.fm/yv2k0dp18vzuv
t_radio|Classic|Malhans Hindi HQ Radio Canada|https://cdn.jsdelivr.net/gh/kamleshwebnet/app_ar@main/icons_radio/malhans-hindi-hq-radio-canada.webp||https://stream.zeno.fm/2a5spg7xyp8uv
t_radio|Classic|Mohabbat Radio|https://cdn.jsdelivr.net/gh/kamleshwebnet/app_ar@main/icons_radio/mohabbat-radio.webp||https://stream.zeno.fm/u7dyh8zsgtzuv
t_radio|Classic|Mumbai Radio|https://cdn.jsdelivr.net/gh/kamleshwebnet/app_ar@main/icons_radio/mumbai-radio.webp||https://stream.zeno.fm/u2ut6sspp2zuv
t_radio|Bollywood|Music Station|https://cdn.jsdelivr.net/gh/kamleshwebnet/app_ar@main/icons_radio/music-station.webp||https://stream.zeno.fm/om9jek6w4zstv
t_radio|Romantic|My Radio Classic|https://cdn.jsdelivr.net/gh/kamleshwebnet/app_ar@main/icons_radio/my-radio-classic.webp||https://stream.zeno.fm/1k1x6z5whm0uv
t_radio|Romantic|New Hits of Bollywood|https://cdn.jsdelivr.net/gh/kamleshwebnet/app_ar@main/icons_radio/new-hits-of-bollywood.webp||https://stream.zeno.fm/kr08sxc2tfeuv
t_radio|Retro|Nostalgic Bollywood 90s|https://cdn.jsdelivr.net/gh/kamleshwebnet/app_ar@main/icons_radio/nostalgic-bollywood-90s.webp||https://stream.zeno.fm/4gfevnscvp8uv?
t_radio|Romantic|OMD Radio|https://cdn.jsdelivr.net/gh/kamleshwebnet/app_ar@main/icons_radio/omd-radio.webp||https://stream.zeno.fm/bc8t20d6vwzuv
t_radio|Retro|Radio 88|https://cdn.jsdelivr.net/gh/kamleshwebnet/app_ar@main/icons_radio/radio-88.webp||https://stream.zeno.fm/2dqen16529duv
t_radio|Retro|Radio Aaditi|https://cdn.jsdelivr.net/gh/kamleshwebnet/app_ar@main/icons_radio/radio-aaditi.webp||https://stream.zeno.fm/ynjkcll5jgctv
t_radio|Retro|Radio Andaaz|https://cdn.jsdelivr.net/gh/kamleshwebnet/app_ar@main/icons_radio/radio-andaaz.webp||https://stream.zeno.fm/7681nkdb0rhvv
t_radio|Retro|Radio Badal|https://cdn.jsdelivr.net/gh/kamleshwebnet/app_ar@main/icons_radio/radio-badal.webp||https://stream.zeno.fm/nhrtcxg09u8uv
t_radio|Retro|Radio Banarasi|https://cdn.jsdelivr.net/gh/kamleshwebnet/app_ar@main/icons_radio/radio-banarasi.webp||https://stream.zeno.fm/pw7nghtau0hvv
t_radio|Retro|Radio Bollywood 90s|https://cdn.jsdelivr.net/gh/kamleshwebnet/app_ar@main/icons_radio/radio-bollywood-90s.webp||https://stream.zeno.fm/rm4i9pdex3cuv
t_radio|Retro|Radio Deewana|https://cdn.jsdelivr.net/gh/kamleshwebnet/app_ar@main/icons_radio/radio-deewana.webp||https://stream.zeno.fm/x1q3r3qdxy8uv
t_radio|Retro|Radio Humsafar|https://cdn.jsdelivr.net/gh/kamleshwebnet/app_ar@main/icons_radio/radio-humsafar.webp||https://stream.zeno.fm/szfmr54krc9uv
t_radio|Retro|Radio Jagriti|https://cdn.jsdelivr.net/gh/kamleshwebnet/app_ar@main/icons_radio/radio-jagriti.webp||https://stream.zeno.fm/kgdue4hmffhvv
t_radio|Retro|Radio Live Bollywood Retro|https://cdn.jsdelivr.net/gh/kamleshwebnet/app_ar@main/icons_radio/radio-live-bollywood-retro.webp||https://stream.zeno.fm/8boxf3dsbp3vv
t_radio|Ghazal|Radio Madhoshi|https://cdn.jsdelivr.net/gh/kamleshwebnet/app_ar@main/icons_radio/radio-madhoshi.webp||https://stream.zeno.fm/7rsl8fsccf8uv
t_radio|Retro|Radio Madhur|https://cdn.jsdelivr.net/gh/kamleshwebnet/app_ar@main/icons_radio/radio-madhur.webp||https://stream.zeno.fm/w50verzbyckvv
t_radio|Retro|Radio Masti|https://cdn.jsdelivr.net/gh/kamleshwebnet/app_ar@main/icons_radio/radio-masti.webp||https://stream.zeno.fm/mtbm481cntzuv
t_radio|Bollywood|Radio Namkin|https://cdn.jsdelivr.net/gh/kamleshwebnet/app_ar@main/icons_radio/radio-namkin.webp||https://stream.zeno.fm/yg1qhsbaqv5tv
t_radio|Retro|Radio Navrang|https://cdn.jsdelivr.net/gh/kamleshwebnet/app_ar@main/icons_radio/radio-navrang.webp||https://stream.zeno.fm/p3zdanqovy2tv
t_radio|Retro|Radio Puraina|https://cdn.jsdelivr.net/gh/kamleshwebnet/app_ar@main/icons_radio/radio-puraina.webp||https://stream.zeno.fm/eryjzxpzptptv
t_radio|Retro|Radio Rainbow|https://cdn.jsdelivr.net/gh/kamleshwebnet/app_ar@main/icons_radio/radio-rainbow.webp||https://stream.zeno.fm/x4hk2f8eqm0uv
t_radio|Retro|Radio Retro Bollywood|https://cdn.jsdelivr.net/gh/kamleshwebnet/app_ar@main/icons_radio/radio-retro-bollywood.webp||https://stream.zeno.fm/g372rxef798uv
t_radio|Retro|Radio Timez|https://cdn.jsdelivr.net/gh/kamleshwebnet/app_ar@main/icons_radio/radio-timez.webp||https://stream.zeno.fm/a5217k8wkc9uv
t_radio|Retro|Retro Bollywood|https://cdn.jsdelivr.net/gh/kamleshwebnet/app_ar@main/icons_radio/retro-bollywood.webp||https://stream.zeno.fm/v2zfmxef798uv
t_radio|Retro|Retro Bollywood 90s|https://cdn.jsdelivr.net/gh/kamleshwebnet/app_ar@main/icons_radio/retro-bollywood-90s.webp||https://stream.zeno.fm/fdgs82xkzhhvv
t_radio|Retro|Rgazom FM|https://cdn.jsdelivr.net/gh/kamleshwebnet/app_ar@main/icons_radio/rgazom-fm.webp||https://stream.zeno.fm/yggpdpe2g4fvv
t_radio|Retro|Rocker Hindi Gold 2|https://cdn.jsdelivr.net/gh/kamleshwebnet/app_ar@main/icons_radio/rocker-hindi-gold-2.webp||https://stream.zeno.fm/btrks671ynhvv
t_radio|Retro|Rocker Radio Geetmala|https://cdn.jsdelivr.net/gh/kamleshwebnet/app_ar@main/icons_radio/rocker-radio-geetmala.webp||https://stream.zeno.fm/du9443htcfhvv
t_radio|Retro|Rocker Radio Hindi Gold|https://cdn.jsdelivr.net/gh/kamleshwebnet/app_ar@main/icons_radio/rocker-radio-hindi-gold.webp||https://stream.zeno.fm/6k9br3vydf9uv
t_radio|Retro|Rocker Radio Hindi Gold 70-90|https://cdn.jsdelivr.net/gh/kamleshwebnet/app_ar@main/icons_radio/rocker-radio-hindi-gold-70-90.webp||https://stream.zeno.fm/uu4ah8gn4ehvv
t_radio|Retro|Sangeet FM|https://cdn.jsdelivr.net/gh/kamleshwebnet/app_ar@main/icons_radio/sangeet-fm.webp||https://stream.zeno.fm/yuh30d3dxtzuv
t_radio|Retro|Shnasa Radio|https://cdn.jsdelivr.net/gh/kamleshwebnet/app_ar@main/icons_radio/shnasa-radio.webp||https://stream.zeno.fm/parck8te798uv
t_radio|Retro|Sur Dhanush|https://cdn.jsdelivr.net/gh/kamleshwebnet/app_ar@main/icons_radio/sur-dhanush.webp||https://stream.zeno.fm/sfuav9vbe18uv
t_radio|Retro|Wi Fi Zone FM|https://cdn.jsdelivr.net/gh/kamleshwebnet/app_ar@main/icons_radio/wi-fi-zone-fm.webp||https://stream.zeno.fm/x69f77dtfa0uv
t_radio|Retro|Z Redio|https://cdn.jsdelivr.net/gh/kamleshwebnet/app_ar@main/icons_radio/z-redio.webp||https://stream.zeno.fm/0xxput979e9uv
t_radio|Misc|Radio Mirchi|https://cdn.jsdelivr.net/gh/kamleshwebnet/app_ar@main/icons_radio/radio-mirchi.webp||https://eu8.fastcast4u.com/proxy/clyedupq?mp=%2F1
t_radio|Misc|Suno 102.4 FM|https://cdn.jsdelivr.net/gh/kamleshwebnet/app_ar@main/icons_radio/suno-1024-fm.webp||http://51.255.235.165:5476/;stream.mp3
t_radio|Misc|Spice FM Uk|https://cdn.jsdelivr.net/gh/kamleshwebnet/app_ar@main/icons_radio/spice-fm-uk.webp||https://spice988fm.radioca.st/stream or http://philae.shoutca.st:8212/stream
t_radio|Misc|Aashiqanaa|https://cdn.jsdelivr.net/gh/kamleshwebnet/app_ar@main/icons_radio/aashiqanaa.webp||https://mars.streamerr.co/8154/stream or https://sp14.instainternet.com/8254/stream or https://sonic.onlineaudience.co.uk/8114/stream
t_radio|Misc|Kadak FM|https://cdn.jsdelivr.net/gh/kamleshwebnet/app_ar@main/icons_radio/kadak-fm.webp||https://admn-radio-cdn-lb.starzplayarabia.com/out/v1/admn_radio_enc/kadak/kadak_hls_nd/index.m3u8
t_radio|Misc|SBS South Asian|https://cdn.jsdelivr.net/gh/kamleshwebnet/app_ar@main/icons_radio/sbs-south-asian.webp||https://sbs-ice.streamguys1.com/sbs-popdesi
t_radio|Misc|Ujala Radio|https://cdn.jsdelivr.net/gh/kamleshwebnet/app_ar@main/icons_radio/ujala-radio.webp||https://server4.ujala.nl/stream/2/listen.mp3
t_radio|Misc|EBC Radio|https://cdn.jsdelivr.net/gh/kamleshwebnet/app_ar@main/icons_radio/ebc-radio.webp||https://ice7.securenetsystems.net/WWTR? or http://ice7.securenetsystems.net/WWTR
t_radio|Misc|Lotus FM|https://cdn.jsdelivr.net/gh/kamleshwebnet/app_ar@main/icons_radio/lotus-fm.webp||https://playerservices.streamtheworld.com/api/livestream-redirect/LOTUSFMAAC.aac
t_radio|Misc|Bolly Bop|https://cdn.jsdelivr.net/gh/kamleshwebnet/app_ar@main/icons_radio/bolly-bop.webp||https://s3.radio.co/s2f19d44d0/listen
t_radio|Misc|Suno 87.7 FM|https://cdn.jsdelivr.net/gh/kamleshwebnet/app_ar@main/icons_radio/suno-877-fm.webp||https://playerservices.streamtheworld.com/api/livestream-redirect/SP_R4994213_SC
t_radio|Misc|Tune India|https://cdn.jsdelivr.net/gh/kamleshwebnet/app_ar@main/icons_radio/tune-india.webp||https://s2.radio.co/se5e166e2f/listen
t_radio|Misc|V4U Radio|https://cdn.jsdelivr.net/gh/kamleshwebnet/app_ar@main/icons_radio/v4u-radio.webp||https://a6.asurahosting.com:7130/radio.mp3
t_radio|Misc|Hindvani|https://cdn.jsdelivr.net/gh/kamleshwebnet/app_ar@main/icons_radio/hindvani.webp||https://edge.iono.fm/xice/129_high.aac
t_radio|Misc|ambur radio|https://cdn.jsdelivr.net/gh/kamleshwebnet/app_ar@main/icons_radio/ambur-radio.webp||https://s33.myradiostream.com:8388/listen.mp3
t_radio|Misc|Humm FM|https://cdn.jsdelivr.net/gh/kamleshwebnet/app_ar@main/icons_radio/humm-fm.webp||https://mediaworks.streamguys1.com/humm_net/playlist.m3u8 or https://mediaworks.streamguys1.com/humm_net/playlist.m3u8
t_radio|Misc|unity 101|https://cdn.jsdelivr.net/gh/kamleshwebnet/app_ar@main/icons_radio/unity-101.webp||https://ssl.canstream.co.uk:8701/live.mp3
t_radio|Misc|Easy 96 FM|https://cdn.jsdelivr.net/gh/kamleshwebnet/app_ar@main/icons_radio/easy-96-fm.webp||https://ice8.securenetsystems.net/EASY96?type=.mp3 or https://ice8.securenetsystems.net/EASY96?type=.mp3
t_radio|Misc|Asian Star FM|https://cdn.jsdelivr.net/gh/kamleshwebnet/app_ar@main/icons_radio/asian-star-fm.webp||https://radio.canstream.co.uk:9067/live.mp3
t_radio|Misc|Brisvaani|https://cdn.jsdelivr.net/gh/kamleshwebnet/app_ar@main/icons_radio/brisvaani.webp||http://centova71.instainternet.com/proxy/brisvaaniradio?mp=/stream
t_radio|Misc|Oye India|https://cdn.jsdelivr.net/gh/kamleshwebnet/app_ar@main/icons_radio/oye-india.webp||https://hbhamra4.radioca.st/stream.mp3 or https://stream.zeno.fm/cgrwb1hd4v8uv
t_radio|Misc|Radio Dhoom|https://cdn.jsdelivr.net/gh/kamleshwebnet/app_ar@main/icons_radio/radio-dhoom.webp||https://servidor37.brlogic.com:7502/live
t_radio|Misc|aasman radio|https://cdn.jsdelivr.net/gh/kamleshwebnet/app_ar@main/icons_radio/aasman-radio.webp||https://aasman_radio.ice.infomaniak.ch/aasmanradio.mp3
t_radio|Misc|radio anardana|https://cdn.jsdelivr.net/gh/kamleshwebnet/app_ar@main/icons_radio/radio-anardana.webp||http://85.25.185.202:8055/;stream.mp3
t_radio|Misc|Indi FUN|https://cdn.jsdelivr.net/gh/kamleshwebnet/app_ar@main/icons_radio/indi-fun.webp||https://indifun.net/stream
t_radio|Misc|Apna 990 AM|https://cdn.jsdelivr.net/gh/kamleshwebnet/app_ar@main/icons_radio/apna-990-am.webp||https://playerservices.streamtheworld.com/api/livestream-redirect/NZME_236.mp3
t_radio|Misc|Radio Sajawaat|https://cdn.jsdelivr.net/gh/kamleshwebnet/app_ar@main/icons_radio/radio-sajawaat.webp||https://usa3.fastcast4u.com/proxy/radiosajawat?mp=/1
t_radio|Misc|Radio Kesari|https://cdn.jsdelivr.net/gh/kamleshwebnet/app_ar@main/icons_radio/radio-kesari.webp||https://stream.zeno.fm/vk4ye95hnxhvv
t_radio|Misc|Asian Radio|https://cdn.jsdelivr.net/gh/kamleshwebnet/app_ar@main/icons_radio/asian-radio.webp||https://cast6.asurahosting.com/proxy/asianrad/stream
t_radio|Misc|Radio Badlapur|https://cdn.jsdelivr.net/gh/kamleshwebnet/app_ar@main/icons_radio/radio-badlapur.webp||https://streamasiahlscdn.atc-labs.com/radiobadlapur.m3u8
t_radio|Misc|Spice Radio|https://cdn.jsdelivr.net/gh/kamleshwebnet/app_ar@main/icons_radio/spice-radio.webp||http://134.209.0.236:8000/CJRJ
t_radio|Misc|HUM FM|https://cdn.jsdelivr.net/gh/kamleshwebnet/app_ar@main/icons_radio/hum-fm.webp||https://ice10.securenetsystems.net/HUMFM?type=.mp3
t_radio|Misc|Fun Asia|https://cdn.jsdelivr.net/gh/kamleshwebnet/app_ar@main/icons_radio/fun-asia.webp||https://funasia.streamguys1.com/live-1?_=1596332823914
t_radio|Misc|Mirchi FIJI|https://cdn.jsdelivr.net/gh/kamleshwebnet/app_ar@main/icons_radio/mirchi-fiji.webp||https://icecast1.sere.plus/MirchiFiji
t_radio|Misc|Navtarang FM|https://cdn.jsdelivr.net/gh/kamleshwebnet/app_ar@main/icons_radio/navtarang-fm.webp||https://stream.rcs.revma.com/5f56gd8a303vv
t_radio|Misc|Taal FM|https://cdn.jsdelivr.net/gh/kamleshwebnet/app_ar@main/icons_radio/taal-fm.webp||https://radio.mbconline.xyz/hls/tallfm.m3u8
t_radio|Misc|Radio Noida|https://cdn.jsdelivr.net/gh/kamleshwebnet/app_ar@main/icons_radio/radio-noida.webp||https://stream.zeno.fm/xbz9wlgsygyuv
t_radio|Misc|Sunrise Radio|https://cdn.jsdelivr.net/gh/kamleshwebnet/app_ar@main/icons_radio/sunrise-radio.webp||https://stream1.themediasite.co.uk/8070/stream
t_radio|Misc|cmr hindi fm|https://cdn.jsdelivr.net/gh/kamleshwebnet/app_ar@main/icons_radio/cmr-hindi-fm.webp||https://radio.cmr24.fm/CMR/CMR/icecast.audio
t_radio|Misc|cmr hindi hd|https://cdn.jsdelivr.net/gh/kamleshwebnet/app_ar@main/icons_radio/cmr-hindi-hd.webp||https://radio.cmr24.fm/CMR/Desi_Music/icecast.audio
t_radio|Misc|amor fm|https://cdn.jsdelivr.net/gh/kamleshwebnet/app_ar@main/icons_radio/amor-fm.webp||https://amorfm192.streampartner.nl/stream
t_radio|Misc|Radio XL|https://cdn.jsdelivr.net/gh/kamleshwebnet/app_ar@main/icons_radio/radio-xl.webp||http://xlradio.co.uk:8000/;
t_radio|Misc|Meethi Mirchi|https://cdn.jsdelivr.net/gh/kamleshwebnet/app_ar@main/icons_radio/meethi-mirchi.webp||https://bhs.edge.mystreaming.net/uber/bollywoodnow/icecast.audio
