t_podcast|Spiritual|/chanakya-niti|Chanakya Niti|FOLDER|1|NO|URL|https://cdn.jsdelivr.net/gh/kamleshwebnet/app_ar@main/icons_podcast/chanakya-niti.webp|1|YES|https://anchor.fm/s/15d17ad0/podcast/rss|RSS|0|0|Philosophy
t_podcast|Lifestyle|/buddhas-stories-self-help-mental-health-and-psychology|Buddha's Stories: Self-Help, Mental Health and Psychology|FOLDER|1|NO|URL|https://cdn.jsdelivr.net/gh/kamleshwebnet/app_ar@main/icons_podcast/buddhas-stories-self-help-mental-health-and-psychology.webp|1|YES|https://feeds.acast.com/public/shows/6a54fa707987e974eae4c955|RSS|0|0|Self-Improvement
t_podcast|Spiritual|/shiv-puran-katha-in-hindi|Shiv Puran Katha in Hindi|FOLDER|1|NO|URL|https://cdn.jsdelivr.net/gh/kamleshwebnet/app_ar@main/icons_podcast/shiv-puran-katha-in-hindi.webp|1|YES|https://anchor.fm/s/ff7c88f0/podcast/rss|RSS|0|0|Hinduism
t_podcast|Entertainment|/bollywood-all-old-songs-70s-80s-90s|Bollywood All Old Songs 70s 80s 90s|FOLDER|1|NO|URL|https://cdn.jsdelivr.net/gh/kamleshwebnet/app_ar@main/icons_podcast/bollywood-all-old-songs-70s-80s-90s.webp|1|YES|https://media.rss.com/bollywood-all-old-songs-70s-80s-90s/feed.xml|RSS|0|0|Music
t_podcast|Lifestyle|/complete-bhagavad-gita-hindi|Complete Bhagavad Gita (Hindi)|FOLDER|1|NO|URL|https://cdn.jsdelivr.net/gh/kamleshwebnet/app_ar@main/icons_podcast/complete-bhagavad-gita-hindi.webp|1|YES|https://anchor.fm/s/10825b2b0/podcast/rss|RSS|0|0|Self-Improvement
t_podcast|Spiritual|/osho-hindi-podcast|Osho Hindi Podcast|FOLDER|1|NO|URL|https://cdn.jsdelivr.net/gh/kamleshwebnet/app_ar@main/icons_podcast/osho-hindi-podcast.webp|1|YES|https://www.spreaker.com/show/6141318/episodes/feed|RSS|0|0|Spirituality
t_podcast|Entertainment|/bollywood-hindi-new-songs|Bollywood Hindi New Songs|FOLDER|1|NO|URL|https://cdn.jsdelivr.net/gh/kamleshwebnet/app_ar@main/icons_podcast/bollywood-hindi-new-songs.webp|1|YES|https://media.rss.com/heart-trending-song-love-sad-romantic/feed.xml|RSS|0|0|Music Commentary
t_podcast|Spiritual|/stories-from-the-quran-by-meeran-malik|Stories From the Quran by Meera'n Malik|FOLDER|1|NO|URL|https://cdn.jsdelivr.net/gh/kamleshwebnet/app_ar@main/icons_podcast/stories-from-the-quran-by-meeran-malik.webp|1|YES|https://anchor.fm/s/1d8a54a4/podcast/rss|RSS|0|0|Islam
t_podcast|Lifestyle|/konja-neram-with-sj|Konja neram with SJ|FOLDER|1|NO|URL|https://cdn.jsdelivr.net/gh/kamleshwebnet/app_ar@main/icons_podcast/konja-neram-with-sj.webp|1|YES|https://anchor.fm/s/11011ab3c/podcast/rss|RSS|0|0|Society & Culture
t_podcast|Comedy|/bhaunchak|Bhaunchak|FOLDER|1|NO|URL|https://cdn.jsdelivr.net/gh/kamleshwebnet/app_ar@main/icons_podcast/bhaunchak.webp|1|YES|https://www.spreaker.com/show/6243326/episodes/feed|RSS|0|0|Comedy
t_podcast|Lifestyle|/personal-experiences-hindi-adult-stories|Personal Experiences- Hindi Adult Stories|FOLDER|1|NO|URL|https://cdn.jsdelivr.net/gh/kamleshwebnet/app_ar@main/icons_podcast/personal-experiences-hindi-adult-stories.webp|1|YES|https://www.spreaker.com/show/6090477/episodes/feed|RSS|0|0|Relationships
t_podcast|Stories|/indian-murder-mystery|Indian Murder Mystery|FOLDER|1|NO|URL|https://cdn.jsdelivr.net/gh/kamleshwebnet/app_ar@main/icons_podcast/indian-murder-mystery.webp|1|YES|https://www.omnycontent.com/d/playlist/8ce708b9-c3c2-4eaa-a27d-ac0f007c53c5/9b1096e1-2a15-4eb7-a013-ac0f009e8dba/e23a9be8-25d3-48f9-9d54-ac0f009e8dc4/podcast.rss|RSS|0|0|True Crime
t_podcast|Business|/side-notes-by-zerodha-varsity|Side Notes by Zerodha Varsity|FOLDER|1|NO|URL|https://cdn.jsdelivr.net/gh/kamleshwebnet/app_ar@main/icons_podcast/side-notes-by-zerodha-varsity.webp|1|YES|https://feeds.simplecast.com/HusrooqN|RSS|0|0|Investing
t_podcast|Comedy|/jokes-in-hindi|Jokes In Hindi|FOLDER|1|NO|URL|https://cdn.jsdelivr.net/gh/kamleshwebnet/app_ar@main/icons_podcast/jokes-in-hindi.webp|1|YES|https://anchor.fm/s/3a77f738/podcast/rss|RSS|0|0|Comedy
t_podcast|Entertainment|/teluguone-daily-news|Teluguone Daily News|FOLDER|1|NO|URL|https://cdn.jsdelivr.net/gh/kamleshwebnet/app_ar@main/icons_podcast/teluguone-daily-news.webp|1|YES|https://feeds.redcircle.com/5dbc14c5-0866-444d-afda-25151ee0bcb5|RSS|0|0|Entertainment News
t_podcast|Spiritual|/shri-krishna-kathalu-by-chaganti-koteshwara-rao|Shri Krishna Kathalu by Chaganti Koteshwara Rao|FOLDER|1|NO|URL|https://cdn.jsdelivr.net/gh/kamleshwebnet/app_ar@main/icons_podcast/shri-krishna-kathalu-by-chaganti-koteshwara-rao.webp|1|YES|https://anchor.fm/s/102a35914/podcast/rss|RSS|0|0|Hinduism
t_podcast|Knowledge|/cyber-safety-scam-alerts|Cyber Safety & Scam Alerts|FOLDER|1|NO|URL|https://cdn.jsdelivr.net/gh/kamleshwebnet/app_ar@main/icons_podcast/cyber-safety-scam-alerts.webp|1|YES|https://feed.podbean.com/cyber-safety/feed.xml|RSS|0|0|Technology
t_podcast|Spiritual|/bhagavad-gita|Bhagavad Gita|FOLDER|1|NO|URL|https://cdn.jsdelivr.net/gh/kamleshwebnet/app_ar@main/icons_podcast/bhagavad-gita.webp|1|YES|https://anchor.fm/s/52badfcc/podcast/rss|RSS|0|0|Spirituality
t_podcast|Lifestyle|/aleena-dissects|Aleena Dissects|FOLDER|1|NO|URL|https://cdn.jsdelivr.net/gh/kamleshwebnet/app_ar@main/icons_podcast/aleena-dissects.webp|1|YES|https://anchor.fm/s/f74891ec/podcast/rss|RSS|0|0|Society & Culture
t_podcast|Stories|/the-human-thread|The Human Thread|FOLDER|1|NO|URL|https://cdn.jsdelivr.net/gh/kamleshwebnet/app_ar@main/icons_podcast/the-human-thread.webp|1|YES|https://feeds.hubhopper.com/cb4402503bf75993b15b8f5f4eeff608.rss|RSS|0|0|Personal Journals
t_podcast|Business|/startuplanes-building-business-and-raising-funds|StartupLanes: Building Business and Raising Funds|FOLDER|1|NO|URL|https://cdn.jsdelivr.net/gh/kamleshwebnet/app_ar@main/icons_podcast/startuplanes-building-business-and-raising-funds.webp|1|YES|https://anchor.fm/s/114e64cf8/podcast/rss|RSS|0|0|Business
t_podcast|Knowledge|/cio-leadership-live-india|CIO Leadership Live: India|FOLDER|1|NO|URL|https://cdn.jsdelivr.net/gh/kamleshwebnet/app_ar@main/icons_podcast/cio-leadership-live-india.webp|1|YES|https://feeds.megaphone.fm/cio-leadership-live-india|RSS|0|0|Technology
t_podcast|Knowledge|/iti-itihaas|Iti Itihaas|FOLDER|1|NO|URL|https://cdn.jsdelivr.net/gh/kamleshwebnet/app_ar@main/icons_podcast/iti-itihaas.webp|1|YES|https://www.spreaker.com/show/5825605/episodes/feed|RSS|0|0|History
t_podcast|Lifestyle|/the-dark-psychology|The Dark Psychology|FOLDER|1|NO|URL|https://cdn.jsdelivr.net/gh/kamleshwebnet/app_ar@main/icons_podcast/the-dark-psychology.webp|1|YES|https://anchor.fm/s/11783bdec/podcast/rss|RSS|0|0|Society & Culture
t_podcast|Stories|/naami-giraami|Naami Giraami|FOLDER|1|NO|URL|https://cdn.jsdelivr.net/gh/kamleshwebnet/app_ar@main/icons_podcast/naami-giraami.webp|1|YES|https://www.spreaker.com/show/4921014/episodes/feed|RSS|0|0|Documentary
t_podcast|Stories|/stories-of-india-retold|Stories Of India Retold|FOLDER|1|NO|URL|https://cdn.jsdelivr.net/gh/kamleshwebnet/app_ar@main/icons_podcast/stories-of-india-retold.webp|1|YES|https://anchor.fm/s/116658abc/podcast/rss|RSS|0|0|Books
t_podcast|Lifestyle|/the-ayurvedic-podcast|The Ayurvedic Podcast|FOLDER|1|NO|URL|https://cdn.jsdelivr.net/gh/kamleshwebnet/app_ar@main/icons_podcast/the-ayurvedic-podcast.webp|1|YES|https://anchor.fm/s/10766e68c/podcast/rss|RSS|0|0|Alternative Health
t_podcast|Lifestyle|/user-manual-of-life-lessons-from-mahabharatham-telugu|User Manual Of Life - Lessons From Mahabharatham (Telugu)|FOLDER|1|NO|URL|https://cdn.jsdelivr.net/gh/kamleshwebnet/app_ar@main/icons_podcast/user-manual-of-life-lessons-from-mahabharatham-telugu.webp|1|YES|https://feeds.redcircle.com/b3e18a3c-5632-475a-854d-04d0c6e0b710|RSS|0|0|Relationships
t_podcast|Spiritual|/the-kings-temple|The King's Temple|FOLDER|1|NO|URL|https://cdn.jsdelivr.net/gh/kamleshwebnet/app_ar@main/icons_podcast/the-kings-temple.webp|1|YES|https://anchor.fm/s/af3abd8/podcast/rss|RSS|0|0|Christianity
t_podcast|Business|/communicate101-speaking-writing-tips|Communicate101: Speaking Writing Tips!|FOLDER|1|NO|URL|https://cdn.jsdelivr.net/gh/kamleshwebnet/app_ar@main/icons_podcast/communicate101-speaking-writing-tips.webp|1|YES|https://media.rss.com/terrified-of-public-speaking-for-senior-professionals/feed.xml|RSS|0|0|Management
t_podcast|Business|/agile-malayali-malayalam-podcast|Agile Malayali Malayalam Podcast|FOLDER|1|NO|URL|https://cdn.jsdelivr.net/gh/kamleshwebnet/app_ar@main/icons_podcast/agile-malayali-malayalam-podcast.webp|1|YES|https://anchor.fm/s/c1cd3f68/podcast/rss|RSS|0|0|Careers
t_podcast|Entertainment|/the-dhanya-varma-podcast-malayalam-interviews|The Dhanya Varma Podcast - Malayalam Interviews|FOLDER|1|NO|URL|https://cdn.jsdelivr.net/gh/kamleshwebnet/app_ar@main/icons_podcast/the-dhanya-varma-podcast-malayalam-interviews.webp|1|YES|https://anchor.fm/s/f68411a0/podcast/rss|RSS|0|0|Film Interviews
t_podcast|Business|/make-india-competitive-again|Make India Competitive Again|FOLDER|1|NO|URL|https://cdn.jsdelivr.net/gh/kamleshwebnet/app_ar@main/icons_podcast/make-india-competitive-again.webp|1|YES|https://feeds.transistor.fm/make-india-great-again|RSS|0|0|Business News
t_podcast|Entertainment|/the-bollywood-radio|The Bollywood Radio|FOLDER|1|NO|URL|https://cdn.jsdelivr.net/gh/kamleshwebnet/app_ar@main/icons_podcast/the-bollywood-radio.webp|1|YES|https://anchor.fm/s/27062d28/podcast/rss|RSS|0|0|TV & Film
t_podcast|News|/indicast-all-podcasts|Indicast - All Podcasts|FOLDER|1|NO|URL|https://cdn.jsdelivr.net/gh/kamleshwebnet/app_ar@main/icons_podcast/indicast-all-podcasts.webp|1|YES|https://theindicast.com/RSSFeeds/Indicast.xml|RSS|0|0|News Commentary
t_podcast|Lifestyle|/psychovedas|Psychovedas|FOLDER|1|NO|URL|https://cdn.jsdelivr.net/gh/kamleshwebnet/app_ar@main/icons_podcast/psychovedas.webp|1|YES|https://anchor.fm/s/b1b5a890/podcast/rss|RSS|0|0|Mental Health
t_podcast|Stories|/gumnam-saya-horror-stories-in-hindi|Gumnam Saya – Horror Stories in Hindi|FOLDER|1|NO|URL|https://cdn.jsdelivr.net/gh/kamleshwebnet/app_ar@main/icons_podcast/gumnam-saya-horror-stories-in-hindi.webp|1|YES|https://anchor.fm/s/11205b5c8/podcast/rss|RSS|0|0|Drama
t_podcast|Spiritual|/new-life-fellowship-manipal|New Life Fellowship Manipal|FOLDER|1|NO|URL|https://cdn.jsdelivr.net/gh/kamleshwebnet/app_ar@main/icons_podcast/new-life-fellowship-manipal.webp|1|YES|https://anchor.fm/s/198664b0/podcast/rss|RSS|0|0|Christianity
t_podcast|Spiritual|/ramuism|Ramuism|FOLDER|1|NO|URL|https://cdn.jsdelivr.net/gh/kamleshwebnet/app_ar@main/icons_podcast/ramuism.webp|1|YES|https://feeds.acast.com/public/shows/66e30e6f2b0607eaa49e1a39|RSS|0|0|Philosophy
t_podcast|Kids & Family|/chittukuruvi-tamil-podcast-for-children|Chittukuruvi Tamil Podcast for Children|FOLDER|1|NO|URL|https://cdn.jsdelivr.net/gh/kamleshwebnet/app_ar@main/icons_podcast/chittukuruvi-tamil-podcast-for-children.webp|1|YES|https://anchor.fm/s/18ea532c/podcast/rss|RSS|0|0|Kids & Family
t_podcast|Stories|/konjam-pulambuvom-tamil-podcast-oli-murugavel|Konjam Pulambuvom - Tamil Podcast - Oli Murugavel|FOLDER|1|NO|URL|https://cdn.jsdelivr.net/gh/kamleshwebnet/app_ar@main/icons_podcast/konjam-pulambuvom-tamil-podcast-oli-murugavel.webp|1|YES|https://anchor.fm/s/ded1d498/podcast/rss|RSS|0|0|Personal Journals
t_podcast|Entertainment|/club-fm-kerala|Club FM Kerala|FOLDER|1|NO|URL|https://cdn.jsdelivr.net/gh/kamleshwebnet/app_ar@main/icons_podcast/club-fm-kerala.webp|1|YES|https://anchor.fm/s/29de9da0/podcast/rss|RSS|0|0|Film Interviews
t_podcast|Lifestyle|/the-expressions-podcast|The Expressions Podcast|FOLDER|1|NO|URL|https://cdn.jsdelivr.net/gh/kamleshwebnet/app_ar@main/icons_podcast/the-expressions-podcast.webp|1|YES|https://anchor.fm/s/f97e4f38/podcast/rss|RSS|0|0|Society & Culture
t_podcast|Stories|/candid-confessions-with-chhavi|Candid Confessions With Chhavi|FOLDER|1|NO|URL|https://cdn.jsdelivr.net/gh/kamleshwebnet/app_ar@main/icons_podcast/candid-confessions-with-chhavi.webp|1|YES|https://anchor.fm/s/fbc53518/podcast/rss|RSS|0|0|Personal Journals
t_podcast|Spiritual|/srimad-bhagavad-gita|Srimad Bhagavad Gita|FOLDER|1|NO|URL|https://cdn.jsdelivr.net/gh/kamleshwebnet/app_ar@main/icons_podcast/srimad-bhagavad-gita.webp|1|YES|https://anchor.fm/s/10c696e48/podcast/rss|RSS|0|0|Philosophy
t_podcast|Entertainment|/the-romantic-realist-review|The Romantic Realist Review|FOLDER|1|NO|URL|https://cdn.jsdelivr.net/gh/kamleshwebnet/app_ar@main/icons_podcast/the-romantic-realist-review.webp|1|YES|https://media.rss.com/theromanticrealistreview/feed.xml|RSS|0|0|Film Reviews
t_podcast|Knowledge|/the-delhi-public-school-podcast|The Delhi Public School Podcast|FOLDER|1|NO|URL|https://cdn.jsdelivr.net/gh/kamleshwebnet/app_ar@main/icons_podcast/the-delhi-public-school-podcast.webp|1|YES|https://anchor.fm/s/237f682c/podcast/rss|RSS|0|0|Education
t_podcast|Business|/why-not-mint-money|Why Not Mint Money|FOLDER|1|NO|URL|https://cdn.jsdelivr.net/gh/kamleshwebnet/app_ar@main/icons_podcast/why-not-mint-money.webp|1|YES|https://feeds.megaphone.fm/HTMEDIALTD8921556323|RSS|0|0|Entrepreneurship
t_podcast|Lifestyle|/nidhi-ke-nakhre|Nidhi Ke Nakhre|FOLDER|1|NO|URL|https://cdn.jsdelivr.net/gh/kamleshwebnet/app_ar@main/icons_podcast/nidhi-ke-nakhre.webp|1|YES|https://anchor.fm/s/4b0b3718/podcast/rss|RSS|0|0|Self-Improvement
t_podcast|Lifestyle|/tip-tip-barsa-pyaar|Tip Tip Barsa Pyaar|FOLDER|1|NO|URL|https://cdn.jsdelivr.net/gh/kamleshwebnet/app_ar@main/icons_podcast/tip-tip-barsa-pyaar.webp|1|YES|https://www.omnycontent.com/d/playlist/8ce708b9-c3c2-4eaa-a27d-ac0f007c53c5/4f737b9b-5f51-446b-a135-b0a400a629be/7beed629-6750-4aa7-974a-b0a400a6c114/podcast.rss|RSS|0|0|Relationships
t_podcast|Lifestyle|/the-secret-by-rhonda-byrne-book-summary-podcast-english|The Secret by Rhonda Byrne, Book Summary, Podcast, English|FOLDER|1|NO|URL|https://cdn.jsdelivr.net/gh/kamleshwebnet/app_ar@main/icons_podcast/the-secret-by-rhonda-byrne-book-summary-podcast-english.webp|1|YES|https://anchor.fm/s/fa9041b0/podcast/rss|RSS|0|0|Self-Improvement
t_podcast|Spiritual|/ask-dr-zakir-naik-he-will-give-the-answer-from-the-quran|Ask Dr. Zakir Naik: He will give the answer from the Quran.|FOLDER|1|NO|URL|https://cdn.jsdelivr.net/gh/kamleshwebnet/app_ar@main/icons_podcast/ask-dr-zakir-naik-he-will-give-the-answer-from-the-quran.webp|1|YES|https://media.rss.com/ask-dr-zakir-naik-he-will-give-the-answer-from-the-quran-pod1/feed.xml|RSS|0|0|Islam
t_podcast|Business|/indian-silicon-valley-with-jivraj-singh-sachar|Indian Silicon Valley with Jivraj Singh Sachar|FOLDER|1|NO|URL|https://cdn.jsdelivr.net/gh/kamleshwebnet/app_ar@main/icons_podcast/indian-silicon-valley-with-jivraj-singh-sachar.webp|1|YES|https://anchor.fm/s/b025ebc/podcast/rss|RSS|0|0|Entrepreneurship
t_podcast|Entertainment|/indien-folk-project|Indie'n Folk Project|FOLDER|1|NO|URL|https://cdn.jsdelivr.net/gh/kamleshwebnet/app_ar@main/icons_podcast/indien-folk-project.webp|1|YES|https://anchor.fm/s/f6532950/podcast/rss|RSS|0|0|Music Interviews
t_podcast|Entertainment|/maed-in-india|Maed in India|FOLDER|1|NO|URL|https://cdn.jsdelivr.net/gh/kamleshwebnet/app_ar@main/icons_podcast/maed-in-india.webp|1|YES|https://www.omnycontent.com/d/playlist/5d315e00-1c8d-435b-9a31-af0f01302c17/ffc313b5-b60e-492b-9db0-af1a0027aaf9/21999f5d-eb98-4f19-82f9-af1a0027ab0c/podcast.rss|RSS|0|0|Music Interviews
t_podcast|Lifestyle|/the-gita-podcast-with-jaya-row|The Gita Podcast With Jaya Row|FOLDER|1|NO|URL|https://cdn.jsdelivr.net/gh/kamleshwebnet/app_ar@main/icons_podcast/the-gita-podcast-with-jaya-row.webp|1|YES|https://anchor.fm/s/10d9c4704/podcast/rss|RSS|0|0|Self-Improvement
t_podcast|Spiritual|/ekantik-vartalap|Ekantik Vartalap|FOLDER|1|NO|URL|https://cdn.jsdelivr.net/gh/kamleshwebnet/app_ar@main/icons_podcast/ekantik-vartalap.webp|1|YES|https://feeds.hubhopper.com/1c6ebbee14d85d5ac1055b9d455ca200.rss|RSS|0|0|Hinduism
t_podcast|News|/ani-podcast-with-smita-prakash|ANI Podcast with Smita Prakash|FOLDER|1|NO|URL|https://cdn.jsdelivr.net/gh/kamleshwebnet/app_ar@main/icons_podcast/ani-podcast-with-smita-prakash.webp|1|YES|https://anchor.fm/s/fa8ad6f8/podcast/rss|RSS|0|0|Politics
t_podcast|News|/the-interview-with-karan-thapar|The Interview With Karan Thapar|FOLDER|1|NO|URL|https://cdn.jsdelivr.net/gh/kamleshwebnet/app_ar@main/icons_podcast/the-interview-with-karan-thapar.webp|1|YES|https://media.rss.com/the-interview-with-karan-thapar/feed.xml|RSS|0|0|News Commentary
t_podcast|Knowledge|/meta-monkeys-podcast|Meta Monkeys Podcast|FOLDER|1|NO|URL|https://cdn.jsdelivr.net/gh/kamleshwebnet/app_ar@main/icons_podcast/meta-monkeys-podcast.webp|1|YES|https://anchor.fm/s/d83914ac/podcast/rss|RSS|0|0|Tech News
t_podcast|Business|/smart-cherrys-thoughts|Smart Cherrys Thoughts|FOLDER|1|NO|URL|https://cdn.jsdelivr.net/gh/kamleshwebnet/app_ar@main/icons_podcast/smart-cherrys-thoughts.webp|1|YES|https://anchor.fm/s/47ed208c/podcast/rss|RSS|0|0|Entrepreneurship
t_podcast|Business|/varun-mayya|Varun Mayya|FOLDER|1|NO|URL|https://cdn.jsdelivr.net/gh/kamleshwebnet/app_ar@main/icons_podcast/varun-mayya.webp|1|YES|https://feeds.megaphone.fm/varun-mayya|RSS|0|0|Business
t_podcast|Lifestyle|/marital-harmony-and-relationship-advice-by-abhi-sharma|Marital Harmony and Relationship Advice by Abhi Sharma|FOLDER|1|NO|URL|https://cdn.jsdelivr.net/gh/kamleshwebnet/app_ar@main/icons_podcast/marital-harmony-and-relationship-advice-by-abhi-sharma.webp|1|YES|https://anchor.fm/s/1123ffbc0/podcast/rss|RSS|0|0|Relationships
t_podcast|Knowledge|/reimagine-with-ai|Reimagine with AI|FOLDER|1|NO|URL|https://cdn.jsdelivr.net/gh/kamleshwebnet/app_ar@main/icons_podcast/reimagine-with-ai.webp|1|YES|https://anchor.fm/s/107df3308/podcast/rss|RSS|0|0|Technology
t_podcast|Spiritual|/mahabharata-audio-stories|Mahabharata Audio Stories|FOLDER|1|NO|URL|https://cdn.jsdelivr.net/gh/kamleshwebnet/app_ar@main/icons_podcast/mahabharata-audio-stories.webp|1|YES|https://agrily.co/podcast.xml|RSS|0|0|Religion & Spirituality
t_podcast|Stories|/i-am-a-coconut|I Am A Coconut|FOLDER|1|NO|URL|https://cdn.jsdelivr.net/gh/kamleshwebnet/app_ar@main/icons_podcast/i-am-a-coconut.webp|1|YES|https://anchor.fm/s/26f11fb4/podcast/rss|RSS|0|0|Personal Journals
t_podcast|Business|/42-podcatcher|42 PodCatcher|FOLDER|1|NO|URL|https://cdn.jsdelivr.net/gh/kamleshwebnet/app_ar@main/icons_podcast/42-podcatcher.webp|1|YES|https://media.rss.com/42podcatcher/feed.xml|RSS|0|0|Business
t_podcast|Entertainment|/bhas-beats|Bha’s Beats|FOLDER|1|NO|URL|https://cdn.jsdelivr.net/gh/kamleshwebnet/app_ar@main/icons_podcast/bhas-beats.webp|1|YES|https://feed.podbean.com/bhas-beats/feed.xml|RSS|0|0|Music
t_podcast|Lifestyle|/ddreg-knowledge-capsule|DDReg Knowledge Capsule|FOLDER|1|NO|URL|https://cdn.jsdelivr.net/gh/kamleshwebnet/app_ar@main/icons_podcast/ddreg-knowledge-capsule.webp|1|YES|https://anchor.fm/s/107ff87fc/podcast/rss|RSS|0|0|Medicine
t_podcast|News|/saam-daam-dand-bhed|Saam Daam Dand Bhed|FOLDER|1|NO|URL|https://cdn.jsdelivr.net/gh/kamleshwebnet/app_ar@main/icons_podcast/saam-daam-dand-bhed.webp|1|YES|https://anchor.fm/s/116ff5b4c/podcast/rss|RSS|0|0|News Commentary
t_podcast|Lifestyle|/better-minds-better-world-with-amit-kumar-soni-hindi|Better Minds, Better World with Amit Kumar Soni (Hindi)|FOLDER|1|NO|URL|https://cdn.jsdelivr.net/gh/kamleshwebnet/app_ar@main/icons_podcast/better-minds-better-world-with-amit-kumar-soni-hindi.webp|1|YES|https://anchor.fm/s/10c8846c4/podcast/rss|RSS|0|0|Self-Improvement
t_podcast|Spiritual|/brahma-kumaris-podcast|Brahma Kumaris Podcast|FOLDER|1|NO|URL|https://cdn.jsdelivr.net/gh/kamleshwebnet/app_ar@main/icons_podcast/brahma-kumaris-podcast.webp|1|YES|https://oneaxcess.s3-ap-southeast-1.amazonaws.com/podcast/11409d60-87f4-11ec-822d-978dc78f37e3/BrahmaKumarisPodcast.rss|RSS|0|0|Spirituality
t_podcast|Lifestyle|/lifeline-by-megha-vj-malayalam-podcast|Lifeline By Megha VJ - Malayalam Podcast|FOLDER|1|NO|URL|https://cdn.jsdelivr.net/gh/kamleshwebnet/app_ar@main/icons_podcast/lifeline-by-megha-vj-malayalam-podcast.webp|1|YES|https://anchor.fm/s/3153ef2c/podcast/rss|RSS|0|0|Relationships
t_podcast|Spiritual|/arjun-khemani-podcast|Arjun Khemani Podcast|FOLDER|1|NO|URL|https://cdn.jsdelivr.net/gh/kamleshwebnet/app_ar@main/icons_podcast/arjun-khemani-podcast.webp|1|YES|https://api.substack.com/feed/podcast/847348.rss|RSS|0|0|Philosophy
t_podcast|Lifestyle|/the-speaking-diary|The Speaking Diary|FOLDER|1|NO|URL|https://cdn.jsdelivr.net/gh/kamleshwebnet/app_ar@main/icons_podcast/the-speaking-diary.webp|1|YES|https://anchor.fm/s/1a0ba7ec/podcast/rss|RSS|0|0|Self-Improvement
t_podcast|Spiritual|/ramayan-in-english|Ramayan In English|FOLDER|1|NO|URL|https://cdn.jsdelivr.net/gh/kamleshwebnet/app_ar@main/icons_podcast/ramayan-in-english.webp|1|YES|https://anchor.fm/s/4f073aec/podcast/rss|RSS|0|0|Spirituality
t_podcast|Knowledge|/the-y-in-history|The Y in History|FOLDER|1|NO|URL|https://cdn.jsdelivr.net/gh/kamleshwebnet/app_ar@main/icons_podcast/the-y-in-history.webp|1|YES|https://yinhistory.libsyn.com/rss|RSS|0|0|History
t_podcast|Business|/ratwara-sahib|Ratwara Sahib|FOLDER|1|NO|URL|https://cdn.jsdelivr.net/gh/kamleshwebnet/app_ar@main/icons_podcast/ratwara-sahib.webp|1|YES|https://anchor.fm/s/51919bcc/podcast/rss|RSS|0|0|Non-Profit
t_podcast|Lifestyle|/inside-out-with-barkha-dutt|Inside Out With Barkha Dutt|FOLDER|1|NO|URL|https://cdn.jsdelivr.net/gh/kamleshwebnet/app_ar@main/icons_podcast/inside-out-with-barkha-dutt.webp|1|YES|https://anchor.fm/s/dca8bf88/podcast/rss|RSS|0|0|Leisure
t_podcast|News|/indiapodcasts-we-hear-what-you-want-to-say|IndiaPodcasts: We Hear What You Want to Say|FOLDER|1|NO|URL|https://cdn.jsdelivr.net/gh/kamleshwebnet/app_ar@main/icons_podcast/indiapodcasts-we-hear-what-you-want-to-say.webp|1|YES|https://www.spreaker.com/show/4263837/episodes/feed|RSS|0|0|Daily News
t_podcast|Lifestyle|/the-mohua-show|The Mohua Show|FOLDER|1|NO|URL|https://cdn.jsdelivr.net/gh/kamleshwebnet/app_ar@main/icons_podcast/the-mohua-show.webp|1|YES|https://feeds.acast.com/public/shows/68d1117c146cfd1a6558c505|RSS|0|0|Society & Culture
t_podcast|Stories|/between-the-pages-with-divya|Between the Pages with Divya|FOLDER|1|NO|URL|https://cdn.jsdelivr.net/gh/kamleshwebnet/app_ar@main/icons_podcast/between-the-pages-with-divya.webp|1|YES|https://feeds.megaphone.fm/CPP2936277942|RSS|0|0|Books
t_podcast|Lifestyle|/scene-kyaa-hai|Scene Kyaa Hai|FOLDER|1|NO|URL|https://cdn.jsdelivr.net/gh/kamleshwebnet/app_ar@main/icons_podcast/scene-kyaa-hai.webp|1|YES|https://anchor.fm/s/10173bf98/podcast/rss|RSS|0|0|Places & Travel
t_podcast|Knowledge|/learn-french-from-the-beginning-so-french-club|Learn French from the Beginning - So French Club|FOLDER|1|NO|URL|https://cdn.jsdelivr.net/gh/kamleshwebnet/app_ar@main/icons_podcast/learn-french-from-the-beginning-so-french-club.webp|1|YES|https://anchor.fm/s/1a41ece4/podcast/rss|RSS|0|0|Language Learning
t_podcast|Kids & Family|/mother-beyond|Mother & Beyond|FOLDER|1|NO|URL|https://cdn.jsdelivr.net/gh/kamleshwebnet/app_ar@main/icons_podcast/mother-beyond.webp|1|YES|https://anchor.fm/s/1462daf4/podcast/rss|RSS|0|0|Parenting
t_podcast|Spiritual|/bhakti-studio-tamil|Bhakti Studio Tamil|FOLDER|1|NO|URL|https://cdn.jsdelivr.net/gh/kamleshwebnet/app_ar@main/icons_podcast/bhakti-studio-tamil.webp|1|YES|https://www.omnycontent.com/d/playlist/baa19804-d77c-4777-8145-b2a400874018/705b7609-6458-44c2-a235-b2ac00ccc8ba/c038f34c-c2d7-488d-9e7b-b2ac00ccc8c3/podcast.rss|RSS|0|0|Hinduism
t_podcast|Stories|/train-to-another-world|Train To Another World|FOLDER|1|NO|URL|https://cdn.jsdelivr.net/gh/kamleshwebnet/app_ar@main/icons_podcast/train-to-another-world.webp|1|YES|https://www.spreaker.com/show/7174211/episodes/feed|RSS|0|0|Fiction
t_podcast|Knowledge|/the-compounding-mindset-with-ashdin-doctor|The Compounding Mindset with Ashdin Doctor|FOLDER|1|NO|URL|https://cdn.jsdelivr.net/gh/kamleshwebnet/app_ar@main/icons_podcast/the-compounding-mindset-with-ashdin-doctor.webp|1|YES|https://www.omnycontent.com/d/playlist/e0dce4b3-2eb8-48cb-822c-af1d00e03e20/4a59ad14-b63d-4b30-a29a-b1dc004e89e3/04e8701f-a9b6-4256-9674-b1dc00507214/podcast.rss|RSS|0|0|Education
t_podcast|Knowledge|/9natree-hindi|9Natree Hindi|FOLDER|1|NO|URL|https://cdn.jsdelivr.net/gh/kamleshwebnet/app_ar@main/icons_podcast/9natree-hindi.webp|1|YES|https://hindi.9natree.com/feed.xml|RSS|0|0|Education
t_podcast|Entertainment|/love-of-cinema|Love of Cinema|FOLDER|1|NO|URL|https://cdn.jsdelivr.net/gh/kamleshwebnet/app_ar@main/icons_podcast/love-of-cinema.webp|1|YES|https://rss.buzzsprout.com/257788.rss|RSS|0|0|Film Interviews
t_podcast|Lifestyle|/share-e-dil-with-niks|Share-e-dil with Niks|FOLDER|1|NO|URL|https://cdn.jsdelivr.net/gh/kamleshwebnet/app_ar@main/icons_podcast/share-e-dil-with-niks.webp|1|YES|https://anchor.fm/s/111c456a0/podcast/rss|RSS|0|0|Relationships
t_podcast|Stories|/dead-poets-society-in-english|Dead Poets Society in English|FOLDER|1|NO|URL|https://cdn.jsdelivr.net/gh/kamleshwebnet/app_ar@main/icons_podcast/dead-poets-society-in-english.webp|1|YES|https://anchor.fm/s/102a98848/podcast/rss|RSS|0|0|Books
t_podcast|Lifestyle|/the-modern-mind-and-body|The Modern Mind and Body|FOLDER|1|NO|URL|https://cdn.jsdelivr.net/gh/kamleshwebnet/app_ar@main/icons_podcast/the-modern-mind-and-body.webp|1|YES|https://anchor.fm/s/10da1f80c/podcast/rss|RSS|0|0|Health & Fitness
t_podcast|Lifestyle|/the-art-of-patient-communication-with-dr-kritika-mehra|The Art of Patient Communication with Dr Kritika Mehra|FOLDER|1|NO|URL|https://cdn.jsdelivr.net/gh/kamleshwebnet/app_ar@main/icons_podcast/the-art-of-patient-communication-with-dr-kritika-mehra.webp|1|YES|https://feeds.simplecast.com/5tZHOeyZ|RSS|0|0|Medicine
t_podcast|Spiritual|/sajadh-tips-aydin|Sajadh Tips Aydin|FOLDER|1|NO|URL|https://cdn.jsdelivr.net/gh/kamleshwebnet/app_ar@main/icons_podcast/sajadh-tips-aydin.webp|1|YES|https://sajadhaja.github.io/podcast.rss|RSS|0|0|Religion & Spirituality
t_podcast|Spiritual|/bhajan-sant-shri-asharamji-bapu-bhajan|Bhajan - Sant Shri Asharamji Bapu Bhajan|FOLDER|1|NO|URL|https://cdn.jsdelivr.net/gh/kamleshwebnet/app_ar@main/icons_podcast/bhajan-sant-shri-asharamji-bapu-bhajan.webp|1|YES|https://www.hariomgroup.org/mobile/audio/podcast/karaoke-podcast.xml|RSS|0|0|Religion & Spirituality
t_podcast|Entertainment|/glass-eye-a-podcast-on-visual-culture-from-south-asia|Glass Eye: A Podcast on Visual Culture from South Asia|FOLDER|1|NO|URL|https://cdn.jsdelivr.net/gh/kamleshwebnet/app_ar@main/icons_podcast/glass-eye-a-podcast-on-visual-culture-from-south-asia.webp|1|YES|https://rss.buzzsprout.com/2238936.rss|RSS|0|0|Visual Arts
t_podcast|Entertainment|/picture-shuru|Picture Shuru|FOLDER|1|NO|URL|https://cdn.jsdelivr.net/gh/kamleshwebnet/app_ar@main/icons_podcast/picture-shuru.webp|1|YES|https://anchor.fm/s/efcd34b8/podcast/rss|RSS|0|0|TV & Film
t_podcast|Spiritual|/ramayan-the-eternal-journey|Ramayan – The Eternal Journey|FOLDER|1|NO|URL|https://cdn.jsdelivr.net/gh/kamleshwebnet/app_ar@main/icons_podcast/ramayan-the-eternal-journey.webp|1|YES|https://anchor.fm/s/116135d3c/podcast/rss|RSS|0|0|Hinduism
t_podcast|Lifestyle|/manoj-bharti|Manoj Bharti|FOLDER|1|NO|URL|https://cdn.jsdelivr.net/gh/kamleshwebnet/app_ar@main/icons_podcast/manoj-bharti.webp|1|YES|https://anchor.fm/s/df6eacf0/podcast/rss|RSS|0|0|Relationships
t_podcast|Entertainment|/kama-karma|Kama & Karma|FOLDER|1|NO|URL|https://cdn.jsdelivr.net/gh/kamleshwebnet/app_ar@main/icons_podcast/kama-karma.webp|1|YES|https://feeds.transistor.fm/kama-karma|RSS|0|0|Visual Arts
t_podcast|Stories|/crime-beat|Crime Beat|FOLDER|1|NO|URL|https://cdn.jsdelivr.net/gh/kamleshwebnet/app_ar@main/icons_podcast/crime-beat.webp|1|YES|https://feeds.megaphone.fm/CORU2869407328|RSS|0|0|True Crime
t_podcast|Stories|/horror-stories-in-hindi|Horror Stories in Hindi|FOLDER|1|NO|URL|https://cdn.jsdelivr.net/gh/kamleshwebnet/app_ar@main/icons_podcast/horror-stories-in-hindi.webp|1|YES|https://feeds.acast.com/public/shows/6a49e7d604fac73b245c1017|RSS|0|0|Science Fiction
t_podcast|Entertainment|/just-too-filmy-with-rotalks|Just Too Filmy with RoTalks|FOLDER|1|NO|URL|https://cdn.jsdelivr.net/gh/kamleshwebnet/app_ar@main/icons_podcast/just-too-filmy-with-rotalks.webp|1|YES|https://anchor.fm/s/f4efc4d8/podcast/rss|RSS|0|0|Film Interviews
t_podcast|Entertainment|/m-bole-toh-music|M Bole Toh Music|FOLDER|1|NO|URL|https://cdn.jsdelivr.net/gh/kamleshwebnet/app_ar@main/icons_podcast/m-bole-toh-music.webp|1|YES|https://media.rss.com/mboletohmusic/feed.xml|RSS|0|0|Music
t_podcast|Entertainment|/uncut-poetry-presents-red-river-sessions|Uncut Poetry presents Red River Sessions|FOLDER|1|NO|URL|https://cdn.jsdelivr.net/gh/kamleshwebnet/app_ar@main/icons_podcast/uncut-poetry-presents-red-river-sessions.webp|1|YES|https://anchor.fm/s/5fece2e4/podcast/rss|RSS|0|0|Performing Arts
t_podcast|Lifestyle|/shayari-sukun-the-best-hindi-urdu-poetry-shayari-podcast|Shayari Sukun: The Best Hindi Urdu Poetry Shayari Podcast|FOLDER|1|NO|URL|https://cdn.jsdelivr.net/gh/kamleshwebnet/app_ar@main/icons_podcast/shayari-sukun-the-best-hindi-urdu-poetry-shayari-podcast.webp|1|YES|https://anchor.fm/s/1ef5283c/podcast/rss|RSS|0|0|Relationships
t_podcast|Comedy|/barking-buddha-a-tamil-podcast|Barking Buddha - A Tamil Podcast|FOLDER|1|NO|URL|https://cdn.jsdelivr.net/gh/kamleshwebnet/app_ar@main/icons_podcast/barking-buddha-a-tamil-podcast.webp|1|YES|https://anchor.fm/s/26201d10/podcast/rss|RSS|0|0|Comedy
t_podcast|Lifestyle|/sunday-brunch-with-kamiya-jani|Sunday Brunch with Kamiya Jani|FOLDER|1|NO|URL|https://cdn.jsdelivr.net/gh/kamleshwebnet/app_ar@main/icons_podcast/sunday-brunch-with-kamiya-jani.webp|1|YES|https://media.rss.com/sunday-brunch-with-kamiya-jani/feed.xml|RSS|0|0|Food
t_podcast|Spiritual|/inner-habit-with-shruti-doctor|Inner Habit with Shruti Doctor|FOLDER|1|NO|URL|https://cdn.jsdelivr.net/gh/kamleshwebnet/app_ar@main/icons_podcast/inner-habit-with-shruti-doctor.webp|1|YES|https://anchor.fm/s/f8cbad88/podcast/rss|RSS|0|0|Religion & Spirituality
t_podcast|Entertainment|/the-travellers-diary|The Traveller's Diary|FOLDER|1|NO|URL|https://cdn.jsdelivr.net/gh/kamleshwebnet/app_ar@main/icons_podcast/the-travellers-diary.webp|1|YES|https://anchor.fm/s/576f50e8/podcast/rss|RSS|0|0|Performing Arts
t_podcast|News|/diplomacy-and-daggers|Diplomacy and Daggers|FOLDER|1|NO|URL|https://cdn.jsdelivr.net/gh/kamleshwebnet/app_ar@main/icons_podcast/diplomacy-and-daggers.webp|1|YES|https://anchor.fm/s/103f200f4/podcast/rss|RSS|0|0|Politics
t_podcast|Sports|/live-cricket-tv|Live Cricket TV|FOLDER|1|NO|URL|https://cdn.jsdelivr.net/gh/kamleshwebnet/app_ar@main/icons_podcast/live-cricket-tv.webp|1|YES|https://feed.firstory.me/rss/user/cmp7y5ptp03ue01ut5khr620d|RSS|0|0|Cricket
t_podcast|Lifestyle|/marry-me|Marry Me|FOLDER|1|NO|URL|https://cdn.jsdelivr.net/gh/kamleshwebnet/app_ar@main/icons_podcast/marry-me.webp|1|YES|https://feeds.captivate.fm/marry-me/|RSS|0|0|Relationships
t_podcast|Entertainment|/juicebox-radio|Juicebox Radio|FOLDER|1|NO|URL|https://cdn.jsdelivr.net/gh/kamleshwebnet/app_ar@main/icons_podcast/juicebox-radio.webp|1|YES|https://feed.podbean.com/juiceboxmusic/feed.xml|RSS|0|0|Music
t_podcast|Knowledge|/lets-talk-embryology-with-devesh-bapat|Let’s Talk Embryology with Devesh Bapat|FOLDER|1|NO|URL|https://cdn.jsdelivr.net/gh/kamleshwebnet/app_ar@main/icons_podcast/lets-talk-embryology-with-devesh-bapat.webp|1|YES|https://feed.podbean.com/davebapat95/feed.xml|RSS|0|0|Life Sciences
t_podcast|Spiritual|/al-furqan-podcast|Al Furqan Podcast|FOLDER|1|NO|URL|https://cdn.jsdelivr.net/gh/kamleshwebnet/app_ar@main/icons_podcast/al-furqan-podcast.webp|1|YES|https://anchor.fm/s/1f364d30/podcast/rss|RSS|0|0|Islam
t_podcast|Knowledge|/the-history-of-india-podcast|The History of India Podcast|FOLDER|1|NO|URL|https://cdn.jsdelivr.net/gh/kamleshwebnet/app_ar@main/icons_podcast/the-history-of-india-podcast.webp|1|YES|https://rss.libsyn.com/shows/72278/destinations/309639.xml|RSS|0|0|History
t_podcast|Kids & Family|/the-little-modak-english-podcast-for-kids|The Little Modak - English Podcast for Kids|FOLDER|1|NO|URL|https://cdn.jsdelivr.net/gh/kamleshwebnet/app_ar@main/icons_podcast/the-little-modak-english-podcast-for-kids.webp|1|YES|https://feeds.transistor.fm/the-little-modak-english|RSS|0|0|Education for Kids
t_podcast|Kids & Family|/chitti-potti-kathalu-telugu-stories-for-kids|Chitti Potti Kathalu - Telugu Stories for Kids|FOLDER|1|NO|URL|https://cdn.jsdelivr.net/gh/kamleshwebnet/app_ar@main/icons_podcast/chitti-potti-kathalu-telugu-stories-for-kids.webp|1|YES|https://anchor.fm/s/c9c3255c/podcast/rss|RSS|0|0|Kids & Family
t_podcast|Spiritual|/sri-m-talks|Sri M Talks|FOLDER|1|NO|URL|https://cdn.jsdelivr.net/gh/kamleshwebnet/app_ar@main/icons_podcast/sri-m-talks.webp|1|YES|https://anchor.fm/s/3579f420/podcast/rss|RSS|0|0|Spirituality
t_podcast|Business|/prime-venture-partners-podcast|Prime Venture Partners Podcast|FOLDER|1|NO|URL|https://cdn.jsdelivr.net/gh/kamleshwebnet/app_ar@main/icons_podcast/prime-venture-partners-podcast.webp|1|YES|https://feeds.captivate.fm/prime-venture-partners/|RSS|0|0|Entrepreneurship
t_podcast|Lifestyle|/stories-with-abhash-jha|Stories with Abhash Jha|FOLDER|1|NO|URL|https://cdn.jsdelivr.net/gh/kamleshwebnet/app_ar@main/icons_podcast/stories-with-abhash-jha.webp|1|YES|https://feeds.megaphone.fm/ISP4602531731|RSS|0|0|Relationships
t_podcast|Spiritual|/sky-yoga-radio-by-vethathiri-maharishi|SKY Yoga Radio by Vethathiri Maharishi|FOLDER|1|NO|URL|https://cdn.jsdelivr.net/gh/kamleshwebnet/app_ar@main/icons_podcast/sky-yoga-radio-by-vethathiri-maharishi.webp|1|YES|https://rss.buzzsprout.com/1937228.rss|RSS|0|0|Spirituality
t_podcast|Lifestyle|/babamandal|Babamandal|FOLDER|1|NO|URL|https://cdn.jsdelivr.net/gh/kamleshwebnet/app_ar@main/icons_podcast/babamandal.webp|1|YES|https://www.spreaker.com/show/7131869/episodes/feed|RSS|0|0|Society & Culture
t_podcast|Lifestyle|/unzip-your-thoughts|Unzip Your Thoughts|FOLDER|1|NO|URL|https://cdn.jsdelivr.net/gh/kamleshwebnet/app_ar@main/icons_podcast/unzip-your-thoughts.webp|1|YES|https://anchor.fm/s/115a66b00/podcast/rss|RSS|0|0|Self-Improvement
t_podcast|Lifestyle|/tamili-podcast|Tamili Podcast|FOLDER|1|NO|URL|https://cdn.jsdelivr.net/gh/kamleshwebnet/app_ar@main/icons_podcast/tamili-podcast.webp|1|YES|https://anchor.fm/s/1123153cc/podcast/rss|RSS|0|0|Self-Improvement
t_podcast|Spiritual|/joseph-aldrin-sermons|Joseph Aldrin Sermons|FOLDER|1|NO|URL|https://cdn.jsdelivr.net/gh/kamleshwebnet/app_ar@main/icons_podcast/joseph-aldrin-sermons.webp|1|YES|https://anchor.fm/s/51262734/podcast/rss|RSS|0|0|Christianity
t_podcast|Entertainment|/artalaap|Artalaap|FOLDER|1|NO|URL|https://cdn.jsdelivr.net/gh/kamleshwebnet/app_ar@main/icons_podcast/artalaap.webp|1|YES|https://anchor.fm/s/45dde31c/podcast/rss|RSS|0|0|Visual Arts
t_podcast|Stories|/bhojpuri-murder-mystery|Bhojpuri Murder Mystery|FOLDER|1|NO|URL|https://cdn.jsdelivr.net/gh/kamleshwebnet/app_ar@main/icons_podcast/bhojpuri-murder-mystery.webp|1|YES|https://www.omnycontent.com/d/playlist/8ce708b9-c3c2-4eaa-a27d-ac0f007c53c5/dabbd62c-2bef-454a-999b-b03b00661d3f/36e943e8-1e98-45df-94aa-b03b00695980/podcast.rss|RSS|0|0|True Crime
t_podcast|Entertainment|/abu-hassan-nasheeds|Abu Hassan Nasheeds|FOLDER|1|NO|URL|https://cdn.jsdelivr.net/gh/kamleshwebnet/app_ar@main/icons_podcast/abu-hassan-nasheeds.webp|1|YES|https://feeds.hubhopper.com/8b0cdd1331c87cd8e0f7810fc8cf0e42.rss|RSS|0|0|Arts
t_podcast|Knowledge|/quantum-news-daily-brief|Quantum News Daily Brief|FOLDER|1|NO|URL|https://cdn.jsdelivr.net/gh/kamleshwebnet/app_ar@main/icons_podcast/quantum-news-daily-brief.webp|1|YES|https://api.quantumnews.in/api/podcast/rss|RSS|0|0|Technology
t_podcast|Entertainment|/desi-deep-house-dj-ankit-rohida|Desi Deep House - DJ Ankit Rohida|FOLDER|1|NO|URL|https://cdn.jsdelivr.net/gh/kamleshwebnet/app_ar@main/icons_podcast/desi-deep-house-dj-ankit-rohida.webp|1|YES|https://feeds.soundcloud.com/users/soundcloud:users:95448902/sounds.rss|RSS|0|0|Music
t_podcast|Knowledge|/nitesh-narrates|Nitesh Narrates|FOLDER|1|NO|URL|https://cdn.jsdelivr.net/gh/kamleshwebnet/app_ar@main/icons_podcast/nitesh-narrates.webp|1|YES|https://anchor.fm/s/114557d18/podcast/rss|RSS|0|0|Education
t_podcast|Lifestyle|/power-of-yourself-tamil-motivation-and-inspiration-podcast|Power Of Yourself - Tamil Motivation and Inspiration Podcast|FOLDER|1|NO|URL|https://cdn.jsdelivr.net/gh/kamleshwebnet/app_ar@main/icons_podcast/power-of-yourself-tamil-motivation-and-inspiration-podcast.webp|1|YES|https://anchor.fm/s/98c52ff4/podcast/rss|RSS|0|0|Self-Improvement
t_podcast|Spiritual|/chinmaya-mission-gita-upanishads-and-ancient-knowledge|Chinmaya Mission - Gita, Upanishads and Ancient Knowledge|FOLDER|1|NO|URL|https://cdn.jsdelivr.net/gh/kamleshwebnet/app_ar@main/icons_podcast/chinmaya-mission-gita-upanishads-and-ancient-knowledge.webp|1|YES|https://anchor.fm/s/32430508/podcast/rss|RSS|0|0|Hinduism
t_podcast|Entertainment|/tamil-stories-with-murugan-dj-muruga|Tamil Stories with Murugan (DJ Muruga)|FOLDER|1|NO|URL|https://cdn.jsdelivr.net/gh/kamleshwebnet/app_ar@main/icons_podcast/tamil-stories-with-murugan-dj-muruga.webp|1|YES|https://podcast.radiobeat.in/feed.xml|RSS|0|0|Arts
t_podcast|Stories|/initiative-sasmit|Initiative Sasmit|FOLDER|1|NO|URL|https://cdn.jsdelivr.net/gh/kamleshwebnet/app_ar@main/icons_podcast/initiative-sasmit.webp|1|YES|https://anchor.fm/s/23321478/podcast/rss|RSS|0|0|Personal Journals
t_podcast|Spiritual|/abdul-basith-bukhari|Abdul Basith Bukhari|FOLDER|1|NO|URL|https://cdn.jsdelivr.net/gh/kamleshwebnet/app_ar@main/icons_podcast/abdul-basith-bukhari.webp|1|YES|https://www.tamildawah.com/category/abdul-basith/feed/podcast/|RSS|0|0|Islam
t_podcast|Knowledge|/prabh-nair|Prabh Nair|FOLDER|1|NO|URL|https://cdn.jsdelivr.net/gh/kamleshwebnet/app_ar@main/icons_podcast/prabh-nair.webp|1|YES|https://anchor.fm/s/4dbb0ab0/podcast/rss|RSS|0|0|Technology
t_podcast|Spiritual|/air-atman-in-ravi|AiR - Atman in Ravi|FOLDER|1|NO|URL|https://cdn.jsdelivr.net/gh/kamleshwebnet/app_ar@main/icons_podcast/air-atman-in-ravi.webp|1|YES|https://anchor.fm/s/44393110/podcast/rss|RSS|0|0|Spirituality
t_podcast|Entertainment|/extra-shot-of-chai|Extra Shot of Chai!|FOLDER|1|NO|URL|https://cdn.jsdelivr.net/gh/kamleshwebnet/app_ar@main/icons_podcast/extra-shot-of-chai.webp|1|YES|https://rss.buzzsprout.com/2389396.rss|RSS|0|0|Arts
t_podcast|Spiritual|/tamil-bayan|Tamil Bayan|FOLDER|1|NO|URL|https://cdn.jsdelivr.net/gh/kamleshwebnet/app_ar@main/icons_podcast/tamil-bayan.webp|1|YES|https://anchor.fm/s/8f657130/podcast/rss|RSS|0|0|Islam
t_podcast|Lifestyle|/the-unplugged-life-screen-addiction-digital-detox-conscious-parenting|The Unplugged Life: Screen Addiction, Digital Detox & Conscious Parenting|FOLDER|1|NO|URL|https://cdn.jsdelivr.net/gh/kamleshwebnet/app_ar@main/icons_podcast/the-unplugged-life-screen-addiction-digital-detox-conscious-parenting.webp|1|YES|https://media.rss.com/the-unplugged-life-screen-addiction-digital-detox-conscious-parenting/feed.xml|RSS|0|0|Mental Health
t_podcast|Stories|/deep-talks-tamil-audiobooks|Deep Talks - Tamil Audiobooks|FOLDER|1|NO|URL|https://cdn.jsdelivr.net/gh/kamleshwebnet/app_ar@main/icons_podcast/deep-talks-tamil-audiobooks.webp|1|YES|https://anchor.fm/s/219c0a60/podcast/rss|RSS|0|0|Books
t_podcast|Business|/retail-remix-stories|Retail ReMix Stories|FOLDER|1|NO|URL|https://cdn.jsdelivr.net/gh/kamleshwebnet/app_ar@main/icons_podcast/retail-remix-stories.webp|1|YES|https://media.rss.com/retail-re-mix-stories/feed.xml|RSS|0|0|Business
t_podcast|Spiritual|/jumma-bayan-moulana-abdul-aleem-khateeb-nadwi|Jumma Bayan - Moulana Abdul Aleem Khateeb Nadwi|FOLDER|1|NO|URL|https://cdn.jsdelivr.net/gh/kamleshwebnet/app_ar@main/icons_podcast/jumma-bayan-moulana-abdul-aleem-khateeb-nadwi.webp|1|YES|https://anchor.fm/s/2d923ab0/podcast/rss|RSS|0|0|Religion & Spirituality
t_podcast|Lifestyle|/mind-over-matter|Mind Over Matter|FOLDER|1|NO|URL|https://cdn.jsdelivr.net/gh/kamleshwebnet/app_ar@main/icons_podcast/mind-over-matter.webp|1|YES|https://anchor.fm/s/452b68e0/podcast/rss|RSS|0|0|Self-Improvement
t_podcast|Lifestyle|/kaka-balli-punjabi-podcast|Kaka Balli Punjabi Podcast|FOLDER|1|NO|URL|https://cdn.jsdelivr.net/gh/kamleshwebnet/app_ar@main/icons_podcast/kaka-balli-punjabi-podcast.webp|1|YES|https://anchor.fm/s/450f6e60/podcast/rss|RSS|0|0|Society & Culture
t_podcast|Lifestyle|/byk-book-summary|BYK Book Summary|FOLDER|1|NO|URL|https://cdn.jsdelivr.net/gh/kamleshwebnet/app_ar@main/icons_podcast/byk-book-summary.webp|1|YES|https://anchor.fm/s/111048014/podcast/rss|RSS|0|0|Self-Improvement
t_podcast|Lifestyle|/love-lingo|Love Lingo|FOLDER|1|NO|URL|https://cdn.jsdelivr.net/gh/kamleshwebnet/app_ar@main/icons_podcast/love-lingo.webp|1|YES|https://feeds.hubhopper.com/1526dd07896ccbecc581e40dc1d02b21.rss|RSS|0|0|Society & Culture
t_podcast|Spiritual|/stories-from-upanihads-and-puranas|Stories from Upaniṣhads and Puranas|FOLDER|1|NO|URL|https://cdn.jsdelivr.net/gh/kamleshwebnet/app_ar@main/icons_podcast/stories-from-upanihads-and-puranas.webp|1|YES|https://anchor.fm/s/104bfc6b0/podcast/rss|RSS|0|0|Hinduism
t_podcast|News|/the-times-of-india-podcast|The Times Of India Podcast|FOLDER|1|NO|URL|https://cdn.jsdelivr.net/gh/kamleshwebnet/app_ar@main/icons_podcast/the-times-of-india-podcast.webp|1|YES|https://anchor.fm/s/57b0b7e0/podcast/rss|RSS|0|0|News
t_podcast|Comedy|/hello-from-arun|Hello From Arun|FOLDER|1|NO|URL|https://cdn.jsdelivr.net/gh/kamleshwebnet/app_ar@main/icons_podcast/hello-from-arun.webp|1|YES|https://anchor.fm/s/aef7e30c/podcast/rss|RSS|0|0|Comedy
t_podcast|Spiritual|/new-city-delhi|New City Delhi|FOLDER|1|NO|URL|https://cdn.jsdelivr.net/gh/kamleshwebnet/app_ar@main/icons_podcast/new-city-delhi.webp|1|YES|https://anchor.fm/s/1ca71b8/podcast/rss|RSS|0|0|Christianity
t_podcast|Lifestyle|/ak-talk-show|AK Talk Show|FOLDER|1|NO|URL|https://cdn.jsdelivr.net/gh/kamleshwebnet/app_ar@main/icons_podcast/ak-talk-show.webp|1|YES|https://anchor.fm/s/e81954b8/podcast/rss|RSS|0|0|Society & Culture
t_podcast|Entertainment|/musings-of-a-king|Musings of a King|FOLDER|1|NO|URL|https://cdn.jsdelivr.net/gh/kamleshwebnet/app_ar@main/icons_podcast/musings-of-a-king.webp|1|YES|https://rss.buzzsprout.com/2129489.rss|RSS|0|0|Arts
t_podcast|Comedy|/idhar-udhar-ki-baatein|Idhar Udhar Ki Baatein|FOLDER|1|NO|URL|https://cdn.jsdelivr.net/gh/kamleshwebnet/app_ar@main/icons_podcast/idhar-udhar-ki-baatein.webp|1|YES|https://anchor.fm/s/102fb7f18/podcast/rss|RSS|0|0|Improv
t_podcast|Entertainment|/chitra-alochana-podcasts-telugu|Chitra Alochana Podcasts [Telugu]|FOLDER|1|NO|URL|https://cdn.jsdelivr.net/gh/kamleshwebnet/app_ar@main/icons_podcast/chitra-alochana-podcasts-telugu.webp|1|YES|https://anchor.fm/s/5969d3b4/podcast/rss|RSS|0|0|TV & Film
t_podcast|Knowledge|/business-startups|Business Startups|FOLDER|1|NO|URL|https://cdn.jsdelivr.net/gh/kamleshwebnet/app_ar@main/icons_podcast/business-startups.webp|1|YES|https://podcasts.technoevangelist.in/feed/podcast/business-startups/|RSS|0|0|Technology
t_podcast|Knowledge|/book-journey-insider-hindi-audiobook|Book Journey Insider – Hindi Audiobook|FOLDER|1|NO|URL|https://cdn.jsdelivr.net/gh/kamleshwebnet/app_ar@main/icons_podcast/book-journey-insider-hindi-audiobook.webp|1|YES|https://anchor.fm/s/1073f7e44/podcast/rss|RSS|0|0|Education
t_podcast|Entertainment|/abraa-kaa-dabra-show|Abraa Kaa Dabra Show|FOLDER|1|NO|URL|https://cdn.jsdelivr.net/gh/kamleshwebnet/app_ar@main/icons_podcast/abraa-kaa-dabra-show.webp|1|YES|https://anchor.fm/s/102764e38/podcast/rss|RSS|0|0|TV & Film
t_podcast|Entertainment|/binge-yap-repeat|Binge Yap Repeat|FOLDER|1|NO|URL|https://cdn.jsdelivr.net/gh/kamleshwebnet/app_ar@main/icons_podcast/binge-yap-repeat.webp|1|YES|https://anchor.fm/s/1025ac1e0/podcast/rss|RSS|0|0|TV Reviews
t_podcast|Business|/unseen-moves-the-pushpak-mundre-original|Unseen Moves - The Pushpak Mundre Original|FOLDER|1|NO|URL|https://cdn.jsdelivr.net/gh/kamleshwebnet/app_ar@main/icons_podcast/unseen-moves-the-pushpak-mundre-original.webp|1|YES|https://anchor.fm/s/8c2e8344/podcast/rss|RSS|0|0|Careers
t_podcast|Spiritual|/mohanji-speaks|Mohanji Speaks|FOLDER|1|NO|URL|https://cdn.jsdelivr.net/gh/kamleshwebnet/app_ar@main/icons_podcast/mohanji-speaks.webp|1|YES|https://anchor.fm/s/311e8878/podcast/rss|RSS|0|0|Spirituality
t_podcast|Knowledge|/the-geeknarrator|The GeekNarrator|FOLDER|1|NO|URL|https://cdn.jsdelivr.net/gh/kamleshwebnet/app_ar@main/icons_podcast/the-geeknarrator.webp|1|YES|https://anchor.fm/s/908c3558/podcast/rss|RSS|0|0|Technology
t_podcast|Entertainment|/frame-theory-podcast|Frame Theory Podcast|FOLDER|1|NO|URL|https://cdn.jsdelivr.net/gh/kamleshwebnet/app_ar@main/icons_podcast/frame-theory-podcast.webp|1|YES|https://anchor.fm/s/115f93588/podcast/rss|RSS|0|0|TV & Film
t_podcast|Lifestyle|/how-i-masaba|How I Masaba|FOLDER|1|NO|URL|https://cdn.jsdelivr.net/gh/kamleshwebnet/app_ar@main/icons_podcast/how-i-masaba.webp|1|YES|https://rss.pdrl.fm/a2156e/feeds.acast.com/public/shows/64da707a77fd79001156ab4e|RSS|0|0|Society & Culture
t_podcast|Stories|/books-and-beyond-with-bound|Books and Beyond with Bound|FOLDER|1|NO|URL|https://cdn.jsdelivr.net/gh/kamleshwebnet/app_ar@main/icons_podcast/books-and-beyond-with-bound.webp|1|YES|https://rss.buzzsprout.com/924931.rss|RSS|0|0|Books
t_podcast|Lifestyle|/mens-good-health-podcast|Men's Good Health Podcast|FOLDER|1|NO|URL|https://cdn.jsdelivr.net/gh/kamleshwebnet/app_ar@main/icons_podcast/mens-good-health-podcast.webp|1|YES|https://anchor.fm/s/106e96ab8/podcast/rss|RSS|0|0|Health & Fitness
t_podcast|Business|/the-daily-brief-hindi|The Daily Brief Hindi|FOLDER|1|NO|URL|https://cdn.jsdelivr.net/gh/kamleshwebnet/app_ar@main/icons_podcast/the-daily-brief-hindi.webp|1|YES|https://feeds.simplecast.com/qMlWFrJg|RSS|0|0|Investing
t_podcast|Business|/the-chro-mindset|The CHRO Mindset|FOLDER|1|NO|URL|https://cdn.jsdelivr.net/gh/kamleshwebnet/app_ar@main/icons_podcast/the-chro-mindset.webp|1|YES|https://hronewebpodcast.podomatic.com/rss2.xml|RSS|0|0|Business
t_podcast|Comedy|/gulati-brothers-rap|Gulati Brothers Rap!|FOLDER|1|NO|URL|https://cdn.jsdelivr.net/gh/kamleshwebnet/app_ar@main/icons_podcast/gulati-brothers-rap.webp|1|YES|https://feeds.hubhopper.com/e0640ad222248e6d4761e0eedf30e4f5.rss|RSS|0|0|Comedy Interviews
t_podcast|Spiritual|/inspirational-messages-and-prayers|Inspirational Messages and Prayers|FOLDER|1|NO|URL|https://cdn.jsdelivr.net/gh/kamleshwebnet/app_ar@main/icons_podcast/inspirational-messages-and-prayers.webp|1|YES|https://www.spreaker.com/show/6636186/episodes/feed|RSS|0|0|Christianity
t_podcast|News|/puthiyathalaimurai-podcast|Puthiyathalaimurai Podcast|FOLDER|1|NO|URL|https://cdn.jsdelivr.net/gh/kamleshwebnet/app_ar@main/icons_podcast/puthiyathalaimurai-podcast.webp|1|YES|https://anchor.fm/s/2f44044c/podcast/rss|RSS|0|0|News
t_podcast|Knowledge|/all-things-policy|All Things Policy|FOLDER|1|NO|URL|https://cdn.jsdelivr.net/gh/kamleshwebnet/app_ar@main/icons_podcast/all-things-policy.webp|1|YES|https://anchor.fm/s/f4c5dde4/podcast/rss|RSS|0|0|Tech News
t_podcast|Business|/the-achievers-talk-it|The Achiever's Talk|FOLDER|1|NO|URL|https://cdn.jsdelivr.net/gh/kamleshwebnet/app_ar@main/icons_podcast/the-achievers-talk-it.webp|1|YES|https://www.spreaker.com/show/7019516/episodes/feed|RSS|0|0|Entrepreneurship
t_podcast|Knowledge|/english-communication-podcast|English Communication Podcast|FOLDER|1|NO|URL|https://cdn.jsdelivr.net/gh/kamleshwebnet/app_ar@main/icons_podcast/english-communication-podcast.webp|1|YES|https://historyofenglishpodcast.com/feed/podcast/|RSS|0|0|History
t_podcast|Lifestyle|/the-discover-india-podcast-by-professor-pankaj-jain-bhrat-daran|The Discover India Podcast by Professor Pankaj Jain: Bhārat Darśan|FOLDER|1|NO|URL|https://cdn.jsdelivr.net/gh/kamleshwebnet/app_ar@main/icons_podcast/the-discover-india-podcast-by-professor-pankaj-jain-bhrat-daran.webp|1|YES|https://anchor.fm/s/9b45574/podcast/rss|RSS|0|0|Society & Culture
t_podcast|Knowledge|/z-talks|Z Talks|FOLDER|1|NO|URL|https://cdn.jsdelivr.net/gh/kamleshwebnet/app_ar@main/icons_podcast/z-talks.webp|1|YES|https://rss.libsyn.com/shows/78151/destinations/353928.xml|RSS|0|0|Education
t_podcast|Knowledge|/selection-academy-lectures-on-law|Selection Academy - Lectures on Law|FOLDER|1|NO|URL|https://cdn.jsdelivr.net/gh/kamleshwebnet/app_ar@main/icons_podcast/selection-academy-lectures-on-law.webp|1|YES|https://anchor.fm/s/5ad95490/podcast/rss|RSS|0|0|Courses
t_podcast|Entertainment|/the-emmie-podcast|The Emmie Podcast|FOLDER|1|NO|URL|https://cdn.jsdelivr.net/gh/kamleshwebnet/app_ar@main/icons_podcast/the-emmie-podcast.webp|1|YES|https://anchor.fm/s/2ae48a5c/podcast/rss|RSS|0|0|Music Commentary
t_podcast|Lifestyle|/india-travel-podcast-with-arjun-mehta|India Travel Podcast with Arjun Mehta|FOLDER|1|NO|URL|https://cdn.jsdelivr.net/gh/kamleshwebnet/app_ar@main/icons_podcast/india-travel-podcast-with-arjun-mehta.webp|1|YES|https://feed.paris2tokyo.com/india.xml|RSS|0|0|Places & Travel
t_podcast|Knowledge|/tower-tales-atc-podcast|Tower Tales - ATC Podcast|FOLDER|1|NO|URL|https://cdn.jsdelivr.net/gh/kamleshwebnet/app_ar@main/icons_podcast/tower-tales-atc-podcast.webp|1|YES|https://anchor.fm/s/f7c60f50/podcast/rss|RSS|0|0|Aviation
t_podcast|News|/padhaku-nitin-world-affairs-podcast|Padhaku Nitin - World Affairs Podcast|FOLDER|1|NO|URL|https://cdn.jsdelivr.net/gh/kamleshwebnet/app_ar@main/icons_podcast/padhaku-nitin-world-affairs-podcast.webp|1|YES|https://www.spreaker.com/show/6850176/episodes/feed|RSS|0|0|News Commentary
t_podcast|Business|/capitalmind-with-deepak-shray|Capitalmind with Deepak & Shray|FOLDER|1|NO|URL|https://cdn.jsdelivr.net/gh/kamleshwebnet/app_ar@main/icons_podcast/capitalmind-with-deepak-shray.webp|1|YES|https://rss.libsyn.com/shows/163889/destinations/1084508.xml|RSS|0|0|Investing
t_podcast|Lifestyle|/maranavilas|MaranaVilas|FOLDER|1|NO|URL|https://cdn.jsdelivr.net/gh/kamleshwebnet/app_ar@main/icons_podcast/maranavilas.webp|1|YES|https://anchor.fm/s/209a9820/podcast/rss|RSS|0|0|Society & Culture
t_podcast|Comedy|/pacha-satta-the-rj-balaji-show|Pacha Satta - The RJ Balaji Show|FOLDER|1|NO|URL|https://cdn.jsdelivr.net/gh/kamleshwebnet/app_ar@main/icons_podcast/pacha-satta-the-rj-balaji-show.webp|1|YES|https://anchor.fm/s/ea563a70/podcast/rss|RSS|0|0|Comedy
t_podcast|Stories|/web-of-indian-life|Web of Indian Life|FOLDER|1|NO|URL|https://cdn.jsdelivr.net/gh/kamleshwebnet/app_ar@main/icons_podcast/web-of-indian-life.webp|1|YES|https://www.spreaker.com/show/7050488/episodes/feed|RSS|0|0|Books
t_podcast|Sports|/the-fpl-wire|The FPL Wire|FOLDER|1|NO|URL|https://cdn.jsdelivr.net/gh/kamleshwebnet/app_ar@main/icons_podcast/the-fpl-wire.webp|1|YES|https://feeds.megaphone.fm/BLU9598812574|RSS|0|0|Fantasy Sports
t_podcast|Business|/businessline-podcasts|BusinessLine Podcasts|FOLDER|1|NO|URL|https://cdn.jsdelivr.net/gh/kamleshwebnet/app_ar@main/icons_podcast/businessline-podcasts.webp|1|YES|https://feeds.megaphone.fm/THGU7512375069|RSS|0|0|Business News
t_podcast|Business|/sdj-podcast|SDJ Podcast|FOLDER|1|NO|URL|https://cdn.jsdelivr.net/gh/kamleshwebnet/app_ar@main/icons_podcast/sdj-podcast.webp|1|YES|https://anchor.fm/s/100e37d84/podcast/rss|RSS|0|0|Entrepreneurship
t_podcast|Lifestyle|/books-and-authors|Books and Authors|FOLDER|1|NO|URL|https://cdn.jsdelivr.net/gh/kamleshwebnet/app_ar@main/icons_podcast/books-and-authors.webp|1|YES|https://feeds.megaphone.fm/HTMEDIALTD8783521454|RSS|0|0|Society & Culture
t_podcast|Lifestyle|/stories-with-mayas-amma-with-swati-jagdish|Stories with Maya's Amma with Swati Jagdish|FOLDER|1|NO|URL|https://cdn.jsdelivr.net/gh/kamleshwebnet/app_ar@main/icons_podcast/stories-with-mayas-amma-with-swati-jagdish.webp|1|YES|https://media.rss.com/stories-with-maya-s-amma/feed.xml|RSS|0|0|Mental Health
t_podcast|Business|/signal-daily-india-business-weekly|Signal Daily: India Business Weekly|FOLDER|1|NO|URL|https://cdn.jsdelivr.net/gh/kamleshwebnet/app_ar@main/icons_podcast/signal-daily-india-business-weekly.webp|1|YES|https://news.sunbposolutions.com/api/feeds/podcast?category=india-business|RSS|0|0|Business
t_podcast|Knowledge|/sandarbh|Sandarbh|FOLDER|1|NO|URL|https://cdn.jsdelivr.net/gh/kamleshwebnet/app_ar@main/icons_podcast/sandarbh.webp|1|YES|https://www.spreaker.com/show/6604356/episodes/feed|RSS|0|0|Education
t_podcast|Entertainment|/cineulagam|Cineulagam|FOLDER|1|NO|URL|https://cdn.jsdelivr.net/gh/kamleshwebnet/app_ar@main/icons_podcast/cineulagam.webp|1|YES|https://anchor.fm/s/66826ee4/podcast/rss|RSS|0|0|Entertainment News
t_podcast|Comedy|/correcta-irunttuko-podcast|Correcta Irunttuko Podcast|FOLDER|1|NO|URL|https://cdn.jsdelivr.net/gh/kamleshwebnet/app_ar@main/icons_podcast/correcta-irunttuko-podcast.webp|1|YES|https://anchor.fm/s/eba52e7c/podcast/rss|RSS|0|0|Comedy
t_podcast|Entertainment|/the-kahani-project|The Kahani Project|FOLDER|1|NO|URL|https://cdn.jsdelivr.net/gh/kamleshwebnet/app_ar@main/icons_podcast/the-kahani-project.webp|1|YES|https://www.omnycontent.com/d/playlist/8ce708b9-c3c2-4eaa-a27d-ac0f007c53c5/7764fc07-4e49-4bf2-8557-b03d0098edc7/08a28d41-d697-4552-aa70-b03d009aa465/podcast.rss|RSS|0|0|Arts
t_podcast|Comedy|/unfiltered-by-samdish|Unfiltered by Samdish|FOLDER|1|NO|URL|https://cdn.jsdelivr.net/gh/kamleshwebnet/app_ar@main/icons_podcast/unfiltered-by-samdish.webp|1|YES|https://anchor.fm/s/f3b85d50/podcast/rss|RSS|0|0|Comedy Interviews
t_podcast|Lifestyle|/the-point-blank-show|The Point Blank Show|FOLDER|1|NO|URL|https://cdn.jsdelivr.net/gh/kamleshwebnet/app_ar@main/icons_podcast/the-point-blank-show.webp|1|YES|https://feeds.acast.com/public/shows/671e335008eefaeb808747ac|RSS|0|0|Society & Culture
t_podcast|Entertainment|/the-isai-podcast|The Isai Podcast|FOLDER|1|NO|URL|https://cdn.jsdelivr.net/gh/kamleshwebnet/app_ar@main/icons_podcast/the-isai-podcast.webp|1|YES|https://anchor.fm/s/f9d87e54/podcast/rss|RSS|0|0|Music
t_podcast|Stories|/unni-vlogs|Unni Vlogs|FOLDER|1|NO|URL|https://cdn.jsdelivr.net/gh/kamleshwebnet/app_ar@main/icons_podcast/unni-vlogs.webp|1|YES|https://anchor.fm/s/43e2d928/podcast/rss|RSS|0|0|Personal Journals
t_podcast|Lifestyle|/divine-life-sutra-volume-ii|Divine Life Sutra - Volume II|FOLDER|1|NO|URL|https://cdn.jsdelivr.net/gh/kamleshwebnet/app_ar@main/icons_podcast/divine-life-sutra-volume-ii.webp|1|YES|https://feeds.hubhopper.com/d48ac042efbd77f384d11808640dd30a.rss|RSS|0|0|Mental Health
t_podcast|Knowledge|/learning-german-in-india|Learning German In India|FOLDER|1|NO|URL|https://cdn.jsdelivr.net/gh/kamleshwebnet/app_ar@main/icons_podcast/learning-german-in-india.webp|1|YES|https://anchor.fm/s/29029af8/podcast/rss|RSS|0|0|Language Learning
t_podcast|Knowledge|/all-about-india-insider-tales|All About India Insider Tales|FOLDER|1|NO|URL|https://cdn.jsdelivr.net/gh/kamleshwebnet/app_ar@main/icons_podcast/all-about-india-insider-tales.webp|1|YES|https://pinecast.com/feed/all-about-india-insider-tales|RSS|0|0|History
t_podcast|Lifestyle|/manifest-your-reality-the-law-of-attraction-podcast|Manifest Your Reality – The Law of Attraction Podcast|FOLDER|1|NO|URL|https://cdn.jsdelivr.net/gh/kamleshwebnet/app_ar@main/icons_podcast/manifest-your-reality-the-law-of-attraction-podcast.webp|1|YES|https://anchor.fm/s/10ac4f030/podcast/rss|RSS|0|0|Self-Improvement
t_podcast|Kids & Family|/kidsstoppress-podcast-your-parenting-happy-hour|Kidsstoppress Podcast - Your Parenting Happy Hour|FOLDER|1|NO|URL|https://cdn.jsdelivr.net/gh/kamleshwebnet/app_ar@main/icons_podcast/kidsstoppress-podcast-your-parenting-happy-hour.webp|1|YES|https://rss.buzzsprout.com/2420714.rss|RSS|0|0|Parenting
t_podcast|Business|/daily-stock-market-news-and-analysis-dna-by-investyadnya|Daily Stock Market News and Analysis (DNA by InvestYadnya)|FOLDER|1|NO|URL|https://cdn.jsdelivr.net/gh/kamleshwebnet/app_ar@main/icons_podcast/daily-stock-market-news-and-analysis-dna-by-investyadnya.webp|1|YES|https://anchor.fm/s/108b40894/podcast/rss|RSS|0|0|Business News
t_podcast|Lifestyle|/unopathologylabs|UnoPathologyLabs|FOLDER|1|NO|URL|https://cdn.jsdelivr.net/gh/kamleshwebnet/app_ar@main/icons_podcast/unopathologylabs.webp|1|YES|https://feeds.hubhopper.com/b531933dd549a3feaa2272cba2530cd7.rss|RSS|0|0|Society & Culture
t_podcast|Knowledge|/langturbo-hindi|LangTurbo Hindi|FOLDER|1|NO|URL|https://cdn.jsdelivr.net/gh/kamleshwebnet/app_ar@main/icons_podcast/langturbo-hindi.webp|1|YES|https://www.langturbo.com/podcast?languageId=18|RSS|0|0|Language Learning
t_podcast|Stories|/hindi-stories-and-novels|Hindi Stories and Novels|FOLDER|1|NO|URL|https://cdn.jsdelivr.net/gh/kamleshwebnet/app_ar@main/icons_podcast/hindi-stories-and-novels.webp|1|YES|https://anchor.fm/s/5b5d7400/podcast/rss|RSS|0|0|Fiction
t_podcast|Stories|/rashmirathi-recited-by-kalamkaar-prateek|Rashmirathi - Recited by Kalamkaar Prateek|FOLDER|1|NO|URL|https://cdn.jsdelivr.net/gh/kamleshwebnet/app_ar@main/icons_podcast/rashmirathi-recited-by-kalamkaar-prateek.webp|1|YES|https://anchor.fm/s/2308b448/podcast/rss|RSS|0|0|Books
t_podcast|Stories|/beypore-sultan|Beypore Sultan|FOLDER|1|NO|URL|https://cdn.jsdelivr.net/gh/kamleshwebnet/app_ar@main/icons_podcast/beypore-sultan.webp|1|YES|https://anchor.fm/s/21f8fa2c/podcast/rss|RSS|0|0|Science Fiction
t_podcast|Kids & Family|/the-conscious-indian-mama|The Conscious Indian Mama|FOLDER|1|NO|URL|https://cdn.jsdelivr.net/gh/kamleshwebnet/app_ar@main/icons_podcast/the-conscious-indian-mama.webp|1|YES|https://anchor.fm/s/1058d3488/podcast/rss|RSS|0|0|Parenting
t_podcast|Spiritual|/veda-araichi-tamil-bible-study-wr-today-india|Veda Araichi Tamil Bible Study WR Today India|FOLDER|1|NO|URL|https://cdn.jsdelivr.net/gh/kamleshwebnet/app_ar@main/icons_podcast/veda-araichi-tamil-bible-study-wr-today-india.webp|1|YES|https://anchor.fm/s/991ccd4/podcast/rss|RSS|0|0|Religion & Spirituality
t_podcast|Entertainment|/sizzling-samachar-of-the-day|Sizzling Samachar of the Day|FOLDER|1|NO|URL|https://cdn.jsdelivr.net/gh/kamleshwebnet/app_ar@main/icons_podcast/sizzling-samachar-of-the-day.webp|1|YES|https://feeds.megaphone.fm/HTMEDIALTD9639268366|RSS|0|0|Entertainment News
t_podcast|Business|/indicast-indians-on-india|Indicast - Indians on India|FOLDER|1|NO|URL|https://cdn.jsdelivr.net/gh/kamleshwebnet/app_ar@main/icons_podcast/indicast-indians-on-india.webp|1|YES|https://feeds.acast.com/public/shows/671e40af08eefaeb80899e85|RSS|0|0|Business News
t_podcast|Stories|/dharmadreamsai-server-logs|DharmaDreamsAI - Server Logs|FOLDER|1|NO|URL|https://cdn.jsdelivr.net/gh/kamleshwebnet/app_ar@main/icons_podcast/dharmadreamsai-server-logs.webp|1|YES|https://anchor.fm/s/110bc7454/podcast/rss|RSS|0|0|Drama
t_podcast|Comedy|/dravidians-reborn-podcast|Dravidians Reborn Podcast|FOLDER|1|NO|URL|https://cdn.jsdelivr.net/gh/kamleshwebnet/app_ar@main/icons_podcast/dravidians-reborn-podcast.webp|1|YES|https://anchor.fm/s/f6e47c0c/podcast/rss|RSS|0|0|Comedy
t_podcast|Lifestyle|/vedic-astrology-career-personality-relationships-case-studies|Vedic Astrology - Career, Personality, Relationships, Case Studies|FOLDER|1|NO|URL|https://cdn.jsdelivr.net/gh/kamleshwebnet/app_ar@main/icons_podcast/vedic-astrology-career-personality-relationships-case-studies.webp|1|YES|https://media.rss.com/cancer/feed.xml|RSS|0|0|Self-Improvement
t_podcast|Kids & Family|/story-time-with-asha-teacher-malayalam-stories|Story Time with Asha Teacher - Malayalam Stories|FOLDER|1|NO|URL|https://cdn.jsdelivr.net/gh/kamleshwebnet/app_ar@main/icons_podcast/story-time-with-asha-teacher-malayalam-stories.webp|1|YES|https://anchor.fm/s/3e6a9468/podcast/rss|RSS|0|0|Stories for Kids
t_podcast|Comedy|/vanmamaaru-podcast|Vanmamaaru Podcast|FOLDER|1|NO|URL|https://cdn.jsdelivr.net/gh/kamleshwebnet/app_ar@main/icons_podcast/vanmamaaru-podcast.webp|1|YES|https://anchor.fm/s/66a31130/podcast/rss|RSS|0|0|Comedy Interviews
t_podcast|News|/the-hindu-upsc-daily|The Hindu UPSC Daily|FOLDER|1|NO|URL|https://cdn.jsdelivr.net/gh/kamleshwebnet/app_ar@main/icons_podcast/the-hindu-upsc-daily.webp|1|YES|https://raw.githubusercontent.com/jarvez31/automated-podcasts/main/feed.xml|RSS|0|0|News
t_podcast|Spiritual|/nothing-but-the-truth|Nothing But The Truth|FOLDER|1|NO|URL|https://cdn.jsdelivr.net/gh/kamleshwebnet/app_ar@main/icons_podcast/nothing-but-the-truth.webp|1|YES|https://anchor.fm/s/de75a754/podcast/rss|RSS|0|0|Philosophy
t_podcast|News|/chakravyuh|Chakravyuh|FOLDER|1|NO|URL|https://cdn.jsdelivr.net/gh/kamleshwebnet/app_ar@main/icons_podcast/chakravyuh.webp|1|YES|https://www.spreaker.com/show/6664770/episodes/feed|RSS|0|0|Daily News
t_podcast|Knowledge|/the-historylogy-podcast|The Historylogy Podcast|FOLDER|1|NO|URL|https://cdn.jsdelivr.net/gh/kamleshwebnet/app_ar@main/icons_podcast/the-historylogy-podcast.webp|1|YES|https://feeds.simplecast.com/39Vnb2Q0|RSS|0|0|History
t_podcast|Stories|/selected-ghazals-of-ghalib-by-mirza-ghalib|Selected Ghazals of Ghalib by Mirza Ghalib|FOLDER|1|NO|URL|https://cdn.jsdelivr.net/gh/kamleshwebnet/app_ar@main/icons_podcast/selected-ghazals-of-ghalib-by-mirza-ghalib.webp|1|YES|http://www.loyalbooks.com/book/selected-ghazals-of-ghalib-by-mirza-ghalib/feed|RSS|0|0|Books
t_podcast|Stories|/stories-from-tagore|Stories from Tagore|FOLDER|1|NO|URL|https://cdn.jsdelivr.net/gh/kamleshwebnet/app_ar@main/icons_podcast/stories-from-tagore.webp|1|YES|https://www.spreaker.com/show/6889809/episodes/feed|RSS|0|0|Books
t_podcast|Knowledge|/maritime-minds|Maritime Minds|FOLDER|1|NO|URL|https://cdn.jsdelivr.net/gh/kamleshwebnet/app_ar@main/icons_podcast/maritime-minds.webp|1|YES|https://anchor.fm/s/107994578/podcast/rss|RSS|0|0|Education
t_podcast|News|/interpreting-india|Interpreting India|FOLDER|1|NO|URL|https://cdn.jsdelivr.net/gh/kamleshwebnet/app_ar@main/icons_podcast/interpreting-india.webp|1|YES|https://feeds.simplecast.com/PJlAlBwi|RSS|0|0|Government
t_podcast|Lifestyle|/prakhar-ke-pravachan|Prakhar Ke Pravachan|FOLDER|1|NO|URL|https://cdn.jsdelivr.net/gh/kamleshwebnet/app_ar@main/icons_podcast/prakhar-ke-pravachan.webp|1|YES|https://anchor.fm/s/f6473eec/podcast/rss|RSS|0|0|Self-Improvement
t_podcast|Knowledge|/psychology-decoded|Psychology Decoded|FOLDER|1|NO|URL|https://cdn.jsdelivr.net/gh/kamleshwebnet/app_ar@main/icons_podcast/psychology-decoded.webp|1|YES|https://anchor.fm/s/114c07f3c/podcast/rss|RSS|0|0|Courses
t_podcast|Knowledge|/devsig-podcast|Devsig Podcast|FOLDER|1|NO|URL|https://cdn.jsdelivr.net/gh/kamleshwebnet/app_ar@main/icons_podcast/devsig-podcast.webp|1|YES|https://anchor.fm/s/100833320/podcast/rss|RSS|0|0|Technology
t_podcast|News|/reporters-off-air|Reporters Off Air|FOLDER|1|NO|URL|https://cdn.jsdelivr.net/gh/kamleshwebnet/app_ar@main/icons_podcast/reporters-off-air.webp|1|YES|https://www.spreaker.com/show/6680160/episodes/feed|RSS|0|0|Daily News
t_podcast|Comedy|/kapow|KAPOW!+|FOLDER|1|NO|URL|https://cdn.jsdelivr.net/gh/kamleshwebnet/app_ar@main/icons_podcast/kapow.webp|1|YES|https://www.spreaker.com/show/6752421/episodes/feed|RSS|0|0|Comedy
t_podcast|Spiritual|/zac-poonen-sermons|Zac Poonen Sermons|FOLDER|1|NO|URL|https://cdn.jsdelivr.net/gh/kamleshwebnet/app_ar@main/icons_podcast/zac-poonen-sermons.webp|1|YES|https://www.cfcindia.com/rss/weekly_podcast.xml|RSS|0|0|Christianity
t_podcast|Entertainment|/martina-motwani|Martina Motwani|FOLDER|1|NO|URL|https://cdn.jsdelivr.net/gh/kamleshwebnet/app_ar@main/icons_podcast/martina-motwani.webp|1|YES|https://anchor.fm/s/222a3998/podcast/rss|RSS|0|0|Music
t_podcast|Entertainment|/cinema-malayali-malayalam-movie-podcast|Cinema Malayali - Malayalam Movie Podcast|FOLDER|1|NO|URL|https://cdn.jsdelivr.net/gh/kamleshwebnet/app_ar@main/icons_podcast/cinema-malayali-malayalam-movie-podcast.webp|1|YES|https://anchor.fm/s/c22de78c/podcast/rss|RSS|0|0|TV & Film
t_podcast|Kids & Family|/apple-story-club-malayalam-stories-for-children|Apple Story Club (Malayalam Stories for Children)|FOLDER|1|NO|URL|https://cdn.jsdelivr.net/gh/kamleshwebnet/app_ar@main/icons_podcast/apple-story-club-malayalam-stories-for-children.webp|1|YES|https://anchor.fm/s/1c3ac138/podcast/rss|RSS|0|0|Kids & Family
t_podcast|Entertainment|/brothers-in-music-the-ar-rahman-edition|Brothers in Music: The AR Rahman Edition|FOLDER|1|NO|URL|https://cdn.jsdelivr.net/gh/kamleshwebnet/app_ar@main/icons_podcast/brothers-in-music-the-ar-rahman-edition.webp|1|YES|https://rss.buzzsprout.com/2289931.rss|RSS|0|0|Music
t_podcast|Lifestyle|/ashish-vidyarthi-podcasts|Ashish Vidyarthi Podcasts|FOLDER|1|NO|URL|https://cdn.jsdelivr.net/gh/kamleshwebnet/app_ar@main/icons_podcast/ashish-vidyarthi-podcasts.webp|1|YES|https://feeds.hubhopper.com/59d9a905bfea25423b1abc941179be84.rss|RSS|0|0|Self-Improvement
t_podcast|Lifestyle|/mkjayadev|MkJayadev|FOLDER|1|NO|URL|https://cdn.jsdelivr.net/gh/kamleshwebnet/app_ar@main/icons_podcast/mkjayadev.webp|1|YES|https://anchor.fm/s/e7eb568/podcast/rss|RSS|0|0|Self-Improvement
t_podcast|Spiritual|/mahabharat-the-complete-saga|Mahabharat - The Complete Saga|FOLDER|1|NO|URL|https://cdn.jsdelivr.net/gh/kamleshwebnet/app_ar@main/icons_podcast/mahabharat-the-complete-saga.webp|1|YES|https://anchor.fm/s/10b9ff4f0/podcast/rss|RSS|0|0|Hinduism
t_podcast|Knowledge|/srj-science-hub|Srj Science Hub|FOLDER|1|NO|URL|https://cdn.jsdelivr.net/gh/kamleshwebnet/app_ar@main/icons_podcast/srj-science-hub.webp|1|YES|https://anchor.fm/s/f58a2910/podcast/rss|RSS|0|0|Chemistry
t_podcast|News|/ctrl-alt-defence|Ctrl + Alt + Defence|FOLDER|1|NO|URL|https://cdn.jsdelivr.net/gh/kamleshwebnet/app_ar@main/icons_podcast/ctrl-alt-defence.webp|1|YES|https://search.ndtv.com/podcast/index/client_key/ndtv-podcast-5d35e3e34a92df17d11d54e0ff241e8b?&showfull=1&pageSize=100&&extra_params=keywords,description,ssl&language=1&mf=1&shows=1018&source=47&|RSS|0|0|News
t_podcast|Business|/shoutmeloud-podcast|ShoutMeLoud Podcast|FOLDER|1|NO|URL|https://cdn.jsdelivr.net/gh/kamleshwebnet/app_ar@main/icons_podcast/shoutmeloud-podcast.webp|1|YES|https://feeds.soundcloud.com/users/soundcloud:users:3971054/sounds.rss|RSS|0|0|Business
t_podcast|Knowledge|/uppu-podcast|Uppu Podcast|FOLDER|1|NO|URL|https://cdn.jsdelivr.net/gh/kamleshwebnet/app_ar@main/icons_podcast/uppu-podcast.webp|1|YES|https://anchor.fm/s/f7a9e7e4/podcast/rss|RSS|0|0|Education
t_podcast|Lifestyle|/angels-creations|Angels Creations|FOLDER|1|NO|URL|https://cdn.jsdelivr.net/gh/kamleshwebnet/app_ar@main/icons_podcast/angels-creations.webp|1|YES|https://anchor.fm/s/45d75498/podcast/rss|RSS|0|0|Society & Culture
t_podcast|Entertainment|/kavyapal-hindi-poems|Kavyapal - Hindi Poems|FOLDER|1|NO|URL|https://cdn.jsdelivr.net/gh/kamleshwebnet/app_ar@main/icons_podcast/kavyapal-hindi-poems.webp|1|YES|https://anchor.fm/s/67a409f4/podcast/rss|RSS|0|0|Performing Arts
t_podcast|Entertainment|/kalinga-son|Kalinga Son|FOLDER|1|NO|URL|https://cdn.jsdelivr.net/gh/kamleshwebnet/app_ar@main/icons_podcast/kalinga-son.webp|1|YES|https://feeds.soundcloud.com/users/soundcloud:users:6804883/sounds.rss|RSS|0|0|Music
t_podcast|Spiritual|/kahani-pauranik-bharat-ki|Kahani Pauranik Bharat Ki|FOLDER|1|NO|URL|https://cdn.jsdelivr.net/gh/kamleshwebnet/app_ar@main/icons_podcast/kahani-pauranik-bharat-ki.webp|1|YES|https://www.omnycontent.com/d/playlist/baa19804-d77c-4777-8145-b2a400874018/4dae77f2-fc55-4501-b486-b2ac00ccbd74/677c4c0a-ad49-4d18-b46b-b2ac00ccbd7c/podcast.rss|RSS|0|0|Hinduism
t_podcast|Lifestyle|/shri-eknathi-bhagavat-the-divine-wisdom-of-uddhava-gita-by-shri-eknathi-maharaj|Shri Eknathi Bhagavat: The Divine Wisdom of Uddhava Gita by Shri Eknathi Maharaj|FOLDER|1|NO|URL|https://cdn.jsdelivr.net/gh/kamleshwebnet/app_ar@main/icons_podcast/shri-eknathi-bhagavat-the-divine-wisdom-of-uddhava-gita-by-shri-eknathi-maharaj.webp|1|YES|https://anchor.fm/s/100cccfa8/podcast/rss|RSS|0|0|Self-Improvement
t_podcast|Knowledge|/mathematics-simplified|Mathematics Simplified|FOLDER|1|NO|URL|https://cdn.jsdelivr.net/gh/kamleshwebnet/app_ar@main/icons_podcast/mathematics-simplified.webp|1|YES|https://anchor.fm/s/206763ec/podcast/rss|RSS|0|0|Mathematics
t_podcast|Lifestyle|/vocal-oli|Vocal Oli|FOLDER|1|NO|URL|https://cdn.jsdelivr.net/gh/kamleshwebnet/app_ar@main/icons_podcast/vocal-oli.webp|1|YES|https://anchor.fm/s/1734c904/podcast/rss|RSS|0|0|Mental Health
t_podcast|Lifestyle|/stories-with-akshay-malayalam-podcast|Stories with Akshay - Malayalam Podcast|FOLDER|1|NO|URL|https://cdn.jsdelivr.net/gh/kamleshwebnet/app_ar@main/icons_podcast/stories-with-akshay-malayalam-podcast.webp|1|YES|https://feeds.hubhopper.com/31bcd6dcdc55b3f7f9ee690e6a2167d6.rss|RSS|0|0|Society & Culture
t_podcast|Lifestyle|/birth-agni|Birth Agni|FOLDER|1|NO|URL|https://cdn.jsdelivr.net/gh/kamleshwebnet/app_ar@main/icons_podcast/birth-agni.webp|1|YES|https://rss.buzzsprout.com/785771.rss|RSS|0|0|Health & Fitness
t_podcast|Spiritual|/kirtan-sant-shri-asharamji-bapu-kirtan|Kirtan - Sant Shri Asharamji Bapu Kirtan|FOLDER|1|NO|URL|https://cdn.jsdelivr.net/gh/kamleshwebnet/app_ar@main/icons_podcast/kirtan-sant-shri-asharamji-bapu-kirtan.webp|1|YES|http://feeds.feedburner.com/SantShriAsaramjiBapuKirtan|RSS|0|0|Religion & Spirituality
t_podcast|News|/scroll-adda|Scroll Adda|FOLDER|1|NO|URL|https://cdn.jsdelivr.net/gh/kamleshwebnet/app_ar@main/icons_podcast/scroll-adda.webp|1|YES|https://feeds.acast.com/public/shows/6867c44a0b3c0cca54f488ce|RSS|0|0|Politics
t_podcast|Knowledge|/the-climate-conundrum-podcast|The Climate Conundrum Podcast|FOLDER|1|NO|URL|https://cdn.jsdelivr.net/gh/kamleshwebnet/app_ar@main/icons_podcast/the-climate-conundrum-podcast.webp|1|YES|https://anchor.fm/s/f51b1db8/podcast/rss|RSS|0|0|Natural Sciences
t_podcast|Entertainment|/the-awful-awesome-entertainment-wrap|The Awful & Awesome Entertainment Wrap|FOLDER|1|NO|URL|https://cdn.jsdelivr.net/gh/kamleshwebnet/app_ar@main/icons_podcast/the-awful-awesome-entertainment-wrap.webp|1|YES|https://feeds.acast.com/public/shows/5ec24dba84c3fb5c3f29dd3a|RSS|0|0|TV & Film
t_podcast|Business|/subtext-by-zerodha|Subtext by Zerodha|FOLDER|1|NO|URL|https://cdn.jsdelivr.net/gh/kamleshwebnet/app_ar@main/icons_podcast/subtext-by-zerodha.webp|1|YES|https://feeds.simplecast.com/T8dZRBV1|RSS|0|0|Entrepreneurship
t_podcast|Stories|/faadu-fridays-a-horror-podcast|Faadu Fridays - A Horror Podcast|FOLDER|1|NO|URL|https://cdn.jsdelivr.net/gh/kamleshwebnet/app_ar@main/icons_podcast/faadu-fridays-a-horror-podcast.webp|1|YES|https://anchor.fm/s/fea12e40/podcast/rss|RSS|0|0|Fiction
t_podcast|Comedy|/joke-samachar|Joke Samachar|FOLDER|1|NO|URL|https://cdn.jsdelivr.net/gh/kamleshwebnet/app_ar@main/icons_podcast/joke-samachar.webp|1|YES|https://www.omnycontent.com/d/playlist/8ce708b9-c3c2-4eaa-a27d-ac0f007c53c5/c92291ab-aea9-4b20-99fb-b07000d43037/7da2d47c-1da4-494d-adf8-b07000d4d8b1/podcast.rss|RSS|0|0|Improv
t_podcast|Business|/cfa-society-india-podcast|CFA Society India Podcast|FOLDER|1|NO|URL|https://cdn.jsdelivr.net/gh/kamleshwebnet/app_ar@main/icons_podcast/cfa-society-india-podcast.webp|1|YES|https://anchor.fm/s/e214d588/podcast/rss|RSS|0|0|Investing
t_podcast|Lifestyle|/medpod-afmc|MedPod AFMC|FOLDER|1|NO|URL|https://cdn.jsdelivr.net/gh/kamleshwebnet/app_ar@main/icons_podcast/medpod-afmc.webp|1|YES|https://anchor.fm/s/f4576a80/podcast/rss|RSS|0|0|Medicine
t_podcast|Lifestyle|/om-creem-tamil-podcast|Om Creem - Tamil Podcast|FOLDER|1|NO|URL|https://cdn.jsdelivr.net/gh/kamleshwebnet/app_ar@main/icons_podcast/om-creem-tamil-podcast.webp|1|YES|https://anchor.fm/s/293c124c/podcast/rss|RSS|0|0|Society & Culture
t_podcast|Lifestyle|/heartbreak-and-healing-with-chennaisixtyeight|Heartbreak and Healing with Chennaisixtyeight|FOLDER|1|NO|URL|https://cdn.jsdelivr.net/gh/kamleshwebnet/app_ar@main/icons_podcast/heartbreak-and-healing-with-chennaisixtyeight.webp|1|YES|https://anchor.fm/s/fa615404/podcast/rss|RSS|0|0|Mental Health
t_podcast|Business|/research-radio|Research Radio|FOLDER|1|NO|URL|https://cdn.jsdelivr.net/gh/kamleshwebnet/app_ar@main/icons_podcast/research-radio.webp|1|YES|https://anchor.fm/s/e6b63ec4/podcast/rss|RSS|0|0|Business
t_podcast|Business|/property-se-fayda|Property Se Fayda|FOLDER|1|NO|URL|https://cdn.jsdelivr.net/gh/kamleshwebnet/app_ar@main/icons_podcast/property-se-fayda.webp|1|YES|https://www.spreaker.com/show/6869799/episodes/feed|RSS|0|0|Business
t_podcast|Sports|/ballabol-the-cricket-podcast|Ballabol - The Cricket Podcast|FOLDER|1|NO|URL|https://cdn.jsdelivr.net/gh/kamleshwebnet/app_ar@main/icons_podcast/ballabol-the-cricket-podcast.webp|1|YES|https://www.spreaker.com/show/5692741/episodes/feed|RSS|0|0|Cricket
t_podcast|Lifestyle|/big-food-energy|Big Food Energy|FOLDER|1|NO|URL|https://cdn.jsdelivr.net/gh/kamleshwebnet/app_ar@main/icons_podcast/big-food-energy.webp|1|YES|https://anchor.fm/s/f55a1b1c/podcast/rss|RSS|0|0|Food
t_podcast|Knowledge|/julius-manuel|Julius Manuel|FOLDER|1|NO|URL|https://cdn.jsdelivr.net/gh/kamleshwebnet/app_ar@main/icons_podcast/julius-manuel.webp|1|YES|https://anchor.fm/s/5d1b5744/podcast/rss|RSS|0|0|History
t_podcast|Lifestyle|/the-sandip-roy-show|The Sandip Roy Show|FOLDER|1|NO|URL|https://cdn.jsdelivr.net/gh/kamleshwebnet/app_ar@main/icons_podcast/the-sandip-roy-show.webp|1|YES|https://www.spreaker.com/show/5007968/episodes/feed|RSS|0|0|Society & Culture
t_podcast|Knowledge|/the-indian-avgeek|The Indian AvGeek|FOLDER|1|NO|URL|https://cdn.jsdelivr.net/gh/kamleshwebnet/app_ar@main/icons_podcast/the-indian-avgeek.webp|1|YES|https://anchor.fm/s/f945ecd8/podcast/rss|RSS|0|0|Aviation
t_podcast|Lifestyle|/pahayan-talks-malayalam-podcast|Pahayan Talks - Malayalam Podcast|FOLDER|1|NO|URL|https://cdn.jsdelivr.net/gh/kamleshwebnet/app_ar@main/icons_podcast/pahayan-talks-malayalam-podcast.webp|1|YES|https://anchor.fm/s/601dfb4/podcast/rss|RSS|0|0|Self-Improvement
t_podcast|Knowledge|/audit-by-neeraj|Audit by Neeraj|FOLDER|1|NO|URL|https://cdn.jsdelivr.net/gh/kamleshwebnet/app_ar@main/icons_podcast/audit-by-neeraj.webp|1|YES|https://api.substack.com/feed/podcast/706469.rss|RSS|0|0|Courses
t_podcast|Stories|/yenna-vazhkada-a-maddys-show|Yenna Vazhkada! - A Maddy's Show|FOLDER|1|NO|URL|https://cdn.jsdelivr.net/gh/kamleshwebnet/app_ar@main/icons_podcast/yenna-vazhkada-a-maddys-show.webp|1|YES|https://anchor.fm/s/113794230/podcast/rss|RSS|0|0|Personal Journals
t_podcast|News|/south-central|South Central|FOLDER|1|NO|URL|https://cdn.jsdelivr.net/gh/kamleshwebnet/app_ar@main/icons_podcast/south-central.webp|1|YES|https://feeds.acast.com/public/shows/67333512b63a79b5811fcc97|RSS|0|0|Politics
t_podcast|Stories|/desi-return-diaries|Desi Return Diaries|FOLDER|1|NO|URL|https://cdn.jsdelivr.net/gh/kamleshwebnet/app_ar@main/icons_podcast/desi-return-diaries.webp|1|YES|https://anchor.fm/s/ff7f50a8/podcast/rss|RSS|0|0|Personal Journals
t_podcast|Lifestyle|/figuring-fashion-podcast|Figuring Fashion Podcast|FOLDER|1|NO|URL|https://cdn.jsdelivr.net/gh/kamleshwebnet/app_ar@main/icons_podcast/figuring-fashion-podcast.webp|1|YES|https://anchor.fm/s/fdb661a8/podcast/rss|RSS|0|0|Fashion & Beauty
t_podcast|Lifestyle|/the-masoom-minawala-show|The Masoom Minawala Show|FOLDER|1|NO|URL|https://cdn.jsdelivr.net/gh/kamleshwebnet/app_ar@main/icons_podcast/the-masoom-minawala-show.webp|1|YES|https://anchor.fm/s/fefe1704/podcast/rss|RSS|0|0|Self-Improvement
t_podcast|Entertainment|/scene-podcast|Scene Podcast|FOLDER|1|NO|URL|https://cdn.jsdelivr.net/gh/kamleshwebnet/app_ar@main/icons_podcast/scene-podcast.webp|1|YES|https://scene.podomatic.com/rss2.xml|RSS|0|0|Music
t_podcast|Lifestyle|/supertalks-by-themovingship|Supertalks by themovingship|FOLDER|1|NO|URL|https://cdn.jsdelivr.net/gh/kamleshwebnet/app_ar@main/icons_podcast/supertalks-by-themovingship.webp|1|YES|https://anchor.fm/s/f11800b4/podcast/rss|RSS|0|0|Society & Culture
t_podcast|News|/nere-chovve|Nere Chovve|FOLDER|1|NO|URL|https://cdn.jsdelivr.net/gh/kamleshwebnet/app_ar@main/icons_podcast/nere-chovve.webp|1|YES|https://www.omnycontent.com/d/playlist/38abe477-df60-4cf0-bd9f-b1fe00d0bda4/6099ff0c-0c8e-49dc-808a-b21e00b71bec/a1c80e28-7063-427b-ab0c-b21e00b71d2a/podcast.rss|RSS|0|0|Politics
t_podcast|Business|/mba-made-simple-tamil-business-podcast|MBA Made Simple - Tamil Business Podcast|FOLDER|1|NO|URL|https://cdn.jsdelivr.net/gh/kamleshwebnet/app_ar@main/icons_podcast/mba-made-simple-tamil-business-podcast.webp|1|YES|https://anchor.fm/s/270166e4/podcast/rss|RSS|0|0|Business
t_podcast|Stories|/kadhai-osai-tamil-audiobooks|Kadhai Osai - Tamil Audiobooks|FOLDER|1|NO|URL|https://cdn.jsdelivr.net/gh/kamleshwebnet/app_ar@main/icons_podcast/kadhai-osai-tamil-audiobooks.webp|1|YES|https://anchor.fm/s/cf2ac40/podcast/rss|RSS|0|0|Books
t_podcast|Comedy|/sondha-kadha-soga-kadha-tamil-podcast|Sondha Kadha Soga Kadha - Tamil Podcast|FOLDER|1|NO|URL|https://cdn.jsdelivr.net/gh/kamleshwebnet/app_ar@main/icons_podcast/sondha-kadha-soga-kadha-tamil-podcast.webp|1|YES|https://anchor.fm/s/1cd89200/podcast/rss|RSS|0|0|Comedy
t_podcast|Lifestyle|/mumbai-local|Mumbai Local|FOLDER|1|NO|URL|https://cdn.jsdelivr.net/gh/kamleshwebnet/app_ar@main/icons_podcast/mumbai-local.webp|1|YES|https://www.omnycontent.com/d/playlist/8ce708b9-c3c2-4eaa-a27d-ac0f007c53c5/cb74861a-5717-4a1c-a229-ac330068ff54/d7932a4e-a55f-4d93-8d68-ac330068ff62/podcast.rss|RSS|0|0|Society & Culture
t_podcast|Lifestyle|/dil-drama-and-duniya|Dil, Drama and Duniya|FOLDER|1|NO|URL|https://cdn.jsdelivr.net/gh/kamleshwebnet/app_ar@main/icons_podcast/dil-drama-and-duniya.webp|1|YES|https://anchor.fm/s/10fce4a68/podcast/rss|RSS|0|0|Relationships
t_podcast|Spiritual|/baba-iqbal-singh-ji|Baba Iqbal Singh Ji|FOLDER|1|NO|URL|https://cdn.jsdelivr.net/gh/kamleshwebnet/app_ar@main/icons_podcast/baba-iqbal-singh-ji.webp|1|YES|https://anchor.fm/s/4562e39c/podcast/rss|RSS|0|0|Spirituality
t_podcast|Lifestyle|/boys-and-girls|Boys and Girls|FOLDER|1|NO|URL|https://cdn.jsdelivr.net/gh/kamleshwebnet/app_ar@main/icons_podcast/boys-and-girls.webp|1|YES|https://www.omnycontent.com/d/playlist/e73c998e-6e60-432f-8610-ae210140c5b1/27aa1362-0e60-4308-94e7-b3de010d8aa4/461b6486-69f8-44be-89aa-b3de010d8efa/podcast.rss|RSS|0|0|Relationships
t_podcast|News|/the-crvka-podcast|The Cārvāka Podcast|FOLDER|1|NO|URL|https://cdn.jsdelivr.net/gh/kamleshwebnet/app_ar@main/icons_podcast/the-crvka-podcast.webp|1|YES|https://feeds.soundcloud.com/users/soundcloud:users:208848919/sounds.rss|RSS|0|0|News
t_podcast|Spiritual|/the-vishnu-purana-deep-dive-hindi|The Vishnu Purana - Deep Dive (Hindi)|FOLDER|1|NO|URL|https://cdn.jsdelivr.net/gh/kamleshwebnet/app_ar@main/icons_podcast/the-vishnu-purana-deep-dive-hindi.webp|1|YES|https://anchor.fm/s/10f7627e8/podcast/rss|RSS|0|0|Spirituality
t_podcast|Lifestyle|/the-hrishikay-sessions|The HrishiKay Sessions|FOLDER|1|NO|URL|https://cdn.jsdelivr.net/gh/kamleshwebnet/app_ar@main/icons_podcast/the-hrishikay-sessions.webp|1|YES|https://feeds.soundcloud.com/users/soundcloud:users:20248662/sounds.rss|RSS|0|0|Society & Culture
t_podcast|Entertainment|/teluguone-film-news|Teluguone Film News|FOLDER|1|NO|URL|https://cdn.jsdelivr.net/gh/kamleshwebnet/app_ar@main/icons_podcast/teluguone-film-news.webp|1|YES|https://feeds.redcircle.com/ce3deabf-7e03-445d-9404-6cfce99a1515|RSS|0|0|Entertainment News
t_podcast|Knowledge|/desi-deep-dive|Desi Deep Dive|FOLDER|1|NO|URL|https://cdn.jsdelivr.net/gh/kamleshwebnet/app_ar@main/icons_podcast/desi-deep-dive.webp|1|YES|https://anchor.fm/s/10f357694/podcast/rss|RSS|0|0|Science
t_podcast|News|/words-of-wisdom-dr-subramanian-swamy|Words of Wisdom - Dr Subramanian Swamy|FOLDER|1|NO|URL|https://cdn.jsdelivr.net/gh/kamleshwebnet/app_ar@main/icons_podcast/words-of-wisdom-dr-subramanian-swamy.webp|1|YES|https://anchor.fm/s/68a0789c/podcast/rss|RSS|0|0|News Commentary
t_podcast|Lifestyle|/chetan-bhagat|Chetan Bhagat|FOLDER|1|NO|URL|https://cdn.jsdelivr.net/gh/kamleshwebnet/app_ar@main/icons_podcast/chetan-bhagat.webp|1|YES|https://anchor.fm/s/5ca3f014/podcast/rss|RSS|0|0|Self-Improvement
t_podcast|Spiritual|/dhyan-sant-shri-asharamji-bapu-dhyan|Dhyan - Sant Shri Asharamji Bapu Dhyan|FOLDER|1|NO|URL|https://cdn.jsdelivr.net/gh/kamleshwebnet/app_ar@main/icons_podcast/dhyan-sant-shri-asharamji-bapu-dhyan.webp|1|YES|https://feeds.feedburner.com/SantShriAsaramjiBapuMeditation|RSS|0|0|Religion & Spirituality
t_podcast|Business|/wtf-online|WTF Online|FOLDER|1|NO|URL|https://cdn.jsdelivr.net/gh/kamleshwebnet/app_ar@main/icons_podcast/wtf-online.webp|1|YES|https://feeds.hubhopper.com/c23d91c41aa95229777d82267b1dec46.rss|RSS|0|0|Entrepreneurship
t_podcast|Spiritual|/brahma-kumaris-audio|Brahma Kumaris Audio|FOLDER|1|NO|URL|https://cdn.jsdelivr.net/gh/kamleshwebnet/app_ar@main/icons_podcast/brahma-kumaris-audio.webp|1|YES|https://feeds.soundcloud.com/users/soundcloud:users:179499646/sounds.rss|RSS|0|0|Religion & Spirituality
t_podcast|Stories|/the-madras-podcast|The Madras Podcast|FOLDER|1|NO|URL|https://cdn.jsdelivr.net/gh/kamleshwebnet/app_ar@main/icons_podcast/the-madras-podcast.webp|1|YES|https://rss.buzzsprout.com/1746711.rss|RSS|0|0|Drama
t_podcast|Spiritual|/manifest-it-tamil|Manifest It (Tamil)|FOLDER|1|NO|URL|https://cdn.jsdelivr.net/gh/kamleshwebnet/app_ar@main/icons_podcast/manifest-it-tamil.webp|1|YES|https://anchor.fm/s/852078c8/podcast/rss|RSS|0|0|Spirituality
t_podcast|Spiritual|/bhagavad-gita-telugu|Bhagavad Gita (Telugu)|FOLDER|1|NO|URL|https://cdn.jsdelivr.net/gh/kamleshwebnet/app_ar@main/icons_podcast/bhagavad-gita-telugu.webp|1|YES|https://feeds.redcircle.com/d01d2370-a9fb-4c6c-ab53-4ec14800e9b7|RSS|0|0|Spirituality
t_podcast|Lifestyle|/tamil-audio-books|Tamil Audio Books|FOLDER|1|NO|URL|https://cdn.jsdelivr.net/gh/kamleshwebnet/app_ar@main/icons_podcast/tamil-audio-books.webp|1|YES|https://anchor.fm/s/fb15a74c/podcast/rss|RSS|0|0|Society & Culture
t_podcast|Entertainment|/christian-praise-and-worship-songs|Christian Praise and Worship Songs|FOLDER|1|NO|URL|https://cdn.jsdelivr.net/gh/kamleshwebnet/app_ar@main/icons_podcast/christian-praise-and-worship-songs.webp|1|YES|https://feeds.hubhopper.com/cd8926a606ad8619736ff4232b98687d.rss|RSS|0|0|Music
t_podcast|Stories|/sr-pay-true-crime-documentaries|SR PAY (True Crime Documentaries)|FOLDER|1|NO|URL|https://cdn.jsdelivr.net/gh/kamleshwebnet/app_ar@main/icons_podcast/sr-pay-true-crime-documentaries.webp|1|YES|https://anchor.fm/s/af013ccc/podcast/rss|RSS|0|0|Documentary
t_podcast|Stories|/storybox-with-jamshed-qamar-siddiqui|Storybox with Jamshed Qamar Siddiqui|FOLDER|1|NO|URL|https://cdn.jsdelivr.net/gh/kamleshwebnet/app_ar@main/icons_podcast/storybox-with-jamshed-qamar-siddiqui.webp|1|YES|https://www.spreaker.com/show/5662348/episodes/feed|RSS|0|0|Fiction
t_podcast|Knowledge|/german-a1-telugu|German A1 (Telugu)|FOLDER|1|NO|URL|https://cdn.jsdelivr.net/gh/kamleshwebnet/app_ar@main/icons_podcast/german-a1-telugu.webp|1|YES|https://media.rss.com/german-a1-telugu/feed.xml|RSS|0|0|Language Learning
t_podcast|Business|/indian-business-podcast|Indian Business Podcast|FOLDER|1|NO|URL|https://cdn.jsdelivr.net/gh/kamleshwebnet/app_ar@main/icons_podcast/indian-business-podcast.webp|1|YES|https://anchor.fm/s/f4e896f4/podcast/rss|RSS|0|0|Business
t_podcast|Stories|/crime-branch|Crime Branch|FOLDER|1|NO|URL|https://cdn.jsdelivr.net/gh/kamleshwebnet/app_ar@main/icons_podcast/crime-branch.webp|1|YES|https://www.spreaker.com/show/6260063/episodes/feed|RSS|0|0|True Crime
t_podcast|Knowledge|/surgical-educator-podcast|Surgical Educator Podcast|FOLDER|1|NO|URL|https://cdn.jsdelivr.net/gh/kamleshwebnet/app_ar@main/icons_podcast/surgical-educator-podcast.webp|1|YES|https://anchor.fm/s/dee3aee8/podcast/rss|RSS|0|0|How To
t_podcast|News|/bharatiya-junta-podcast|Bharatiya Junta Podcast|FOLDER|1|NO|URL|https://cdn.jsdelivr.net/gh/kamleshwebnet/app_ar@main/icons_podcast/bharatiya-junta-podcast.webp|1|YES|https://anchor.fm/s/da9bb88/podcast/rss|RSS|0|0|News Commentary
t_podcast|Lifestyle|/dil-se-dil-tak-with-khushi|Dil Se Dil Tak with Khushi|FOLDER|1|NO|URL|https://cdn.jsdelivr.net/gh/kamleshwebnet/app_ar@main/icons_podcast/dil-se-dil-tak-with-khushi.webp|1|YES|https://feeds.megaphone.fm/CPP2482304660|RSS|0|0|Relationships
t_podcast|Stories|/section-302-a-tamil-true-crime-podcast|Section 302 - A Tamil True Crime Podcast|FOLDER|1|NO|URL|https://cdn.jsdelivr.net/gh/kamleshwebnet/app_ar@main/icons_podcast/section-302-a-tamil-true-crime-podcast.webp|1|YES|https://anchor.fm/s/f6653d0c/podcast/rss|RSS|0|0|True Crime
t_podcast|Comedy|/the-modern-akatsuki-tamil-podcast|The Modern Akatsuki - Tamil Podcast|FOLDER|1|NO|URL|https://cdn.jsdelivr.net/gh/kamleshwebnet/app_ar@main/icons_podcast/the-modern-akatsuki-tamil-podcast.webp|1|YES|https://anchor.fm/s/57230b84/podcast/rss|RSS|0|0|Comedy
t_podcast|News|/policy-beyond-politics|Policy Beyond Politics|FOLDER|1|NO|URL|https://cdn.jsdelivr.net/gh/kamleshwebnet/app_ar@main/icons_podcast/policy-beyond-politics.webp|1|YES|https://anchor.fm/s/25de11a4/podcast/rss|RSS|0|0|News Commentary
t_podcast|Stories|/the-horror-show-by-karnik|The Horror Show by Karnik|FOLDER|1|NO|URL|https://cdn.jsdelivr.net/gh/kamleshwebnet/app_ar@main/icons_podcast/the-horror-show-by-karnik.webp|1|YES|https://anchor.fm/s/5f326388/podcast/rss|RSS|0|0|Fiction
t_podcast|Stories|/horror-tape|Horror Tape|FOLDER|1|NO|URL|https://cdn.jsdelivr.net/gh/kamleshwebnet/app_ar@main/icons_podcast/horror-tape.webp|1|YES|https://anchor.fm/s/fa478df8/podcast/rss|RSS|0|0|Drama
t_podcast|Entertainment|/the-indian-music-charts-podcast|The Indian Music Charts Podcast|FOLDER|1|NO|URL|https://cdn.jsdelivr.net/gh/kamleshwebnet/app_ar@main/icons_podcast/the-indian-music-charts-podcast.webp|1|YES|https://anchor.fm/s/d3385b0c/podcast/rss|RSS|0|0|Music Commentary
t_podcast|Spiritual|/bhagavad-gita-and-vedanta-for-everyday-living|Bhagavad Gita and Vedanta for Everyday Living|FOLDER|1|NO|URL|https://cdn.jsdelivr.net/gh/kamleshwebnet/app_ar@main/icons_podcast/bhagavad-gita-and-vedanta-for-everyday-living.webp|1|YES|https://feeds.redcircle.com/19ff6255-a97f-499f-808d-f23e3f125a9b|RSS|0|0|Hinduism
t_podcast|Business|/how-indias-economy-works|How India's Economy Works|FOLDER|1|NO|URL|https://cdn.jsdelivr.net/gh/kamleshwebnet/app_ar@main/icons_podcast/how-indias-economy-works.webp|1|YES|https://anchor.fm/s/fb4a3980/podcast/rss|RSS|0|0|Business News
t_podcast|Stories|/horror-podcast-hindi|Horror Podcast Hindi|FOLDER|1|NO|URL|https://cdn.jsdelivr.net/gh/kamleshwebnet/app_ar@main/icons_podcast/horror-podcast-hindi.webp|1|YES|https://anchor.fm/s/f63bcff8/podcast/rss|RSS|0|0|True Crime
t_podcast|Lifestyle|/last-year-of-single|Last Year of Single|FOLDER|1|NO|URL|https://cdn.jsdelivr.net/gh/kamleshwebnet/app_ar@main/icons_podcast/last-year-of-single.webp|1|YES|https://feeds.acast.com/public/shows/6753b133a8461f164e7ab6c7|RSS|0|0|Society & Culture
t_podcast|Stories|/seki-bookmark|Seki Bookmark|FOLDER|1|NO|URL|https://cdn.jsdelivr.net/gh/kamleshwebnet/app_ar@main/icons_podcast/seki-bookmark.webp|1|YES|https://anchor.fm/s/5fe93770/podcast/rss|RSS|0|0|Books
t_podcast|Comedy|/veera-uchiha-podcast|Veera Uchiha Podcast|FOLDER|1|NO|URL|https://cdn.jsdelivr.net/gh/kamleshwebnet/app_ar@main/icons_podcast/veera-uchiha-podcast.webp|1|YES|https://anchor.fm/s/984ecd50/podcast/rss|RSS|0|0|Improv
t_podcast|Entertainment|/instant-bollywood-podcast|Instant Bollywood Podcast|FOLDER|1|NO|URL|https://cdn.jsdelivr.net/gh/kamleshwebnet/app_ar@main/icons_podcast/instant-bollywood-podcast.webp|1|YES|https://anchor.fm/s/10099018c/podcast/rss|RSS|0|0|Performing Arts
t_podcast|Spiritual|/amogh-lila-prabhus-podcast|Amogh Lila Prabhu's Podcast|FOLDER|1|NO|URL|https://cdn.jsdelivr.net/gh/kamleshwebnet/app_ar@main/icons_podcast/amogh-lila-prabhus-podcast.webp|1|YES|https://anchor.fm/s/102ca0064/podcast/rss|RSS|0|0|Hinduism
t_podcast|Entertainment|/mr-hindi-rockers|Mr Hindi Rockers|FOLDER|1|NO|URL|https://cdn.jsdelivr.net/gh/kamleshwebnet/app_ar@main/icons_podcast/mr-hindi-rockers.webp|1|YES|https://anchor.fm/s/e08ea860/podcast/rss|RSS|0|0|TV & Film
t_podcast|Lifestyle|/dil-ki-kahani-akshi-ki-zubaani-season-2-begins|Dil Ki Kahani, Akshi Ki Zubaani – Season 2 Begins|FOLDER|1|NO|URL|https://cdn.jsdelivr.net/gh/kamleshwebnet/app_ar@main/icons_podcast/dil-ki-kahani-akshi-ki-zubaani-season-2-begins.webp|1|YES|https://anchor.fm/s/3d966e40/podcast/rss|RSS|0|0|Mental Health
t_podcast|Lifestyle|/heart-tales-love-stories-in-hindi|Heart Tales: Love Stories in Hindi|FOLDER|1|NO|URL|https://cdn.jsdelivr.net/gh/kamleshwebnet/app_ar@main/icons_podcast/heart-tales-love-stories-in-hindi.webp|1|YES|https://anchor.fm/s/f17f5f34/podcast/rss|RSS|0|0|Relationships
t_podcast|Business|/woice-with-warikoo-podcast|Woice with Warikoo Podcast|FOLDER|1|NO|URL|https://cdn.jsdelivr.net/gh/kamleshwebnet/app_ar@main/icons_podcast/woice-with-warikoo-podcast.webp|1|YES|https://feeds.megaphone.fm/ISP5810499832|RSS|0|0|Entrepreneurship
t_podcast|Lifestyle|/i-love-public-speaking-with-bishal-sarkar|I Love Public Speaking with Bishal Sarkar|FOLDER|1|NO|URL|https://cdn.jsdelivr.net/gh/kamleshwebnet/app_ar@main/icons_podcast/i-love-public-speaking-with-bishal-sarkar.webp|1|YES|https://feeds.redcircle.com/b1894a24-341b-4ae3-81f6-b2a8bf701031|RSS|0|0|Self-Improvement
t_podcast|Knowledge|/zero-shot|Zero Shot|FOLDER|1|NO|URL|https://cdn.jsdelivr.net/gh/kamleshwebnet/app_ar@main/icons_podcast/zero-shot.webp|1|YES|https://feeds.transistor.fm/zero-shot|RSS|0|0|Technology
t_podcast|Comedy|/schumy-vanna-kaviyangal|Schumy Vanna Kaviyangal|FOLDER|1|NO|URL|https://cdn.jsdelivr.net/gh/kamleshwebnet/app_ar@main/icons_podcast/schumy-vanna-kaviyangal.webp|1|YES|https://anchor.fm/s/e337170/podcast/rss|RSS|0|0|Comedy
t_podcast|Business|/lets-talk-money-with-monika-halan|Let's Talk Money with Monika Halan|FOLDER|1|NO|URL|https://cdn.jsdelivr.net/gh/kamleshwebnet/app_ar@main/icons_podcast/lets-talk-money-with-monika-halan.webp|1|YES|https://anchor.fm/s/eb5bdc90/podcast/rss|RSS|0|0|Business
t_podcast|Comedy|/wild-south-raiders-podcast|Wild South Raiders Podcast|FOLDER|1|NO|URL|https://cdn.jsdelivr.net/gh/kamleshwebnet/app_ar@main/icons_podcast/wild-south-raiders-podcast.webp|1|YES|https://anchor.fm/s/1082563c8/podcast/rss|RSS|0|0|Comedy
t_podcast|Knowledge|/padhaku-nitin|Padhaku Nitin|FOLDER|1|NO|URL|https://cdn.jsdelivr.net/gh/kamleshwebnet/app_ar@main/icons_podcast/padhaku-nitin.webp|1|YES|https://www.spreaker.com/show/5018441/episodes/feed|RSS|0|0|History
t_podcast|Business|/first-principles|First Principles|FOLDER|1|NO|URL|https://cdn.jsdelivr.net/gh/kamleshwebnet/app_ar@main/icons_podcast/first-principles.webp|1|YES|https://feeds.transistor.fm/first-principles-261f2954-4e6b-4315-973d-17d02efc10f6|RSS|0|0|Entrepreneurship
t_podcast|Spiritual|/maha-bharatham-by-chaganti-koteshwara-rao|Maha Bharatham by Chaganti Koteshwara Rao|FOLDER|1|NO|URL|https://cdn.jsdelivr.net/gh/kamleshwebnet/app_ar@main/icons_podcast/maha-bharatham-by-chaganti-koteshwara-rao.webp|1|YES|https://anchor.fm/s/ffabda38/podcast/rss|RSS|0|0|Hinduism
t_podcast|Business|/two-by-two|Two by Two|FOLDER|1|NO|URL|https://cdn.jsdelivr.net/gh/kamleshwebnet/app_ar@main/icons_podcast/two-by-two.webp|1|YES|https://feeds.transistor.fm/two-by-two|RSS|0|0|Business
t_podcast|Stories|/kabhi-bewafa-na-kehna|Kabhi Bewafa Na Kehna|FOLDER|1|NO|URL|https://cdn.jsdelivr.net/gh/kamleshwebnet/app_ar@main/icons_podcast/kabhi-bewafa-na-kehna.webp|1|YES|https://feeds.acast.com/public/shows/6942b125f46fd490ce5047b9|RSS|0|0|Drama
t_podcast|Entertainment|/dj-ravish-remixes|DJ Ravish Remixes|FOLDER|1|NO|URL|https://cdn.jsdelivr.net/gh/kamleshwebnet/app_ar@main/icons_podcast/dj-ravish-remixes.webp|1|YES|https://hearthis.at/set/151586-149937/podcast/|RSS|0|0|Music
t_podcast|Stories|/prince-singh-the-horror-podcast|Prince Singh - The Horror Podcast|FOLDER|1|NO|URL|https://cdn.jsdelivr.net/gh/kamleshwebnet/app_ar@main/icons_podcast/prince-singh-the-horror-podcast.webp|1|YES|https://anchor.fm/s/69007288/podcast/rss|RSS|0|0|Fiction
t_podcast|Business|/top-of-the-morning|Top of the Morning|FOLDER|1|NO|URL|https://cdn.jsdelivr.net/gh/kamleshwebnet/app_ar@main/icons_podcast/top-of-the-morning.webp|1|YES|https://feeds.megaphone.fm/HTMEDIALTD3363443478|RSS|0|0|Business News
t_podcast|News|/today-in-india-morning-news-brief|Today in India - Morning News Brief|FOLDER|1|NO|URL|https://cdn.jsdelivr.net/gh/kamleshwebnet/app_ar@main/icons_podcast/today-in-india-morning-news-brief.webp|1|YES|https://anchor.fm/s/ff80e29c/podcast/rss|RSS|0|0|Daily News
t_podcast|Lifestyle|/the-ranveer-show|The Ranveer Show|FOLDER|1|NO|URL|https://cdn.jsdelivr.net/gh/kamleshwebnet/app_ar@main/icons_podcast/the-ranveer-show.webp|1|YES|https://feeds.simplecast.com/7PWFZi_d|RSS|0|0|Self-Improvement
t_podcast|Business|/5-minute|5 Minute|FOLDER|1|NO|URL|https://cdn.jsdelivr.net/gh/kamleshwebnet/app_ar@main/icons_podcast/5-minute.webp|1|YES|https://mentors.fm/category/podcast/feed/|RSS|0|0|Careers
t_podcast|Comedy|/the-internet-said-so|The Internet Said So|FOLDER|1|NO|URL|https://cdn.jsdelivr.net/gh/kamleshwebnet/app_ar@main/icons_podcast/the-internet-said-so.webp|1|YES|https://feeds.hubhopper.com/014514cdc86557c7508761eae6163397.rss|RSS|0|0|Comedy
t_podcast|News|/theprint|ThePrint|FOLDER|1|NO|URL|https://cdn.jsdelivr.net/gh/kamleshwebnet/app_ar@main/icons_podcast/theprint.webp|1|YES|https://feed.podbean.com/theprint/feed.xml|RSS|0|0|Politics
t_podcast|News|/in-focus-by-the-hindu|In Focus by The Hindu|FOLDER|1|NO|URL|https://cdn.jsdelivr.net/gh/kamleshwebnet/app_ar@main/icons_podcast/in-focus-by-the-hindu.webp|1|YES|https://feeds.megaphone.fm/THGU4956605070|RSS|0|0|News Commentary
t_podcast|Knowledge|/bharat-unscripted|Bharat Unscripted|FOLDER|1|NO|URL|https://cdn.jsdelivr.net/gh/kamleshwebnet/app_ar@main/icons_podcast/bharat-unscripted.webp|1|YES|https://anchor.fm/s/109bdda30/podcast/rss|RSS|0|0|History
t_podcast|Entertainment|/srmn|SRMN|FOLDER|1|NO|URL|https://cdn.jsdelivr.net/gh/kamleshwebnet/app_ar@main/icons_podcast/srmn.webp|1|YES|https://feeds.soundcloud.com/users/soundcloud:users:286774249/sounds.rss|RSS|0|0|Music
t_podcast|Lifestyle|/the-prakhar-gupta-xperience|The Prakhar Gupta Xperience|FOLDER|1|NO|URL|https://cdn.jsdelivr.net/gh/kamleshwebnet/app_ar@main/icons_podcast/the-prakhar-gupta-xperience.webp|1|YES|https://anchor.fm/s/f6473d5c/podcast/rss|RSS|0|0|Society & Culture
t_podcast|Business|/people-by-wtf|People by WTF|FOLDER|1|NO|URL|https://cdn.jsdelivr.net/gh/kamleshwebnet/app_ar@main/icons_podcast/people-by-wtf.webp|1|YES|https://feeds.hubhopper.com/db41907e6c28518ffe336b392c715ef1.rss|RSS|0|0|Entrepreneurship
t_podcast|Spiritual|/ashtavakra-mahagita|Ashtavakra Mahagita|FOLDER|1|NO|URL|https://cdn.jsdelivr.net/gh/kamleshwebnet/app_ar@main/icons_podcast/ashtavakra-mahagita.webp|1|YES|https://anchor.fm/s/10c2a4074/podcast/rss|RSS|0|0|Spirituality
t_podcast|Comedy|/cyrus-says|Cyrus Says|FOLDER|1|NO|URL|https://cdn.jsdelivr.net/gh/kamleshwebnet/app_ar@main/icons_podcast/cyrus-says.webp|1|YES|https://www.omnycontent.com/d/playlist/e0dce4b3-2eb8-48cb-822c-af1d00e03e20/9baef9c9-4ff2-4b4e-a3dd-af540094e334/270ddb3d-16c8-4190-81d4-af540094e347/podcast.rss|RSS|0|0|Comedy
t_podcast|Spiritual|/the-sadhguru-podcast-of-mystics-and-mistakes|The Sadhguru Podcast - Of Mystics and Mistakes|FOLDER|1|NO|URL|https://cdn.jsdelivr.net/gh/kamleshwebnet/app_ar@main/icons_podcast/the-sadhguru-podcast-of-mystics-and-mistakes.webp|1|YES|https://feeds.megaphone.fm/ISHAFOUNDATIONINC6546953794|RSS|0|0|Spirituality
t_podcast|Entertainment|/intermission|Intermission|FOLDER|1|NO|URL|https://cdn.jsdelivr.net/gh/kamleshwebnet/app_ar@main/icons_podcast/intermission.webp|1|YES|https://anchor.fm/s/e94d8ca0/podcast/rss|RSS|0|0|TV & Film
t_podcast|Business|/moneycontrol-podcast|Moneycontrol Podcast|FOLDER|1|NO|URL|https://cdn.jsdelivr.net/gh/kamleshwebnet/app_ar@main/icons_podcast/moneycontrol-podcast.webp|1|YES|https://audioboom.com/channels/4937727.rss|RSS|0|0|Business
t_podcast|Business|/the-core-report|The Core Report|FOLDER|1|NO|URL|https://cdn.jsdelivr.net/gh/kamleshwebnet/app_ar@main/icons_podcast/the-core-report.webp|1|YES|https://anchor.fm/s/faf1e050/podcast/rss|RSS|0|0|Business News
t_podcast|Business|/daybreak|Daybreak|FOLDER|1|NO|URL|https://cdn.jsdelivr.net/gh/kamleshwebnet/app_ar@main/icons_podcast/daybreak.webp|1|YES|https://feeds.transistor.fm/daybreak-3e66db67-ddb3-4cd3-9ba9-460bd586dcbb|RSS|0|0|Business News
t_podcast|Comedy|/teen-taal|Teen Taal|FOLDER|1|NO|URL|https://cdn.jsdelivr.net/gh/kamleshwebnet/app_ar@main/icons_podcast/teen-taal.webp|1|YES|https://www.spreaker.com/show/4688572/episodes/feed|RSS|0|0|Comedy Interviews
t_podcast|Business|/finshots-daily|Finshots Daily|FOLDER|1|NO|URL|https://cdn.jsdelivr.net/gh/kamleshwebnet/app_ar@main/icons_podcast/finshots-daily.webp|1|YES|https://anchor.fm/s/37a76020/podcast/rss|RSS|0|0|Business
t_podcast|Business|/the-morning-brief|The Morning Brief|FOLDER|1|NO|URL|https://cdn.jsdelivr.net/gh/kamleshwebnet/app_ar@main/icons_podcast/the-morning-brief.webp|1|YES|https://www.omnycontent.com/d/playlist/60b2e926-e5f8-4b90-a465-aef901163001/95fd7c59-790d-496e-bbde-aef901167fe4/8ae54763-9925-40ca-8c3d-aef901167ffb/podcast.rss|RSS|0|0|Business News
t_podcast|News|/the-daily-brief|The Daily Brief|FOLDER|1|NO|URL|https://cdn.jsdelivr.net/gh/kamleshwebnet/app_ar@main/icons_podcast/the-daily-brief.webp|1|YES|https://audio.beyondwords.io/f/11873/36690/read_31866ab3bec137a8aab47eeaaf82c112|RSS|0|0|Daily News
t_podcast|Stories|/the-desi-crime-podcast|The Desi Crime Podcast|FOLDER|1|NO|URL|https://cdn.jsdelivr.net/gh/kamleshwebnet/app_ar@main/icons_podcast/the-desi-crime-podcast.webp|1|YES|https://feeds.hubhopper.com/71845dc525c481b89532ae131074d2b5.rss|RSS|0|0|True Crime
t_podcast|Business|/raj-shamanis-figuring-out|Raj Shamani's Figuring Out|FOLDER|1|NO|URL|https://cdn.jsdelivr.net/gh/kamleshwebnet/app_ar@main/icons_podcast/raj-shamanis-figuring-out.webp|1|YES|https://anchor.fm/s/f5347ab0/podcast/rss|RSS|0|0|Business
t_podcast|Entertainment|/the-stories-of-mahabharata|The Stories of Mahabharata|FOLDER|1|NO|URL|https://cdn.jsdelivr.net/gh/kamleshwebnet/app_ar@main/icons_podcast/the-stories-of-mahabharata.webp|1|YES|https://feeds.acast.com/public/shows/61a5495fd20fb600197c82fd|RSS|0|0|Performing Arts
t_podcast|News|/vivechana|Vivechana|FOLDER|1|NO|URL|https://cdn.jsdelivr.net/gh/kamleshwebnet/app_ar@main/icons_podcast/vivechana.webp|1|YES|https://podcasts.files.bbci.co.uk/p0552909.rss|RSS|0|0|News
t_podcast|Business|/fincrime-jobs-aml-kyc-compliance-insights|FinCrime Jobs: AML, KYC & Compliance Insights|FOLDER|1|NO|URL|https://cdn.jsdelivr.net/gh/kamleshwebnet/app_ar@main/icons_podcast/fincrime-jobs-aml-kyc-compliance-insights.webp|1|YES|https://anchor.fm/s/105a190a4/podcast/rss|RSS|0|0|Careers
t_podcast|Business|/msme-talk|MSME Talk|FOLDER|1|NO|URL|https://cdn.jsdelivr.net/gh/kamleshwebnet/app_ar@main/icons_podcast/msme-talk.webp|1|YES|https://rss.buzzsprout.com/1834934.rss|RSS|0|0|Entrepreneurship
t_podcast|Lifestyle|/heal-her-within-dil-se-baatein-with-shalini|Heal Her Within - Dil Se Baatein with Shalini|FOLDER|1|NO|URL|https://cdn.jsdelivr.net/gh/kamleshwebnet/app_ar@main/icons_podcast/heal-her-within-dil-se-baatein-with-shalini.webp|1|YES|https://rss.buzzsprout.com/2615468.rss|RSS|0|0|Mental Health
t_podcast|Entertainment|/swag-marathi-my-fm-marathi|Swag Marathi - MY FM Marathi|FOLDER|1|NO|URL|https://cdn.jsdelivr.net/gh/kamleshwebnet/app_ar@main/icons_podcast/swag-marathi-my-fm-marathi.webp|1|YES|https://anchor.fm/s/107a382f4/podcast/rss|RSS|0|0|After Shows
t_podcast|Spiritual|/geeta-bhagwat-tulsi-books-upanishad-ramayan-mahabharat|Geeta, Bhagwat, Tulsi Books, Upanishad, Ramayan & Mahabharat|FOLDER|1|NO|URL|https://cdn.jsdelivr.net/gh/kamleshwebnet/app_ar@main/icons_podcast/geeta-bhagwat-tulsi-books-upanishad-ramayan-mahabharat.webp|1|YES|https://anchor.fm/s/2b9b9d28/podcast/rss|RSS|0|0|Hinduism
t_podcast|Entertainment|/gazal-hub|Gazal Hub|FOLDER|1|NO|URL|https://cdn.jsdelivr.net/gh/kamleshwebnet/app_ar@main/icons_podcast/gazal-hub.webp|1|YES|https://feeds.hubhopper.com/6132d108de9fca24822e6a6b3401784e.rss|RSS|0|0|Arts
t_podcast|Entertainment|/shayari-dil-ki-zubaan-by-sansethiquotes|Shayari Dil Ki Zubaan by Sansethiquotes|FOLDER|1|NO|URL|https://cdn.jsdelivr.net/gh/kamleshwebnet/app_ar@main/icons_podcast/shayari-dil-ki-zubaan-by-sansethiquotes.webp|1|YES|https://anchor.fm/s/66c51b40/podcast/rss|RSS|0|0|After Shows
t_podcast|Stories|/kaalkatha-the-world-of-stories|Kaalkatha - The World of Stories|FOLDER|1|NO|URL|https://cdn.jsdelivr.net/gh/kamleshwebnet/app_ar@main/icons_podcast/kaalkatha-the-world-of-stories.webp|1|YES|https://anchor.fm/s/113342dd0/podcast/rss|RSS|0|0|Fiction
t_podcast|Lifestyle|/little-fixes-womens-mental-health-personal-growth|Little Fixes - Women's Mental Health & Personal Growth|FOLDER|1|NO|URL|https://cdn.jsdelivr.net/gh/kamleshwebnet/app_ar@main/icons_podcast/little-fixes-womens-mental-health-personal-growth.webp|1|YES|https://rss.buzzsprout.com/1822363.rss|RSS|0|0|Self-Improvement
t_podcast|Lifestyle|/self-love-with-megha-bhatia|Self Love with Megha Bhatia|FOLDER|1|NO|URL|https://cdn.jsdelivr.net/gh/kamleshwebnet/app_ar@main/icons_podcast/self-love-with-megha-bhatia.webp|1|YES|https://anchor.fm/s/10c40b610/podcast/rss|RSS|0|0|Mental Health
t_podcast|News|/the-lens-mukesh-sharma-ke-saath|The Lens: Mukesh Sharma Ke Saath|FOLDER|1|NO|URL|https://cdn.jsdelivr.net/gh/kamleshwebnet/app_ar@main/icons_podcast/the-lens-mukesh-sharma-ke-saath.webp|1|YES|https://podcasts.files.bbci.co.uk/p0kjf03y.rss|RSS|0|0|Politics
t_podcast|Stories|/the-balaji-storytime-tamil|The Balaji Storytime (Tamil)|FOLDER|1|NO|URL|https://cdn.jsdelivr.net/gh/kamleshwebnet/app_ar@main/icons_podcast/the-balaji-storytime-tamil.webp|1|YES|https://anchor.fm/s/7ff48718/podcast/rss|RSS|0|0|Comedy Fiction
t_podcast|Knowledge|/clinical-neurology-with-kd|Clinical Neurology with KD|FOLDER|1|NO|URL|https://cdn.jsdelivr.net/gh/kamleshwebnet/app_ar@main/icons_podcast/clinical-neurology-with-kd.webp|1|YES|https://rss.buzzsprout.com/1857092.rss|RSS|0|0|Life Sciences
t_podcast|Stories|/a-story-a-day-keep-your-worries-away|A Story a Day! Keep Your Worries Away|FOLDER|1|NO|URL|https://cdn.jsdelivr.net/gh/kamleshwebnet/app_ar@main/icons_podcast/a-story-a-day-keep-your-worries-away.webp|1|YES|https://anchor.fm/s/2403559c/podcast/rss|RSS|0|0|Comedy Fiction
t_podcast|News|/roz-ki-khabar-hindi-samachar|Roz Ki Khabar: Hindi Samachar|FOLDER|1|NO|URL|https://cdn.jsdelivr.net/gh/kamleshwebnet/app_ar@main/icons_podcast/roz-ki-khabar-hindi-samachar.webp|1|YES|https://anchor.fm/s/104a0c8b4/podcast/rss|RSS|0|0|Daily News
t_podcast|News|/pagutharivu-podcast-tamil-podcast|Pagutharivu Podcast - Tamil Podcast|FOLDER|1|NO|URL|https://cdn.jsdelivr.net/gh/kamleshwebnet/app_ar@main/icons_podcast/pagutharivu-podcast-tamil-podcast.webp|1|YES|https://feeds.soundcloud.com/users/soundcloud:users:292941899/sounds.rss|RSS|0|0|News
t_podcast|Knowledge|/sindhi-sanskriti-with-tamana-and-meena-sindhi-samaj-podcast|Sindhi Sanskriti with Tamana and Meena: Sindhi Samaj Podcast|FOLDER|1|NO|URL|https://cdn.jsdelivr.net/gh/kamleshwebnet/app_ar@main/icons_podcast/sindhi-sanskriti-with-tamana-and-meena-sindhi-samaj-podcast.webp|1|YES|https://feeds.megaphone.fm/CPP4331909468|RSS|0|0|Language Learning
t_podcast|Lifestyle|/yours-positively-tamil-self-improvement-mental-wellness-podcast|Yours Positively - Tamil Self Improvement, Mental Wellness Podcast|FOLDER|1|NO|URL|https://cdn.jsdelivr.net/gh/kamleshwebnet/app_ar@main/icons_podcast/yours-positively-tamil-self-improvement-mental-wellness-podcast.webp|1|YES|https://anchor.fm/s/fc94988/podcast/rss|RSS|0|0|Mental Health
t_podcast|Spiritual|/shiv-puran-with-abhijit-sharmaa|Shiv Puran with Abhijit Sharmaa|FOLDER|1|NO|URL|https://cdn.jsdelivr.net/gh/kamleshwebnet/app_ar@main/icons_podcast/shiv-puran-with-abhijit-sharmaa.webp|1|YES|https://anchor.fm/s/1d024f28/podcast/rss|RSS|0|0|Religion
t_podcast|Lifestyle|/premanand-ji-maharaj-vartalap|Premanand Ji Maharaj Vartalap|FOLDER|1|NO|URL|https://cdn.jsdelivr.net/gh/kamleshwebnet/app_ar@main/icons_podcast/premanand-ji-maharaj-vartalap.webp|1|YES|https://anchor.fm/s/faae66e0/podcast/rss|RSS|0|0|Self-Improvement
t_podcast|Entertainment|/electronyk-podcast|Electronyk Podcast|FOLDER|1|NO|URL|https://cdn.jsdelivr.net/gh/kamleshwebnet/app_ar@main/icons_podcast/electronyk-podcast.webp|1|YES|https://electronyk.podomatic.com/rss2.xml|RSS|0|0|Music
t_podcast|Lifestyle|/puri-jagannadh|Puri Jagannadh|FOLDER|1|NO|URL|https://cdn.jsdelivr.net/gh/kamleshwebnet/app_ar@main/icons_podcast/puri-jagannadh.webp|1|YES|https://anchor.fm/s/2abb69d8/podcast/rss|RSS|0|0|Hobbies
t_podcast|Entertainment|/dead-poets-podcast|Dead Poet's Podcast|FOLDER|1|NO|URL|https://cdn.jsdelivr.net/gh/kamleshwebnet/app_ar@main/icons_podcast/dead-poets-podcast.webp|1|YES|https://anchor.fm/s/18ea46ac/podcast/rss|RSS|0|0|Performing Arts
t_podcast|Comedy|/indias-got-latent-s2-ep6-ft-rakhi-sawant-ashneer-grover-kushagra-srivastava|India's Got Latent S2 EP6 ft. Rakhi Sawant, Ashneer Grover, Kushagra Srivastava|FOLDER|1|NO|URL|https://cdn.jsdelivr.net/gh/kamleshwebnet/app_ar@main/icons_podcast/indias-got-latent-s2-ep6-ft-rakhi-sawant-ashneer-grover-kushagra-srivastava.webp|1|YES|https://media.rss.com/india-s-got-latent-s2-ep6-ft-rakhi-sawant-ashneer-grover-kushagra-srivastava/feed.xml|RSS|0|0|Comedy Interviews
t_podcast|Spiritual|/hisnearness-hyderabad|Hisnearness Hyderabad|FOLDER|1|NO|URL|https://cdn.jsdelivr.net/gh/kamleshwebnet/app_ar@main/icons_podcast/hisnearness-hyderabad.webp|1|YES|https://anchor.fm/s/e860eecc/podcast/rss|RSS|0|0|Christianity
t_podcast|Knowledge|/pollcast|Pollcast|FOLDER|1|NO|URL|https://cdn.jsdelivr.net/gh/kamleshwebnet/app_ar@main/icons_podcast/pollcast.webp|1|YES|https://anchor.fm/s/1138c1a04/podcast/rss|RSS|0|0|History
t_podcast|Stories|/true-crime-stories-by-stuvk-test|True Crime Stories by Stuvk Test|FOLDER|1|NO|URL|https://cdn.jsdelivr.net/gh/kamleshwebnet/app_ar@main/icons_podcast/true-crime-stories-by-stuvk-test.webp|1|YES|https://media.rss.com/she-married-him-then-killed-him-for-her-ex/feed.xml|RSS|0|0|True Crime
t_podcast|Lifestyle|/kannada-motivation-forum-podcast|Kannada Motivation Forum Podcast|FOLDER|1|NO|URL|https://cdn.jsdelivr.net/gh/kamleshwebnet/app_ar@main/icons_podcast/kannada-motivation-forum-podcast.webp|1|YES|https://anchor.fm/s/36643224/podcast/rss|RSS|0|0|Self-Improvement
t_podcast|Business|/money-physiology|Money Physiology|FOLDER|1|NO|URL|https://cdn.jsdelivr.net/gh/kamleshwebnet/app_ar@main/icons_podcast/money-physiology.webp|1|YES|https://anchor.fm/s/ff2b744c/podcast/rss|RSS|0|0|Investing
t_podcast|Stories|/a-collection-of-stories-kannada-srinidhi-bengaluru|A Collection of Stories (Kannada) - Srinidhi Bengaluru|FOLDER|1|NO|URL|https://cdn.jsdelivr.net/gh/kamleshwebnet/app_ar@main/icons_podcast/a-collection-of-stories-kannada-srinidhi-bengaluru.webp|1|YES|https://anchor.fm/s/22d31428/podcast/rss|RSS|0|0|Drama
t_podcast|Comedy|/sev-vaalai-talks-podcast|Sev-Vaalai Talks Podcast|FOLDER|1|NO|URL|https://cdn.jsdelivr.net/gh/kamleshwebnet/app_ar@main/icons_podcast/sev-vaalai-talks-podcast.webp|1|YES|https://anchor.fm/s/917c6794/podcast/rss|RSS|0|0|Comedy
t_podcast|Knowledge|/project-shivoham|Project Shivoham|FOLDER|1|NO|URL|https://cdn.jsdelivr.net/gh/kamleshwebnet/app_ar@main/icons_podcast/project-shivoham.webp|1|YES|https://anchor.fm/s/1133f9940/podcast/rss|RSS|0|0|History
t_podcast|Stories|/books-can-talk|Books Can Talk|FOLDER|1|NO|URL|https://cdn.jsdelivr.net/gh/kamleshwebnet/app_ar@main/icons_podcast/books-can-talk.webp|1|YES|https://anchor.fm/s/fd13b778/podcast/rss|RSS|0|0|Books
t_podcast|Spiritual|/hope-city-church-mangalore|Hope City Church - Mangalore|FOLDER|1|NO|URL|https://cdn.jsdelivr.net/gh/kamleshwebnet/app_ar@main/icons_podcast/hope-city-church-mangalore.webp|1|YES|https://anchor.fm/s/9d4c83d8/podcast/rss|RSS|0|0|Christianity
t_podcast|Lifestyle|/kutty-paiyan-radios-podcast-tamil|Kutty Paiyan Radio's Podcast - Tamil|FOLDER|1|NO|URL|https://cdn.jsdelivr.net/gh/kamleshwebnet/app_ar@main/icons_podcast/kutty-paiyan-radios-podcast-tamil.webp|1|YES|https://anchor.fm/s/4c1862e8/podcast/rss|RSS|0|0|Relationships
t_podcast|Business|/malayalam-news|Malayalam News|FOLDER|1|NO|URL|https://cdn.jsdelivr.net/gh/kamleshwebnet/app_ar@main/icons_podcast/malayalam-news.webp|1|YES|https://anchor.fm/s/3829cf24/podcast/rss|RSS|0|0|Non-Profit
t_podcast|Stories|/love-forever|Love Forever|FOLDER|1|NO|URL|https://cdn.jsdelivr.net/gh/kamleshwebnet/app_ar@main/icons_podcast/love-forever.webp|1|YES|https://anchor.fm/s/e1295414/podcast/rss|RSS|0|0|Personal Journals
t_podcast|Knowledge|/neet-pg-fmge-inicet-usmle-podcast-by-medico-for-medicos|NEET PG, FMGE, INICET & USMLE Podcast by Medico for Medicos|FOLDER|1|NO|URL|https://cdn.jsdelivr.net/gh/kamleshwebnet/app_ar@main/icons_podcast/neet-pg-fmge-inicet-usmle-podcast-by-medico-for-medicos.webp|1|YES|https://anchor.fm/s/1076022e8/podcast/rss|RSS|0|0|Courses
t_podcast|Spiritual|/msm-kerala|MSM Kerala|FOLDER|1|NO|URL|https://cdn.jsdelivr.net/gh/kamleshwebnet/app_ar@main/icons_podcast/msm-kerala.webp|1|YES|https://feeds.acast.com/public/shows/65f16c4d97e38a00163508e1|RSS|0|0|Islam
t_podcast|Lifestyle|/past-forward|Past - Forward|FOLDER|1|NO|URL|https://cdn.jsdelivr.net/gh/kamleshwebnet/app_ar@main/icons_podcast/past-forward.webp|1|YES|https://feeds.transistor.fm/past-forward|RSS|0|0|Society & Culture
t_podcast|Business|/brand-strategy-for-female-founders-think-brand-talk-brand|Brand Strategy for Female Founders - Think Brand, Talk Brand|FOLDER|1|NO|URL|https://cdn.jsdelivr.net/gh/kamleshwebnet/app_ar@main/icons_podcast/brand-strategy-for-female-founders-think-brand-talk-brand.webp|1|YES|https://rss.buzzsprout.com/2608256.rss|RSS|0|0|Marketing
t_podcast|Stories|/100-wishes-before-i-die|100 Wishes Before I Die!|FOLDER|1|NO|URL|https://cdn.jsdelivr.net/gh/kamleshwebnet/app_ar@main/icons_podcast/100-wishes-before-i-die.webp|1|YES|https://www.spreaker.com/show/7144659/episodes/feed|RSS|0|0|Fiction
t_podcast|Entertainment|/detective-rudra-sens-diary-hindi|Detective Rudra Sen's Diary Hindi|FOLDER|1|NO|URL|https://cdn.jsdelivr.net/gh/kamleshwebnet/app_ar@main/icons_podcast/detective-rudra-sens-diary-hindi.webp|1|YES|https://anchor.fm/s/114d684bc/podcast/rss|RSS|0|0|Arts
t_podcast|Spiritual|/jesus-is-life-church-suraj-premani|Jesus Is Life Church - Suraj Premani|FOLDER|1|NO|URL|https://cdn.jsdelivr.net/gh/kamleshwebnet/app_ar@main/icons_podcast/jesus-is-life-church-suraj-premani.webp|1|YES|https://anchor.fm/s/eebb3174/podcast/rss|RSS|0|0|Christianity
t_podcast|Business|/india-is-in-danger-maj-gen-gd-bakshi-on-china-threat-sam-manekshaw-operation-sindoor-ep-70|India Is in Danger: Maj. Gen. GD Bakshi on China Threat, Sam Manekshaw & Operation Sindoor - EP-70|FOLDER|1|NO|URL|https://cdn.jsdelivr.net/gh/kamleshwebnet/app_ar@main/icons_podcast/india-is-in-danger-maj-gen-gd-bakshi-on-china-threat-sam-manekshaw-operation-sindoor-ep-70.webp|1|YES|https://media.rss.com/india-is-in-d-nger-maj-gen-gd-bakshi-on-china-threat-sam-manekshaw-operation-sindoor-ep-70/feed.xml|RSS|0|0|Business
t_podcast|Lifestyle|/josh-motivational-podcast|Josh - Motivational Podcast|FOLDER|1|NO|URL|https://cdn.jsdelivr.net/gh/kamleshwebnet/app_ar@main/icons_podcast/josh-motivational-podcast.webp|1|YES|https://anchor.fm/s/ee21dd80/podcast/rss|RSS|0|0|Self-Improvement
t_podcast|Stories|/indian-horror-stories-in-arabic|Indian Horror Stories in Arabic|FOLDER|1|NO|URL|https://cdn.jsdelivr.net/gh/kamleshwebnet/app_ar@main/icons_podcast/indian-horror-stories-in-arabic.webp|1|YES|https://media.podeo.co/rss/MzAwODI|RSS|0|0|Drama
t_podcast|News|/puliyabaazi-hindi-podcast|Puliyabaazi Hindi Podcast|FOLDER|1|NO|URL|https://cdn.jsdelivr.net/gh/kamleshwebnet/app_ar@main/icons_podcast/puliyabaazi-hindi-podcast.webp|1|YES|https://api.substack.com/feed/podcast/2385534.rss|RSS|0|0|News
t_podcast|Business|/state-of-the-economy-podcast-with-shishir-sinha|State of the Economy Podcast with Shishir Sinha|FOLDER|1|NO|URL|https://cdn.jsdelivr.net/gh/kamleshwebnet/app_ar@main/icons_podcast/state-of-the-economy-podcast-with-shishir-sinha.webp|1|YES|https://feeds.megaphone.fm/soe-with-shishir|RSS|0|0|Business
t_podcast|Comedy|/cheems-rajah-podcast|Cheems Rajah Podcast|FOLDER|1|NO|URL|https://cdn.jsdelivr.net/gh/kamleshwebnet/app_ar@main/icons_podcast/cheems-rajah-podcast.webp|1|YES|https://anchor.fm/s/2d5d1b14/podcast/rss|RSS|0|0|Improv
t_podcast|Lifestyle|/the-beginners-mind-with-simerjeet-singh-leadership-innovation-growth-reinvention|The Beginner's Mind with Simerjeet Singh - Leadership, Innovation, Growth & Reinvention|FOLDER|1|NO|URL|https://cdn.jsdelivr.net/gh/kamleshwebnet/app_ar@main/icons_podcast/the-beginners-mind-with-simerjeet-singh-leadership-innovation-growth-reinvention.webp|1|YES|https://anchor.fm/s/1492999c/podcast/rss|RSS|0|0|Self-Improvement
t_podcast|Knowledge|/matthan-malayalam-podcast|Matthan - Malayalam Podcast|FOLDER|1|NO|URL|https://cdn.jsdelivr.net/gh/kamleshwebnet/app_ar@main/icons_podcast/matthan-malayalam-podcast.webp|1|YES|https://anchor.fm/s/44ce2db0/podcast/rss|RSS|0|0|Education
t_podcast|Business|/krishi-ki-dhadkan-the-agri-pulse|Krishi Ki Dhadkan - The Agri Pulse|FOLDER|1|NO|URL|https://cdn.jsdelivr.net/gh/kamleshwebnet/app_ar@main/icons_podcast/krishi-ki-dhadkan-the-agri-pulse.webp|1|YES|https://anchor.fm/s/ee690390/podcast/rss|RSS|0|0|Business
t_podcast|Stories|/terror-tales-horror-stories|Terror Tales Horror Stories|FOLDER|1|NO|URL|https://cdn.jsdelivr.net/gh/kamleshwebnet/app_ar@main/icons_podcast/terror-tales-horror-stories.webp|1|YES|https://anchor.fm/s/e115e384/podcast/rss|RSS|0|0|Fiction
t_podcast|Entertainment|/urdu-daan|Urdu Daan|FOLDER|1|NO|URL|https://cdn.jsdelivr.net/gh/kamleshwebnet/app_ar@main/icons_podcast/urdu-daan.webp|1|YES|https://anchor.fm/s/2a79c4c4/podcast/rss|RSS|0|0|Arts
t_podcast|Stories|/just-like-that-hindi-stories|Just Like That - Hindi Stories|FOLDER|1|NO|URL|https://cdn.jsdelivr.net/gh/kamleshwebnet/app_ar@main/icons_podcast/just-like-that-hindi-stories.webp|1|YES|https://anchor.fm/s/3bc388dc/podcast/rss|RSS|0|0|Books
t_podcast|Knowledge|/love-talk-podcast-by-kotarjpawan|Love Talk Podcast by Kotarjpawan|FOLDER|1|NO|URL|https://cdn.jsdelivr.net/gh/kamleshwebnet/app_ar@main/icons_podcast/love-talk-podcast-by-kotarjpawan.webp|1|YES|https://feeds.hubhopper.com/22e94e72c9c6f93d6d4ea893fc2ce7b5.rss|RSS|0|0|Education
t_podcast|Knowledge|/world-history-hindi|World History (Hindi)|FOLDER|1|NO|URL|https://cdn.jsdelivr.net/gh/kamleshwebnet/app_ar@main/icons_podcast/world-history-hindi.webp|1|YES|https://anchor.fm/s/1138a098/podcast/rss|RSS|0|0|History
t_podcast|Stories|/gyaan-ka-dose|Gyaan Ka Dose|FOLDER|1|NO|URL|https://cdn.jsdelivr.net/gh/kamleshwebnet/app_ar@main/icons_podcast/gyaan-ka-dose.webp|1|YES|https://anchor.fm/s/114358454/podcast/rss|RSS|0|0|Books
t_podcast|Stories|/attitude-is-everything-in-english|Attitude Is Everything in English|FOLDER|1|NO|URL|https://cdn.jsdelivr.net/gh/kamleshwebnet/app_ar@main/icons_podcast/attitude-is-everything-in-english.webp|1|YES|https://anchor.fm/s/1078068a0/podcast/rss|RSS|0|0|Books
t_podcast|Spiritual|/unmind-the-teachings-of-sri-ramana-maharshi|UnMind - The Teachings of Sri Ramana Maharshi|FOLDER|1|NO|URL|https://cdn.jsdelivr.net/gh/kamleshwebnet/app_ar@main/icons_podcast/unmind-the-teachings-of-sri-ramana-maharshi.webp|1|YES|https://anchor.fm/s/237b84dc/podcast/rss|RSS|0|0|Spirituality
t_podcast|Lifestyle|/the-happy-sapiens-podcast-science-of-happiness|The Happy Sapiens Podcast - Science of Happiness|FOLDER|1|NO|URL|https://cdn.jsdelivr.net/gh/kamleshwebnet/app_ar@main/icons_podcast/the-happy-sapiens-podcast-science-of-happiness.webp|1|YES|https://anchor.fm/s/3e09e28/podcast/rss|RSS|0|0|Health & Fitness
t_podcast|Kids & Family|/stories-for-chella-kutties-tamil-bedtime-stories-for-kids|Stories for Chella Kutties - Tamil Bedtime Stories for Kids|FOLDER|1|NO|URL|https://cdn.jsdelivr.net/gh/kamleshwebnet/app_ar@main/icons_podcast/stories-for-chella-kutties-tamil-bedtime-stories-for-kids.webp|1|YES|https://anchor.fm/s/e8171810/podcast/rss|RSS|0|0|Stories for Kids
t_podcast|Knowledge|/prep-talks-by-maths-by-anjan-taiyari-aur-prerna-ki-seedhi-baatein|Prep Talks by Maths by Anjan - Taiyari Aur Prerna Ki Seedhi Baatein|FOLDER|1|NO|URL|https://cdn.jsdelivr.net/gh/kamleshwebnet/app_ar@main/icons_podcast/prep-talks-by-maths-by-anjan-taiyari-aur-prerna-ki-seedhi-baatein.webp|1|YES|https://anchor.fm/s/113fa13ec/podcast/rss|RSS|0|0|Education
t_podcast|Lifestyle|/sex-education-simplified-hsle-fitviver-podcast-series-season-1|Sex Education Simplified - HSLE Fitviver Podcast Series Season 1|FOLDER|1|NO|URL|https://cdn.jsdelivr.net/gh/kamleshwebnet/app_ar@main/icons_podcast/sex-education-simplified-hsle-fitviver-podcast-series-season-1.webp|1|YES|https://media.rss.com/sex-education-simplified-hsle-sex-education-kya-hai-ep-1/feed.xml|RSS|0|0|Health & Fitness
t_podcast|Stories|/animal-farm-in-english|Animal Farm in English|FOLDER|1|NO|URL|https://cdn.jsdelivr.net/gh/kamleshwebnet/app_ar@main/icons_podcast/animal-farm-in-english.webp|1|YES|https://anchor.fm/s/108757318/podcast/rss|RSS|0|0|Books
t_podcast|Knowledge|/gre-gmat-cat-ielts-toefl-advanced-english-for-toppers|GRE, GMAT, CAT, IELTS, TOEFL Advanced English for Toppers|FOLDER|1|NO|URL|https://cdn.jsdelivr.net/gh/kamleshwebnet/app_ar@main/icons_podcast/gre-gmat-cat-ielts-toefl-advanced-english-for-toppers.webp|1|YES|https://anchor.fm/s/112cf8060/podcast/rss|RSS|0|0|Language Learning
t_podcast|Lifestyle|/misadventures-of-a-sneaker-a-travel-podcast|Misadventures of a Sneaker - A Travel Podcast|FOLDER|1|NO|URL|https://cdn.jsdelivr.net/gh/kamleshwebnet/app_ar@main/icons_podcast/misadventures-of-a-sneaker-a-travel-podcast.webp|1|YES|https://anchor.fm/s/e4cf84d0/podcast/rss|RSS|0|0|Places & Travel
t_podcast|Business|/ente-ormmakkay-40-days-eucharistic-deliverance-prayer|Ente Ormmakkay - 40 Days Eucharistic Deliverance Prayer|FOLDER|1|NO|URL|https://cdn.jsdelivr.net/gh/kamleshwebnet/app_ar@main/icons_podcast/ente-ormmakkay-40-days-eucharistic-deliverance-prayer.webp|1|YES|https://media.rss.com/ente-ormmakkay-40-days-eucharistic-deliverance-prayer-fr-daniel-poovannathil-shalom-podcast/feed.xml|RSS|0|0|Non-Profit
t_podcast|Entertainment|/urdu-zubaan-with-adhuri-hayat|Urdu Zubaan with Adhuri Hayat|FOLDER|1|NO|URL|https://cdn.jsdelivr.net/gh/kamleshwebnet/app_ar@main/icons_podcast/urdu-zubaan-with-adhuri-hayat.webp|1|YES|https://feeds.hubhopper.com/78f29b4f4f0217ffc3b77564280f267b.rss|RSS|0|0|TV & Film
t_podcast|Spiritual|/tamil-audio-bible|Tamil Audio Bible|FOLDER|1|NO|URL|https://cdn.jsdelivr.net/gh/kamleshwebnet/app_ar@main/icons_podcast/tamil-audio-bible.webp|1|YES|https://anchor.fm/s/ea459af8/podcast/rss|RSS|0|0|Christianity
t_podcast|Entertainment|/ux-coffee-break-with-ux-anudeep|UX Coffee Break with UX Anudeep|FOLDER|1|NO|URL|https://cdn.jsdelivr.net/gh/kamleshwebnet/app_ar@main/icons_podcast/ux-coffee-break-with-ux-anudeep.webp|1|YES|https://anchor.fm/s/7b3ea730/podcast/rss|RSS|0|0|Design
t_podcast|Lifestyle|/hair-transplant-podcast-hair-talk-with-dr-john-watts|Hair Transplant Podcast - Hair Talk with Dr. John Watts|FOLDER|1|NO|URL|https://cdn.jsdelivr.net/gh/kamleshwebnet/app_ar@main/icons_podcast/hair-transplant-podcast-hair-talk-with-dr-john-watts.webp|1|YES|https://anchor.fm/s/1d7d987c/podcast/rss|RSS|0|0|Medicine
t_podcast|News|/manorama-india-file|Manorama India File|FOLDER|1|NO|URL|https://cdn.jsdelivr.net/gh/kamleshwebnet/app_ar@main/icons_podcast/manorama-india-file.webp|1|YES|https://www.omnycontent.com/d/playlist/38abe477-df60-4cf0-bd9f-b1fe00d0bda4/9ee141a6-ed89-4062-a91b-b2050044b734/96277b84-47db-4ba4-a967-b2050044b789/podcast.rss|RSS|0|0|Politics
t_podcast|Kids & Family|/sara-mehar-and-papa-ki-kahaniyaan|Sara Mehar and Papa Ki Kahaniyaan|FOLDER|1|NO|URL|https://cdn.jsdelivr.net/gh/kamleshwebnet/app_ar@main/icons_podcast/sara-mehar-and-papa-ki-kahaniyaan.webp|1|YES|https://anchor.fm/s/11106e6ec/podcast/rss|RSS|0|0|Stories for Kids
t_podcast|Stories|/traskaal-hindi-horror-stories|Traskaal - Hindi Horror Stories|FOLDER|1|NO|URL|https://cdn.jsdelivr.net/gh/kamleshwebnet/app_ar@main/icons_podcast/traskaal-hindi-horror-stories.webp|1|YES|https://media.rss.com/traskaal-hindi-horror-stories/feed.xml|RSS|0|0|Fiction
t_podcast|Entertainment|/steyoyoke-radioshows|Steyoyoke Radioshows|FOLDER|1|NO|URL|https://cdn.jsdelivr.net/gh/kamleshwebnet/app_ar@main/icons_podcast/steyoyoke-radioshows.webp|1|YES|https://www.steyoyoke.com/media/RADIOSHOWS/RADIOSHOWS.xml|RSS|0|0|Music
t_podcast|Spiritual|/general-topics-gujarati|General Topics (Gujarati)|FOLDER|1|NO|URL|https://cdn.jsdelivr.net/gh/kamleshwebnet/app_ar@main/icons_podcast/general-topics-gujarati.webp|1|YES|https://hearthis.at/set/122486-9266566/podcast/|RSS|0|0|Religion & Spirituality
t_podcast|Spiritual|/self-healing-online-retreat-by-master-pradeep-vijay|Self Healing Online Retreat - by Master Pradeep Vijay|FOLDER|1|NO|URL|https://cdn.jsdelivr.net/gh/kamleshwebnet/app_ar@main/icons_podcast/self-healing-online-retreat-by-master-pradeep-vijay.webp|1|YES|https://anchor.fm/s/109c75a9c/podcast/rss|RSS|0|0|Spirituality
t_podcast|Lifestyle|/dhadkane-meri-sun|Dhadkane Meri Sun|FOLDER|1|NO|URL|https://cdn.jsdelivr.net/gh/kamleshwebnet/app_ar@main/icons_podcast/dhadkane-meri-sun.webp|1|YES|https://rss.pdrl.fm/8969f6/feeds.libsyn.com/463284/rss/?redirect=false|RSS|0|0|Relationships
t_podcast|Lifestyle|/seema-anand-storytelling-the-3000-step-stories|Seema Anand Storytelling: The 3000 Step Stories|FOLDER|1|NO|URL|https://cdn.jsdelivr.net/gh/kamleshwebnet/app_ar@main/icons_podcast/seema-anand-storytelling-the-3000-step-stories.webp|1|YES|https://feeds.sochcast.com/rss/rss_36de6f56-b622-42e8-b388-9456e8d8999d.rss|RSS|0|0|Society & Culture
t_podcast|Stories|/dawood-ibrahim-full-life-story-in-hindi-december-26-1955-to-2026|Dawood Ibrahim Full Life Story in Hindi - December 26, 1955 to 2026|FOLDER|1|NO|URL|https://cdn.jsdelivr.net/gh/kamleshwebnet/app_ar@main/icons_podcast/dawood-ibrahim-full-life-story-in-hindi-december-26-1955-to-2026.webp|1|YES|https://media.rss.com/dawood-ibrahim-full-life-story-in-hindi-december-26-1955-to-2026/feed.xml|RSS|0|0|True Crime
t_podcast|Stories|/ansuni-kahaniya-by-priyanka|Ansuni Kahaniya by Priyanka|FOLDER|1|NO|URL|https://cdn.jsdelivr.net/gh/kamleshwebnet/app_ar@main/icons_podcast/ansuni-kahaniya-by-priyanka.webp|1|YES|https://anchor.fm/s/4dff39c4/podcast/rss|RSS|0|0|True Crime
t_podcast|Lifestyle|/my-topicless-tapri|My Topicless Tapri|FOLDER|1|NO|URL|https://cdn.jsdelivr.net/gh/kamleshwebnet/app_ar@main/icons_podcast/my-topicless-tapri.webp|1|YES|https://feeds.hubhopper.com/09934be6826bbbd70f3dc457fcf8c77c.rss|RSS|0|0|Society & Culture
t_podcast|Entertainment|/popular-christian-malayalam-songs-holy-beats|Popular Christian Malayalam Songs - Holy Beats|FOLDER|1|NO|URL|https://cdn.jsdelivr.net/gh/kamleshwebnet/app_ar@main/icons_podcast/popular-christian-malayalam-songs-holy-beats.webp|1|YES|https://media.rss.com/popular-christian-malayalam-songs-holy-beats-shalom-podcast/feed.xml|RSS|0|0|Music
t_podcast|Lifestyle|/whats-your-ism|What's Your Ism?|FOLDER|1|NO|URL|https://cdn.jsdelivr.net/gh/kamleshwebnet/app_ar@main/icons_podcast/whats-your-ism.webp|1|YES|https://feeds.acast.com/public/shows/652d0ebf2bf6d10012bb0751|RSS|0|0|Society & Culture
t_podcast|Stories|/crime-files-by-shivansh|Crime Files by Shivansh|FOLDER|1|NO|URL|https://cdn.jsdelivr.net/gh/kamleshwebnet/app_ar@main/icons_podcast/crime-files-by-shivansh.webp|1|YES|https://anchor.fm/s/100fa82e0/podcast/rss|RSS|0|0|True Crime
t_podcast|Knowledge|/dps-kamptee-road-nagpur|DPS Kamptee Road Nagpur|FOLDER|1|NO|URL|https://cdn.jsdelivr.net/gh/kamleshwebnet/app_ar@main/icons_podcast/dps-kamptee-road-nagpur.webp|1|YES|https://anchor.fm/s/65dc0108/podcast/rss|RSS|0|0|Education
t_podcast|Lifestyle|/vaastavikta-ke-side-quest|Vaastavikta Ke Side Quest|FOLDER|1|NO|URL|https://cdn.jsdelivr.net/gh/kamleshwebnet/app_ar@main/icons_podcast/vaastavikta-ke-side-quest.webp|1|YES|https://api.substack.com/feed/podcast/8464019/s/383798.rss|RSS|0|0|Society & Culture
t_podcast|Stories|/hungry-stones-and-other-stories|Hungry Stones and Other Stories|FOLDER|1|NO|URL|https://cdn.jsdelivr.net/gh/kamleshwebnet/app_ar@main/icons_podcast/hungry-stones-and-other-stories.webp|1|YES|https://www.spreaker.com/show/7151497/episodes/feed|RSS|0|0|Books
t_podcast|Knowledge|/kaalam-paranja-kadhakal-malayalam-podcast-by-joefos|Kaalam Paranja Kadhakal - Malayalam Podcast by JoeFos|FOLDER|1|NO|URL|https://cdn.jsdelivr.net/gh/kamleshwebnet/app_ar@main/icons_podcast/kaalam-paranja-kadhakal-malayalam-podcast-by-joefos.webp|1|YES|https://anchor.fm/s/aadbabdc/podcast/rss|RSS|0|0|History
t_podcast|Spiritual|/divine-love-tabernacle-new-delhi-india|Divine Love Tabernacle, New Delhi, India|FOLDER|1|NO|URL|https://cdn.jsdelivr.net/gh/kamleshwebnet/app_ar@main/icons_podcast/divine-love-tabernacle-new-delhi-india.webp|1|YES|https://anchor.fm/s/14906d5c/podcast/rss|RSS|0|0|Christianity
t_podcast|Stories|/telugu-novels-by-yaddanapudi-sulochana-rani|Telugu Novels by Yaddanapudi Sulochana Rani|FOLDER|1|NO|URL|https://cdn.jsdelivr.net/gh/kamleshwebnet/app_ar@main/icons_podcast/telugu-novels-by-yaddanapudi-sulochana-rani.webp|1|YES|https://anchor.fm/s/e28113b0/podcast/rss|RSS|0|0|Books
t_podcast|Stories|/kahaniyon-ka-mantra|Kahaniyon Ka Mantra|FOLDER|1|NO|URL|https://cdn.jsdelivr.net/gh/kamleshwebnet/app_ar@main/icons_podcast/kahaniyon-ka-mantra.webp|1|YES|https://anchor.fm/s/f723da50/podcast/rss|RSS|0|0|Fiction
t_podcast|Spiritual|/aadhyatma-patha-by-shri-jayateerth-pandhari|Aadhyatma Patha by Shri Jayateerth Pandhari|FOLDER|1|NO|URL|https://cdn.jsdelivr.net/gh/kamleshwebnet/app_ar@main/icons_podcast/aadhyatma-patha-by-shri-jayateerth-pandhari.webp|1|YES|https://anchor.fm/s/3b2b9220/podcast/rss|RSS|0|0|Hinduism
t_podcast|Knowledge|/is-pharmacology-difficult-podcast|Is Pharmacology Difficult Podcast|FOLDER|1|NO|URL|https://cdn.jsdelivr.net/gh/kamleshwebnet/app_ar@main/icons_podcast/is-pharmacology-difficult-podcast.webp|1|YES|https://anchor.fm/s/1dace258/podcast/rss|RSS|0|0|Education
t_podcast|Comedy|/rj-chandru-podcast|RJ Chandru Podcast|FOLDER|1|NO|URL|https://cdn.jsdelivr.net/gh/kamleshwebnet/app_ar@main/icons_podcast/rj-chandru-podcast.webp|1|YES|https://anchor.fm/s/62a377c8/podcast/rss|RSS|0|0|Comedy
t_podcast|Stories|/insp-vikrant-sinha|Insp. Vikrant Sinha|FOLDER|1|NO|URL|https://cdn.jsdelivr.net/gh/kamleshwebnet/app_ar@main/icons_podcast/insp-vikrant-sinha.webp|1|YES|https://anchor.fm/s/f6452e68/podcast/rss|RSS|0|0|True Crime
t_podcast|Spiritual|/word-of-his-grace-audio-podcast|Word of His Grace - Audio Podcast|FOLDER|1|NO|URL|https://cdn.jsdelivr.net/gh/kamleshwebnet/app_ar@main/icons_podcast/word-of-his-grace-audio-podcast.webp|1|YES|https://anchor.fm/s/6e62b10/podcast/rss|RSS|0|0|Religion & Spirituality
t_podcast|Stories|/red-fm-love-story-by-rj-pahi|Red FM Love Story by RJ Pahi|FOLDER|1|NO|URL|https://cdn.jsdelivr.net/gh/kamleshwebnet/app_ar@main/icons_podcast/red-fm-love-story-by-rj-pahi.webp|1|YES|https://www.omnycontent.com/d/playlist/8ce708b9-c3c2-4eaa-a27d-ac0f007c53c5/a2285256-ad86-4004-9bb7-ac4000bdacf8/2c48b105-c75c-4d5d-83a0-ac4000bdad06/podcast.rss|RSS|0|0|Personal Journals
t_podcast|Lifestyle|/audiobooks-in-hindi|Audiobooks in Hindi|FOLDER|1|NO|URL|https://cdn.jsdelivr.net/gh/kamleshwebnet/app_ar@main/icons_podcast/audiobooks-in-hindi.webp|1|YES|https://anchor.fm/s/ffab0eb4/podcast/rss|RSS|0|0|Self-Improvement
t_podcast|Stories|/kannada-pusthaka-parichaya|Kannada Pusthaka Parichaya|FOLDER|1|NO|URL|https://cdn.jsdelivr.net/gh/kamleshwebnet/app_ar@main/icons_podcast/kannada-pusthaka-parichaya.webp|1|YES|https://anchor.fm/s/2b6acd74/podcast/rss|RSS|0|0|Books
t_podcast|Stories|/eternal-minds-hindi-audiobook-summary-podcast|Eternal Minds - Hindi Audiobook Summary Podcast|FOLDER|1|NO|URL|https://cdn.jsdelivr.net/gh/kamleshwebnet/app_ar@main/icons_podcast/eternal-minds-hindi-audiobook-summary-podcast.webp|1|YES|https://anchor.fm/s/102e7af9c/podcast/rss|RSS|0|0|Books
t_podcast|Entertainment|/serving-it-up-with-sania|Serving It Up with Sania|FOLDER|1|NO|URL|https://cdn.jsdelivr.net/gh/kamleshwebnet/app_ar@main/icons_podcast/serving-it-up-with-sania.webp|1|YES|https://www.omnycontent.com/d/playlist/e0dce4b3-2eb8-48cb-822c-af1d00e03e20/aef8c717-8116-476a-986e-b38e0082a3a7/7a0ba637-1540-4e8c-bb4c-b38e0082a7dc/podcast.rss|RSS|0|0|Arts
t_podcast|Kids & Family|/tamil-podcast-in-cuddalore-by-kankalai-saravanan|Tamil Podcast in Cuddalore by Kankalai Saravanan|FOLDER|1|NO|URL|https://cdn.jsdelivr.net/gh/kamleshwebnet/app_ar@main/icons_podcast/tamil-podcast-in-cuddalore-by-kankalai-saravanan.webp|1|YES|https://anchor.fm/s/1ef18114/podcast/rss|RSS|0|0|Kids & Family
t_podcast|Stories|/welted-marigold-desi-crime-indian-true-crime-stories|Welted Marigold - Desi Crime & Indian True Crime Stories|FOLDER|1|NO|URL|https://cdn.jsdelivr.net/gh/kamleshwebnet/app_ar@main/icons_podcast/welted-marigold-desi-crime-indian-true-crime-stories.webp|1|YES|https://rss.buzzsprout.com/2511843.rss|RSS|0|0|True Crime
t_podcast|Lifestyle|/rj-mano-tamil-self-improvement-motivational-wellness-podcast|RJ Mano - Tamil Self Improvement, Motivational & Wellness Podcast|FOLDER|1|NO|URL|https://cdn.jsdelivr.net/gh/kamleshwebnet/app_ar@main/icons_podcast/rj-mano-tamil-self-improvement-motivational-wellness-podcast.webp|1|YES|https://anchor.fm/s/141b08a0/podcast/rss|RSS|0|0|Mental Health
t_podcast|Business|/the-achievers-talk-at|The Achievers Talk|FOLDER|1|NO|URL|https://cdn.jsdelivr.net/gh/kamleshwebnet/app_ar@main/icons_podcast/the-achievers-talk-at.webp|1|YES|https://www.spreaker.com/show/7019521/episodes/feed|RSS|0|0|Entrepreneurship
t_podcast|Spiritual|/theology-ki-baath|Theology Ki Baath|FOLDER|1|NO|URL|https://cdn.jsdelivr.net/gh/kamleshwebnet/app_ar@main/icons_podcast/theology-ki-baath.webp|1|YES|https://anchor.fm/s/769df208/podcast/rss|RSS|0|0|Christianity
t_podcast|Lifestyle|/success-buds-a-feel-good-tamil-podcast|Success Buds - A Feel Good Tamil Podcast|FOLDER|1|NO|URL|https://cdn.jsdelivr.net/gh/kamleshwebnet/app_ar@main/icons_podcast/success-buds-a-feel-good-tamil-podcast.webp|1|YES|https://anchor.fm/s/339cca38/podcast/rss|RSS|0|0|Self-Improvement
t_podcast|Stories|/zara-khauff-se-suno|Zara Khauff Se Suno|FOLDER|1|NO|URL|https://cdn.jsdelivr.net/gh/kamleshwebnet/app_ar@main/icons_podcast/zara-khauff-se-suno.webp|1|YES|https://feeds.megaphone.fm/ISP1815707218|RSS|0|0|Fiction
t_podcast|Business|/aditya-raj-kashyap-reaching-your-peak-potential|Aditya Raj Kashyap - Reaching Your Peak Potential|FOLDER|1|NO|URL|https://cdn.jsdelivr.net/gh/kamleshwebnet/app_ar@main/icons_podcast/aditya-raj-kashyap-reaching-your-peak-potential.webp|1|YES|https://anchor.fm/s/54f737b8/podcast/rss|RSS|0|0|Business
t_podcast|Stories|/rajhansi-mohor|Rajhansi Mohor|FOLDER|1|NO|URL|https://cdn.jsdelivr.net/gh/kamleshwebnet/app_ar@main/icons_podcast/rajhansi-mohor.webp|1|YES|https://feeds.megaphone.fm/ISP4227034028|RSS|0|0|Books
t_podcast|Stories|/wrong-play-podcast|Wrong Play Podcast|FOLDER|1|NO|URL|https://cdn.jsdelivr.net/gh/kamleshwebnet/app_ar@main/icons_podcast/wrong-play-podcast.webp|1|YES|https://anchor.fm/s/5d28c848/podcast/rss|RSS|0|0|Books
t_podcast|Comedy|/am-sorry-da-kanna-tamil-podcast|Am Sorry Da Kanna - Tamil Podcast|FOLDER|1|NO|URL|https://cdn.jsdelivr.net/gh/kamleshwebnet/app_ar@main/icons_podcast/am-sorry-da-kanna-tamil-podcast.webp|1|YES|https://anchor.fm/s/36f79f28/podcast/rss|RSS|0|0|Comedy
t_podcast|Lifestyle|/idhayathin-kural-a-feel-good-tamil-podcast|Idhayathin Kural - A Feel Good Tamil Podcast|FOLDER|1|NO|URL|https://cdn.jsdelivr.net/gh/kamleshwebnet/app_ar@main/icons_podcast/idhayathin-kural-a-feel-good-tamil-podcast.webp|1|YES|https://anchor.fm/s/2dce90c8/podcast/rss|RSS|0|0|Self-Improvement
t_podcast|Stories|/simplify-your-life-tamil-podcast-with-vinod|Simplify Your Life - Tamil Podcast with Vinod|FOLDER|1|NO|URL|https://cdn.jsdelivr.net/gh/kamleshwebnet/app_ar@main/icons_podcast/simplify-your-life-tamil-podcast-with-vinod.webp|1|YES|https://anchor.fm/s/a610350/podcast/rss|RSS|0|0|Books
t_podcast|Stories|/kadhai-ketkum-neram-tamil-audio-stories|Kadhai Ketkum Neram - Tamil Audio Stories|FOLDER|1|NO|URL|https://cdn.jsdelivr.net/gh/kamleshwebnet/app_ar@main/icons_podcast/kadhai-ketkum-neram-tamil-audio-stories.webp|1|YES|https://anchor.fm/s/f84e6be8/podcast/rss|RSS|0|0|Books
t_podcast|Knowledge|/bhagavad-gita-as-it-is|Bhagavad Gita As It Is|FOLDER|1|NO|URL|https://cdn.jsdelivr.net/gh/kamleshwebnet/app_ar@main/icons_podcast/bhagavad-gita-as-it-is.webp|1|YES|https://anchor.fm/s/68f1fbcc/podcast/rss|RSS|0|0|Language Learning
t_podcast|Entertainment|/beatline-with-dj-kawal|Beatline with DJ Kawal|FOLDER|1|NO|URL|https://cdn.jsdelivr.net/gh/kamleshwebnet/app_ar@main/icons_podcast/beatline-with-dj-kawal.webp|1|YES|https://djkawal.podomatic.com/rss2.xml|RSS|0|0|Music
t_podcast|Knowledge|/the-history-of-bangalore|The History of Bangalore|FOLDER|1|NO|URL|https://cdn.jsdelivr.net/gh/kamleshwebnet/app_ar@main/icons_podcast/the-history-of-bangalore.webp|1|YES|https://feeds.megaphone.fm/thehistoryofbangalore|RSS|0|0|History
t_podcast|Lifestyle|/astrology-vashikaran-astrologer-service|Astrology Vashikaran Astrologer Service|FOLDER|1|NO|URL|https://cdn.jsdelivr.net/gh/kamleshwebnet/app_ar@main/icons_podcast/astrology-vashikaran-astrologer-service.webp|1|YES|https://anchor.fm/s/11173af5c/podcast/rss|RSS|0|0|Food
t_podcast|Comedy|/thundu-beedi-podcast|Thundu Beedi Podcast|FOLDER|1|NO|URL|https://cdn.jsdelivr.net/gh/kamleshwebnet/app_ar@main/icons_podcast/thundu-beedi-podcast.webp|1|YES|https://anchor.fm/s/93a8f4ec/podcast/rss|RSS|0|0|Comedy
t_podcast|Business|/wtf-is-finance|WTF Is Finance|FOLDER|1|NO|URL|https://cdn.jsdelivr.net/gh/kamleshwebnet/app_ar@main/icons_podcast/wtf-is-finance.webp|1|YES|https://feeds.hubhopper.com/00d9f91c4b7c81a038bbbbe422741f5d.rss|RSS|0|0|Investing
t_podcast|Knowledge|/syllabus-with-rohit|Syllabus with Rohit|FOLDER|1|NO|URL|https://cdn.jsdelivr.net/gh/kamleshwebnet/app_ar@main/icons_podcast/syllabus-with-rohit.webp|1|YES|https://anchor.fm/s/1015d05a0/podcast/rss|RSS|0|0|Education
t_podcast|Knowledge|/a-century-of-stories|A Century of Stories|FOLDER|1|NO|URL|https://cdn.jsdelivr.net/gh/kamleshwebnet/app_ar@main/icons_podcast/a-century-of-stories.webp|1|YES|https://www.omnycontent.com/d/playlist/e0dce4b3-2eb8-48cb-822c-af1d00e03e20/80a4b2a0-9797-4ecc-9077-b05700dc238a/aa26b685-4a52-4146-af8a-b05700dd3efb/podcast.rss|RSS|0|0|History
t_podcast|Spiritual|/ramayan-ki-ram-katha-jeevan-ka-aadhar|Ramayan Ki Ram Katha: Jeevan Ka Aadhar|FOLDER|1|NO|URL|https://cdn.jsdelivr.net/gh/kamleshwebnet/app_ar@main/icons_podcast/ramayan-ki-ram-katha-jeevan-ka-aadhar.webp|1|YES|https://anchor.fm/s/100307edc/podcast/rss|RSS|0|0|Religion & Spirituality
t_podcast|Lifestyle|/manifest-it-shorts-tamil|Manifest It (Shorts) - Tamil|FOLDER|1|NO|URL|https://cdn.jsdelivr.net/gh/kamleshwebnet/app_ar@main/icons_podcast/manifest-it-shorts-tamil.webp|1|YES|https://anchor.fm/s/f9cd4610/podcast/rss|RSS|0|0|Self-Improvement
t_podcast|Knowledge|/history-of-our-beloved-prophet-muhammad-in-malayalam|History of Our Beloved Prophet Muhammad in Malayalam|FOLDER|1|NO|URL|https://cdn.jsdelivr.net/gh/kamleshwebnet/app_ar@main/icons_podcast/history-of-our-beloved-prophet-muhammad-in-malayalam.webp|1|YES|https://anchor.fm/s/3f05d6e4/podcast/rss|RSS|0|0|History
t_podcast|Business|/the-5-am-club-by-robin-sharma-book-summary|The 5 AM Club by Robin Sharma - Book Summary|FOLDER|1|NO|URL|https://cdn.jsdelivr.net/gh/kamleshwebnet/app_ar@main/icons_podcast/the-5-am-club-by-robin-sharma-book-summary.webp|1|YES|https://feeds.megaphone.fm/PARSIDA7641695618|RSS|0|0|Business
t_podcast|Stories|/spookcast-a-hindi-horror-podcast|Spookcast - A Hindi Horror Podcast|FOLDER|1|NO|URL|https://cdn.jsdelivr.net/gh/kamleshwebnet/app_ar@main/icons_podcast/spookcast-a-hindi-horror-podcast.webp|1|YES|https://anchor.fm/s/f51bcf74/podcast/rss|RSS|0|0|Fiction
t_podcast|Entertainment|/khandaan-a-bollywood-podcast|Khandaan - A Bollywood Podcast|FOLDER|1|NO|URL|https://cdn.jsdelivr.net/gh/kamleshwebnet/app_ar@main/icons_podcast/khandaan-a-bollywood-podcast.webp|1|YES|https://feeds.megaphone.fm/ISP4190320966|RSS|0|0|Film Reviews
t_podcast|Lifestyle|/love-story-in-hindi-by-sonam-sonar|Love Story in Hindi by Sonam Sonar|FOLDER|1|NO|URL|https://cdn.jsdelivr.net/gh/kamleshwebnet/app_ar@main/icons_podcast/love-story-in-hindi-by-sonam-sonar.webp|1|YES|https://anchor.fm/s/e945169c/podcast/rss|RSS|0|0|Society & Culture
t_podcast|Lifestyle|/truecopy-think-malayalam-podcasts|Truecopy Think - Malayalam Podcasts|FOLDER|1|NO|URL|https://cdn.jsdelivr.net/gh/kamleshwebnet/app_ar@main/icons_podcast/truecopy-think-malayalam-podcasts.webp|1|YES|https://anchor.fm/s/fd484df8/podcast/rss|RSS|0|0|Society & Culture
t_podcast|Business|/wtf-is-with-nikhil-kamath|WTF Is with Nikhil Kamath|FOLDER|1|NO|URL|https://cdn.jsdelivr.net/gh/kamleshwebnet/app_ar@main/icons_podcast/wtf-is-with-nikhil-kamath.webp|1|YES|https://feeds.hubhopper.com/664690fdea0d7a6f61a052da119934d3.rss|RSS|0|0|Entrepreneurship
t_podcast|Knowledge|/deep-drive-autocar-india|Deep Drive - Autocar India|FOLDER|1|NO|URL|https://cdn.jsdelivr.net/gh/kamleshwebnet/app_ar@main/icons_podcast/deep-drive-autocar-india.webp|1|YES|https://rss.buzzsprout.com/2342104.rss|RSS|0|0|Automotive
t_podcast|News|/the-imperfect-show-hello-vikatan|The Imperfect Show - Hello Vikatan|FOLDER|1|NO|URL|https://cdn.jsdelivr.net/gh/kamleshwebnet/app_ar@main/icons_podcast/the-imperfect-show-hello-vikatan.webp|1|YES|https://anchor.fm/s/f96c4cac/podcast/rss|RSS|0|0|Politics
t_podcast|News|/out-of-focus-mediaone|Out of Focus - MediaOne|FOLDER|1|NO|URL|https://cdn.jsdelivr.net/gh/kamleshwebnet/app_ar@main/icons_podcast/out-of-focus-mediaone.webp|1|YES|https://rss.buzzsprout.com/2050847.rss|RSS|0|0|News Commentary
t_podcast|Business|/raw-talks-with-vamshi-kurapati-telugu-business-podcast|Raw Talks with Vamshi Kurapati - Telugu Business Podcast|FOLDER|1|NO|URL|https://cdn.jsdelivr.net/gh/kamleshwebnet/app_ar@main/icons_podcast/raw-talks-with-vamshi-kurapati-telugu-business-podcast.webp|1|YES|https://anchor.fm/s/d96ed9d8/podcast/rss|RSS|0|0|Entrepreneurship
t_podcast|News|/the-seen-and-the-unseen-hosted-by-amit-varma|The Seen and the Unseen - Hosted by Amit Varma|FOLDER|1|NO|URL|https://cdn.jsdelivr.net/gh/kamleshwebnet/app_ar@main/icons_podcast/the-seen-and-the-unseen-hosted-by-amit-varma.webp|1|YES|https://rss.libsyn.com/shows/91647/destinations/458496.xml|RSS|0|0|Politics
t_podcast|Entertainment|/100-hours-100-stars|100 Hours 100 Stars|FOLDER|1|NO|URL|https://cdn.jsdelivr.net/gh/kamleshwebnet/app_ar@main/icons_podcast/100-hours-100-stars.webp|1|YES|https://feeds.megaphone.fm/HTMEDIALTD4963154589|RSS|0|0|Film Reviews
t_podcast|Kids & Family|/2-minute-story|2 Minute Story|FOLDER|1|NO|URL|https://cdn.jsdelivr.net/gh/kamleshwebnet/app_ar@main/icons_podcast/2-minute-story.webp|1|YES|https://anchor.fm/s/466f94c4/podcast/rss|RSS|0|0|Stories for Kids
t_podcast|Lifestyle|/90s-kids-conversations|90s Kids Conversations|FOLDER|1|NO|URL|https://cdn.jsdelivr.net/gh/kamleshwebnet/app_ar@main/icons_podcast/90s-kids-conversations.webp|1|YES|https://anchor.fm/s/12780124/podcast/rss|RSS|0|0|Self-Improvement
t_podcast|Entertainment|/9xm-song-secret|9XM Song Secret|FOLDER|1|NO|URL|https://cdn.jsdelivr.net/gh/kamleshwebnet/app_ar@main/icons_podcast/9xm-song-secret.webp|1|YES|https://feeds.megaphone.fm/ISP4697827571|RSS|0|0|Music Interviews
t_podcast|Entertainment|/a-tribute-to-mr-raj-kapoor-by-salim-khan|A Tribute to Mr. Raj Kapoor by Salim Khan|FOLDER|1|NO|URL|https://cdn.jsdelivr.net/gh/kamleshwebnet/app_ar@main/icons_podcast/a-tribute-to-mr-raj-kapoor-by-salim-khan.webp|1|YES|https://feeds.soundcloud.com/users/soundcloud:users:352013471/sounds.rss|RSS|0|0|Music
t_podcast|News|/aaj-ka-din|Aaj Ka Din|FOLDER|1|NO|URL|https://cdn.jsdelivr.net/gh/kamleshwebnet/app_ar@main/icons_podcast/aaj-ka-din.webp|1|YES|https://www.spreaker.com/show/4921019/episodes/feed|RSS|0|0|Daily News
t_podcast|Entertainment|/aao-twist-karein|Aao Twist Karein|FOLDER|1|NO|URL|https://cdn.jsdelivr.net/gh/kamleshwebnet/app_ar@main/icons_podcast/aao-twist-karein.webp|1|YES|https://feeds.megaphone.fm/HTMEDIALTD4628781231|RSS|0|0|After Shows
t_podcast|Business|/abhishek-doshi|Abhishek Doshi|FOLDER|1|NO|URL|https://cdn.jsdelivr.net/gh/kamleshwebnet/app_ar@main/icons_podcast/abhishek-doshi.webp|1|YES|https://feeds.hubhopper.com/be22e22d79291f73ba6325d9d9bd5d59.rss|RSS|0|0|Business
t_podcast|Spiritual|/adhyatm|Adhyatm|FOLDER|1|NO|URL|https://cdn.jsdelivr.net/gh/kamleshwebnet/app_ar@main/icons_podcast/adhyatm.webp|1|YES|https://feeds.hubhopper.com/1860a623f10fdc7904c7c9e7e50da221.rss|RSS|0|0|Spirituality
t_podcast|News|/agra-smart-news|Agra Smart News|FOLDER|1|NO|URL|https://cdn.jsdelivr.net/gh/kamleshwebnet/app_ar@main/icons_podcast/agra-smart-news.webp|1|YES|https://feeds.megaphone.fm/HTMEDIALTD3644006586|RSS|0|0|Daily News
t_podcast|Entertainment|/ajeeb-dastan|Ajeeb Dastan|FOLDER|1|NO|URL|https://cdn.jsdelivr.net/gh/kamleshwebnet/app_ar@main/icons_podcast/ajeeb-dastan.webp|1|YES|https://feeds.soundcloud.com/users/soundcloud:users:111998889/sounds.rss|RSS|0|0|Music
t_podcast|Spiritual|/amritvani-sant-kabir-mira|Amritvani - Sant Kabir, Mira|FOLDER|1|NO|URL|https://cdn.jsdelivr.net/gh/kamleshwebnet/app_ar@main/icons_podcast/amritvani-sant-kabir-mira.webp|1|YES|https://audioboom.com/channels/4902461.rss|RSS|0|0|Hinduism
t_podcast|Spiritual|/an-autobiography-of-a-yogi|An Autobiography of a Yogi|FOLDER|1|NO|URL|https://cdn.jsdelivr.net/gh/kamleshwebnet/app_ar@main/icons_podcast/an-autobiography-of-a-yogi.webp|1|YES|https://anchor.fm/s/142f457c/podcast/rss|RSS|0|0|Religion & Spirituality
t_podcast|Knowledge|/anjaane-raaste|Anjaane Raaste|FOLDER|1|NO|URL|https://cdn.jsdelivr.net/gh/kamleshwebnet/app_ar@main/icons_podcast/anjaane-raaste.webp|1|YES|https://feeds.megaphone.fm/HTMEDIALTD3912558106|RSS|0|0|History
t_podcast|Comedy|/are-you-in-the-story|Are You in the Story|FOLDER|1|NO|URL|https://cdn.jsdelivr.net/gh/kamleshwebnet/app_ar@main/icons_podcast/are-you-in-the-story.webp|1|YES|https://anchor.fm/s/464e3504/podcast/rss|RSS|0|0|Comedy
t_podcast|Entertainment|/aur-batao|Aur Batao|FOLDER|1|NO|URL|https://cdn.jsdelivr.net/gh/kamleshwebnet/app_ar@main/icons_podcast/aur-batao.webp|1|YES|https://feeds.megaphone.fm/HTMEDIALTD6091214351|RSS|0|0|Film Interviews
t_podcast|Spiritual|/awr-hindi|AWR Hindi|FOLDER|1|NO|URL|https://cdn.jsdelivr.net/gh/kamleshwebnet/app_ar@main/icons_podcast/awr-hindi.webp|1|YES|https://feeds.feedburner.com/HINPU_VOH|RSS|0|0|Religion & Spirituality
t_podcast|Lifestyle|/baatein-ansuni|Baatein Ansuni|FOLDER|1|NO|URL|https://cdn.jsdelivr.net/gh/kamleshwebnet/app_ar@main/icons_podcast/baatein-ansuni.webp|1|YES|https://anchor.fm/s/2fdbc840/podcast/rss|RSS|0|0|Relationships
t_podcast|Comedy|/baba-bakchod|Baba Bakchod|FOLDER|1|NO|URL|https://cdn.jsdelivr.net/gh/kamleshwebnet/app_ar@main/icons_podcast/baba-bakchod.webp|1|YES|https://anchor.fm/s/33280d10/podcast/rss|RSS|0|0|Comedy
t_podcast|Knowledge|/bal-geet|Bal Geet|FOLDER|1|NO|URL|https://cdn.jsdelivr.net/gh/kamleshwebnet/app_ar@main/icons_podcast/bal-geet.webp|1|YES|https://anchor.fm/s/29ef3f70/podcast/rss|RSS|0|0|Language Learning
t_podcast|Comedy|/band-bajega|Band Bajega|FOLDER|1|NO|URL|https://cdn.jsdelivr.net/gh/kamleshwebnet/app_ar@main/icons_podcast/band-bajega.webp|1|YES|https://www.omnycontent.com/d/playlist/8ce708b9-c3c2-4eaa-a27d-ac0f007c53c5/ed6f3dfe-25c9-4617-bdf4-ac22009d65f1/5a3ec304-f56d-4eec-9a03-ac22009d65f1/podcast.rss|RSS|0|0|Comedy
t_podcast|Stories|/bas-2-pankti|Bas 2 Pankti|FOLDER|1|NO|URL|https://cdn.jsdelivr.net/gh/kamleshwebnet/app_ar@main/icons_podcast/bas-2-pankti.webp|1|YES|https://feeds.megaphone.fm/HTMEDIALTD4192831198|RSS|0|0|Fiction
t_podcast|Spiritual|/bhagavad-gita-hindi|Bhagavad Gita Hindi|FOLDER|1|NO|URL|https://cdn.jsdelivr.net/gh/kamleshwebnet/app_ar@main/icons_podcast/bhagavad-gita-hindi.webp|1|YES|https://audioboom.com/channels/4902468.rss|RSS|0|0|Hinduism
t_podcast|Spiritual|/bhakti-ki-shakti|Bhakti Ki Shakti|FOLDER|1|NO|URL|https://cdn.jsdelivr.net/gh/kamleshwebnet/app_ar@main/icons_podcast/bhakti-ki-shakti.webp|1|YES|https://anchor.fm/s/3bd0b4bc/podcast/rss|RSS|0|0|Hinduism
t_podcast|Comedy|/bhalta-raja|Bhalta Raja|FOLDER|1|NO|URL|https://cdn.jsdelivr.net/gh/kamleshwebnet/app_ar@main/icons_podcast/bhalta-raja.webp|1|YES|https://www.omnycontent.com/d/playlist/8ce708b9-c3c2-4eaa-a27d-ac0f007c53c5/8d8f494a-a715-4dc6-af58-ac38008b487f/d328b1c8-b376-445d-93c6-ac38008b488d/podcast.rss|RSS|0|0|Comedy
t_podcast|Entertainment|/bharti-vocals|Bharti Vocals|FOLDER|1|NO|URL|https://cdn.jsdelivr.net/gh/kamleshwebnet/app_ar@main/icons_podcast/bharti-vocals.webp|1|YES|https://anchor.fm/s/27c21a88/podcast/rss|RSS|0|0|Performing Arts
t_podcast|Entertainment|/bhaskar-gautam|Bhaskar Gautam|FOLDER|1|NO|URL|https://cdn.jsdelivr.net/gh/kamleshwebnet/app_ar@main/icons_podcast/bhaskar-gautam.webp|1|YES|https://anchor.fm/s/ea2ef3c/podcast/rss|RSS|0|0|Performing Arts
t_podcast|Entertainment|/bhojpuri-sher-khesari-ke-song|Bhojpuri Sher Khesari Ke Song|FOLDER|1|NO|URL|https://cdn.jsdelivr.net/gh/kamleshwebnet/app_ar@main/icons_podcast/bhojpuri-sher-khesari-ke-song.webp|1|YES|https://anchor.fm/s/48cc65f8/podcast/rss|RSS|0|0|Music Commentary
t_podcast|Stories|/big-katha-by-rj-pihu-and-rj-khurafati-nitin|Big Katha by RJ Pihu and RJ Khurafati Nitin|FOLDER|1|NO|URL|https://cdn.jsdelivr.net/gh/kamleshwebnet/app_ar@main/icons_podcast/big-katha-by-rj-pihu-and-rj-khurafati-nitin.webp|1|YES|https://feeds.megaphone.fm/ISP8220499556|RSS|0|0|Drama
t_podcast|News|/big-story-hindi|Big Story Hindi|FOLDER|1|NO|URL|https://cdn.jsdelivr.net/gh/kamleshwebnet/app_ar@main/icons_podcast/big-story-hindi.webp|1|YES|https://feeds.megaphone.fm/ISP2247765054|RSS|0|0|News
t_podcast|Spiritual|/bodhmarga-foundation|BodhMarga Foundation|FOLDER|1|NO|URL|https://cdn.jsdelivr.net/gh/kamleshwebnet/app_ar@main/icons_podcast/bodhmarga-foundation.webp|1|YES|https://anchor.fm/s/bc07410/podcast/rss|RSS|0|0|Spirituality
t_podcast|Entertainment|/bollywood-exclusive|Bollywood Exclusive|FOLDER|1|NO|URL|https://cdn.jsdelivr.net/gh/kamleshwebnet/app_ar@main/icons_podcast/bollywood-exclusive.webp|1|YES|https://audioboom.com/channels/4828186.rss|RSS|0|0|TV & Film
t_podcast|Kids & Family|/books-that-speak|Books That Speak|FOLDER|1|NO|URL|https://cdn.jsdelivr.net/gh/kamleshwebnet/app_ar@main/icons_podcast/books-that-speak.webp|1|YES|https://anchor.fm/s/2b74c568/podcast/rss|RSS|0|0|Stories for Kids
t_podcast|Stories|/boondon-se-baatein|Boondon Se Baatein|FOLDER|1|NO|URL|https://cdn.jsdelivr.net/gh/kamleshwebnet/app_ar@main/icons_podcast/boondon-se-baatein.webp|1|YES|https://feeds.megaphone.fm/HTMEDIALTD2602509778|RSS|0|0|Drama
t_podcast|Stories|/bounce-back-bharat|Bounce Back Bharat|FOLDER|1|NO|URL|https://cdn.jsdelivr.net/gh/kamleshwebnet/app_ar@main/icons_podcast/bounce-back-bharat.webp|1|YES|https://feeds.megaphone.fm/HTMEDIALTD7806281445|RSS|0|0|Personal Journals
t_podcast|Lifestyle|/bring-me-rainbows-hindi|Bring Me Rainbows (Hindi)|FOLDER|1|NO|URL|https://cdn.jsdelivr.net/gh/kamleshwebnet/app_ar@main/icons_podcast/bring-me-rainbows-hindi.webp|1|YES|https://feeds.hubhopper.com/321fb53ddd3e219fca511a3bfc793166.rss|RSS|0|0|Health & Fitness
t_podcast|Lifestyle|/bus-kahani-hai|Bus Kahani Hai|FOLDER|1|NO|URL|https://cdn.jsdelivr.net/gh/kamleshwebnet/app_ar@main/icons_podcast/bus-kahani-hai.webp|1|YES|https://anchor.fm/s/1b1c468c/podcast/rss|RSS|0|0|Relationships
t_podcast|Spiritual|/hindu-podcast|Hindu Podcast|FOLDER|1|NO|URL|https://cdn.jsdelivr.net/gh/kamleshwebnet/app_ar@main/icons_podcast/hindu-podcast.webp|1|YES|https://anchor.fm/s/3303ccfc/podcast/rss|RSS|0|0|Religion & Spirituality
t_podcast|Spiritual|/hinduism|Hinduism|FOLDER|1|NO|URL|https://cdn.jsdelivr.net/gh/kamleshwebnet/app_ar@main/icons_podcast/hinduism.webp|1|YES|https://anchor.fm/s/2dc247dc/podcast/rss|RSS|0|0|Hinduism
t_podcast|News|/hindustan-daily-news-wrap|Hindustan Daily News Wrap|FOLDER|1|NO|URL|https://cdn.jsdelivr.net/gh/kamleshwebnet/app_ar@main/icons_podcast/hindustan-daily-news-wrap.webp|1|YES|https://feeds.megaphone.fm/HTMEDIALTD1722771960|RSS|0|0|Daily News
t_podcast|Business|/hmh-ki-baat-rohit-mewada-ke-sath|HMH Ki Baat Rohit Mewada Ke Sath|FOLDER|1|NO|URL|https://cdn.jsdelivr.net/gh/kamleshwebnet/app_ar@main/icons_podcast/hmh-ki-baat-rohit-mewada-ke-sath.webp|1|YES|https://anchor.fm/s/e4b7d4c/podcast/rss|RSS|0|0|Entrepreneurship
t_podcast|Entertainment|/home-talkies-with-rj-anmol|Home Talkies with RJ Anmol|FOLDER|1|NO|URL|https://cdn.jsdelivr.net/gh/kamleshwebnet/app_ar@main/icons_podcast/home-talkies-with-rj-anmol.webp|1|YES|https://feeds.megaphone.fm/HTMEDIALTD2410771990|RSS|0|0|After Shows
t_podcast|Stories|/horror-hindi|Horror Hindi|FOLDER|1|NO|URL|https://cdn.jsdelivr.net/gh/kamleshwebnet/app_ar@main/icons_podcast/horror-hindi.webp|1|YES|https://anchor.fm/s/3dd83550/podcast/rss|RSS|0|0|True Crime
t_podcast|Lifestyle|/hum-parindey|Hum Parindey|FOLDER|1|NO|URL|https://cdn.jsdelivr.net/gh/kamleshwebnet/app_ar@main/icons_podcast/hum-parindey.webp|1|YES|https://anchor.fm/s/1be4bfa4/podcast/rss|RSS|0|0|Society & Culture
t_podcast|Comedy|/humourasiya|Humourasiya|FOLDER|1|NO|URL|https://cdn.jsdelivr.net/gh/kamleshwebnet/app_ar@main/icons_podcast/humourasiya.webp|1|YES|https://anchor.fm/s/1d590d68/podcast/rss|RSS|0|0|Comedy
t_podcast|Stories|/hungama|Hungama|FOLDER|1|NO|URL|https://cdn.jsdelivr.net/gh/kamleshwebnet/app_ar@main/icons_podcast/hungama.webp|1|YES|https://anchor.fm/s/2ac939c8/podcast/rss|RSS|0|0|Books
t_podcast|Stories|/indian-crime-story|Indian Crime Story|FOLDER|1|NO|URL|https://cdn.jsdelivr.net/gh/kamleshwebnet/app_ar@main/icons_podcast/indian-crime-story.webp|1|YES|https://anchor.fm/s/2561892c/podcast/rss|RSS|0|0|True Crime
t_podcast|Comedy|/innocent-18|Innocent 18+|FOLDER|1|NO|URL|https://cdn.jsdelivr.net/gh/kamleshwebnet/app_ar@main/icons_podcast/innocent-18.webp|1|YES|https://anchor.fm/s/1c8ad8bc/podcast/rss|RSS|0|0|Comedy Interviews
t_podcast|Entertainment|/ishq-ke-rang|Ishq Ke Rang|FOLDER|1|NO|URL|https://cdn.jsdelivr.net/gh/kamleshwebnet/app_ar@main/icons_podcast/ishq-ke-rang.webp|1|YES|https://anchor.fm/s/11c5b1e0/podcast/rss|RSS|0|0|Arts
t_podcast|Lifestyle|/ishq-wala-love|Ishq Wala Love|FOLDER|1|NO|URL|https://cdn.jsdelivr.net/gh/kamleshwebnet/app_ar@main/icons_podcast/ishq-wala-love.webp|1|YES|https://www.spreaker.com/show/4483340/episodes/feed|RSS|0|0|Relationships
t_podcast|Stories|/j-deepak|J Deepak|FOLDER|1|NO|URL|https://cdn.jsdelivr.net/gh/kamleshwebnet/app_ar@main/icons_podcast/j-deepak.webp|1|YES|https://anchor.fm/s/27eefcc4/podcast/rss|RSS|0|0|Books
t_podcast|Spiritual|/jai-bajrangi|Jai Bajrangi|FOLDER|1|NO|URL|https://cdn.jsdelivr.net/gh/kamleshwebnet/app_ar@main/icons_podcast/jai-bajrangi.webp|1|YES|https://feeds.megaphone.fm/HTMEDIALTD6636029390|RSS|0|0|Spirituality
t_podcast|Stories|/jammu-tales|Jammu Tales|FOLDER|1|NO|URL|https://cdn.jsdelivr.net/gh/kamleshwebnet/app_ar@main/icons_podcast/jammu-tales.webp|1|YES|https://anchor.fm/s/687548c0/podcast/rss|RSS|0|0|Personal Journals
t_podcast|News|/jansampark-madhya-pradesh|Jansampark Madhya Pradesh|FOLDER|1|NO|URL|https://cdn.jsdelivr.net/gh/kamleshwebnet/app_ar@main/icons_podcast/jansampark-madhya-pradesh.webp|1|YES|https://anchor.fm/s/4bb7f1d8/podcast/rss|RSS|0|0|Government
t_podcast|News|/jansatta-hindi-podcast|Jansatta Hindi Podcast|FOLDER|1|NO|URL|https://cdn.jsdelivr.net/gh/kamleshwebnet/app_ar@main/icons_podcast/jansatta-hindi-podcast.webp|1|YES|https://feeds.acast.com/public/shows/5ec3d9497cef7479d2ef4798|RSS|0|0|News
t_podcast|Entertainment|/jiski-zubaan-urdu-ki-tarah|Jiski Zubaan Urdu Ki Tarah|FOLDER|1|NO|URL|https://cdn.jsdelivr.net/gh/kamleshwebnet/app_ar@main/icons_podcast/jiski-zubaan-urdu-ki-tarah.webp|1|YES|https://anchor.fm/s/2acbe178/podcast/rss|RSS|0|0|Music Commentary
t_podcast|News|/jobs-jankari|Jobs Jankari|FOLDER|1|NO|URL|https://cdn.jsdelivr.net/gh/kamleshwebnet/app_ar@main/icons_podcast/jobs-jankari.webp|1|YES|https://feeds.megaphone.fm/HTMEDIALTD2110248003|RSS|0|0|News
t_podcast|Comedy|/jokes-apart|Jokes Apart|FOLDER|1|NO|URL|https://cdn.jsdelivr.net/gh/kamleshwebnet/app_ar@main/icons_podcast/jokes-apart.webp|1|YES|https://feeds.hubhopper.com/233d9b669137054abe1a303bc147799c.rss|RSS|0|0|Improv
t_podcast|Business|/juber-pathan|Juber Pathan|FOLDER|1|NO|URL|https://cdn.jsdelivr.net/gh/kamleshwebnet/app_ar@main/icons_podcast/juber-pathan.webp|1|YES|https://anchor.fm/s/de164c0/podcast/rss|RSS|0|0|Management
t_podcast|Comedy|/kaavyas-jhampak-item|Kaavya's Jhampak Item|FOLDER|1|NO|URL|https://cdn.jsdelivr.net/gh/kamleshwebnet/app_ar@main/icons_podcast/kaavyas-jhampak-item.webp|1|YES|https://www.omnycontent.com/d/playlist/8ce708b9-c3c2-4eaa-a27d-ac0f007c53c5/65b1a76a-97ec-43c3-8b70-ac2f00a54beb/e2fbd97d-6ff4-4e53-9467-ac2f00a54bf4/podcast.rss|RSS|0|0|Comedy
t_podcast|Stories|/kadak-chai|Kadak Chai|FOLDER|1|NO|URL|https://cdn.jsdelivr.net/gh/kamleshwebnet/app_ar@main/icons_podcast/kadak-chai.webp|1|YES|https://anchor.fm/s/19062444/podcast/rss|RSS|0|0|Personal Journals
t_podcast|Lifestyle|/kahani-meri-tumhari|Kahani - Meri Tumhari|FOLDER|1|NO|URL|https://cdn.jsdelivr.net/gh/kamleshwebnet/app_ar@main/icons_podcast/kahani-meri-tumhari.webp|1|YES|https://feeds.soundcloud.com/users/soundcloud:users:20935240/sounds.rss|RSS|0|0|Society & Culture
t_podcast|Stories|/kahani-jaani-anjaani-stories-in-hindi|Kahani Jaani Anjaani - Stories in Hindi|FOLDER|1|NO|URL|https://cdn.jsdelivr.net/gh/kamleshwebnet/app_ar@main/icons_podcast/kahani-jaani-anjaani-stories-in-hindi.webp|1|YES|https://feeds.captivate.fm/kahani-jaani-anjaani/|RSS|0|0|Fiction
t_podcast|Spiritual|/kahani-raavan-ki|Kahani Raavan Ki|FOLDER|1|NO|URL|https://cdn.jsdelivr.net/gh/kamleshwebnet/app_ar@main/icons_podcast/kahani-raavan-ki.webp|1|YES|https://feeds.hubhopper.com/fb7b5431e34747be5c4018db2c124e00.rss|RSS|0|0|Religion & Spirituality
t_podcast|Kids & Family|/kahani-hindi-and-english-stories|Kahani: Hindi and English Stories|FOLDER|1|NO|URL|https://cdn.jsdelivr.net/gh/kamleshwebnet/app_ar@main/icons_podcast/kahani-hindi-and-english-stories.webp|1|YES|https://feeds.hubhopper.com/8e6becbd1a920613504e6b5faf6217b2.rss?v=1583074209|RSS|0|0|Kids & Family
t_podcast|Entertainment|/kahanibaaz|Kahanibaaz|FOLDER|1|NO|URL|https://cdn.jsdelivr.net/gh/kamleshwebnet/app_ar@main/icons_podcast/kahanibaaz.webp|1|YES|https://anchor.fm/s/4533fc94/podcast/rss|RSS|0|0|Performing Arts
t_podcast|Stories|/kahaniyan-humari-dharohar|Kahaniyan Humari Dharohar|FOLDER|1|NO|URL|https://cdn.jsdelivr.net/gh/kamleshwebnet/app_ar@main/icons_podcast/kahaniyan-humari-dharohar.webp|1|YES|https://anchor.fm/s/57acf9ac/podcast/rss|RSS|0|0|Books
t_podcast|News|/kanpur-smart-news|Kanpur Smart News|FOLDER|1|NO|URL|https://cdn.jsdelivr.net/gh/kamleshwebnet/app_ar@main/icons_podcast/kanpur-smart-news.webp|1|YES|https://feeds.megaphone.fm/HTMEDIALTD2830307372|RSS|0|0|Daily News
t_podcast|Business|/karma-cafe-jobs|Karma Cafe Jobs|FOLDER|1|NO|URL|https://cdn.jsdelivr.net/gh/kamleshwebnet/app_ar@main/icons_podcast/karma-cafe-jobs.webp|1|YES|https://anchor.fm/s/610d70d0/podcast/rss|RSS|0|0|Careers
t_podcast|Comedy|/karsan-kaka|Karsan Kaka|FOLDER|1|NO|URL|https://cdn.jsdelivr.net/gh/kamleshwebnet/app_ar@main/icons_podcast/karsan-kaka.webp|1|YES|https://audioboom.com/channels/4785208.rss|RSS|0|0|Comedy
t_podcast|Lifestyle|/kathaguru|Kathaguru|FOLDER|1|NO|URL|https://cdn.jsdelivr.net/gh/kamleshwebnet/app_ar@main/icons_podcast/kathaguru.webp|1|YES|https://anchor.fm/s/447022b0/podcast/rss|RSS|0|0|Leisure
t_podcast|Stories|/keshava|Keshava|FOLDER|1|NO|URL|https://cdn.jsdelivr.net/gh/kamleshwebnet/app_ar@main/icons_podcast/keshava.webp|1|YES|https://www.omnycontent.com/d/playlist/6244f5b5-c2fb-44f4-86cd-ab6b008158ba/ee37ba12-0a18-4107-a9a3-ab6e00ecbed6/f7fff163-b57c-4348-b549-ab6e00ecbedb/podcast.rss|RSS|0|0|Fiction
t_podcast|Entertainment|/khabardaar-podcast|Khabardaar Podcast|FOLDER|1|NO|URL|https://cdn.jsdelivr.net/gh/kamleshwebnet/app_ar@main/icons_podcast/khabardaar-podcast.webp|1|YES|https://khabardaar.com/episode/index.xml|RSS|0|0|TV & Film
t_podcast|Sports|/khel-khel-mein|Khel Khel Mein|FOLDER|1|NO|URL|https://cdn.jsdelivr.net/gh/kamleshwebnet/app_ar@main/icons_podcast/khel-khel-mein.webp|1|YES|https://feeds.megaphone.fm/HTMEDIALTD4927188430|RSS|0|0|Cricket
t_podcast|Sports|/khelo-jee-jaan-se|Khelo Jee Jaan Se!|FOLDER|1|NO|URL|https://cdn.jsdelivr.net/gh/kamleshwebnet/app_ar@main/icons_podcast/khelo-jee-jaan-se.webp|1|YES|https://feeds.megaphone.fm/HTMEDIALTD2160711176|RSS|0|0|Cricket
t_podcast|Comedy|/khurafati-nitin-calls|Khurafati Nitin Calls|FOLDER|1|NO|URL|https://cdn.jsdelivr.net/gh/kamleshwebnet/app_ar@main/icons_podcast/khurafati-nitin-calls.webp|1|YES|https://audioboom.com/channels/4903709.rss|RSS|0|0|Comedy
t_podcast|Stories|/khushi-ki-duniya|Khushi Ki Duniya|FOLDER|1|NO|URL|https://cdn.jsdelivr.net/gh/kamleshwebnet/app_ar@main/icons_podcast/khushi-ki-duniya.webp|1|YES|https://anchor.fm/s/55fc17b4/podcast/rss|RSS|0|0|Drama
t_podcast|Kids & Family|/kidoo-stories|Kidoo Stories|FOLDER|1|NO|URL|https://cdn.jsdelivr.net/gh/kamleshwebnet/app_ar@main/icons_podcast/kidoo-stories.webp|1|YES|https://audioboom.com/channels/4971762.rss|RSS|0|0|Kids & Family
t_podcast|Stories|/kisse-ka-hissa|Kisse Ka Hissa|FOLDER|1|NO|URL|https://cdn.jsdelivr.net/gh/kamleshwebnet/app_ar@main/icons_podcast/kisse-ka-hissa.webp|1|YES|https://rss.buzzsprout.com/1480384.rss|RSS|0|0|Fiction
t_podcast|Stories|/kuku-fm-bharat-ki-kahaniyan|Kuku FM - Bharat Ki Kahaniyan|FOLDER|1|NO|URL|https://cdn.jsdelivr.net/gh/kamleshwebnet/app_ar@main/icons_podcast/kuku-fm-bharat-ki-kahaniyan.webp|1|YES|https://anchor.fm/s/2e664a94/podcast/rss|RSS|0|0|Fiction
t_podcast|Stories|/laal-chashma-hindi-stories|Laal Chashma - Hindi Stories|FOLDER|1|NO|URL|https://cdn.jsdelivr.net/gh/kamleshwebnet/app_ar@main/icons_podcast/laal-chashma-hindi-stories.webp|1|YES|https://anchor.fm/s/123d2400/podcast/rss|RSS|0|0|Fiction
t_podcast|Entertainment|/listen-with-irfan|Listen with Irfan|FOLDER|1|NO|URL|https://cdn.jsdelivr.net/gh/kamleshwebnet/app_ar@main/icons_podcast/listen-with-irfan.webp|1|YES|https://anchor.fm/s/19c1b1f0/podcast/rss|RSS|0|0|Performing Arts
t_podcast|Stories|/love-aaj-kal|Love Aaj Kal|FOLDER|1|NO|URL|https://cdn.jsdelivr.net/gh/kamleshwebnet/app_ar@main/icons_podcast/love-aaj-kal.webp|1|YES|https://feeds.megaphone.fm/HTMEDIALTD9629255844|RSS|0|0|Drama
t_podcast|Lifestyle|/love-you-zindagi|Love You Zindagi|FOLDER|1|NO|URL|https://cdn.jsdelivr.net/gh/kamleshwebnet/app_ar@main/icons_podcast/love-you-zindagi.webp|1|YES|https://anchor.fm/s/24bdaac8/podcast/rss|RSS|0|0|Self-Improvement
t_podcast|News|/lucknow-smart-news|Lucknow Smart News|FOLDER|1|NO|URL|https://cdn.jsdelivr.net/gh/kamleshwebnet/app_ar@main/icons_podcast/lucknow-smart-news.webp|1|YES|https://feeds.megaphone.fm/HTMEDIALTD4253652185|RSS|0|0|Daily News
t_podcast|Comedy|/ma-thias-khasi|Ma Thias (Khasi)|FOLDER|1|NO|URL|https://cdn.jsdelivr.net/gh/kamleshwebnet/app_ar@main/icons_podcast/ma-thias-khasi.webp|1|YES|https://audioboom.com/channels/4785226.rss|RSS|0|0|Comedy
t_podcast|Spiritual|/maa-durga|Maa Durga|FOLDER|1|NO|URL|https://cdn.jsdelivr.net/gh/kamleshwebnet/app_ar@main/icons_podcast/maa-durga.webp|1|YES|https://feeds.megaphone.fm/HTMEDIALTD1663313807|RSS|0|0|Hinduism
t_podcast|Lifestyle|/maa-baap-ek-anmol-tohfa|Maa-Baap Ek Anmol Tohfa|FOLDER|1|NO|URL|https://cdn.jsdelivr.net/gh/kamleshwebnet/app_ar@main/icons_podcast/maa-baap-ek-anmol-tohfa.webp|1|YES|https://anchor.fm/s/2cc92490/podcast/rss|RSS|0|0|Relationships
t_podcast|Knowledge|/maam-maam|Ma'am Ma'am|FOLDER|1|NO|URL|https://cdn.jsdelivr.net/gh/kamleshwebnet/app_ar@main/icons_podcast/maam-maam.webp|1|YES|https://anchor.fm/s/34ba97d8/podcast/rss|RSS|0|0|Education
t_podcast|Spiritual|/mahabharat|Mahabharat|FOLDER|1|NO|URL|https://cdn.jsdelivr.net/gh/kamleshwebnet/app_ar@main/icons_podcast/mahabharat.webp|1|YES|https://feeds.megaphone.fm/HTMEDIALTD4526130397|RSS|0|0|Hinduism
t_podcast|Spiritual|/maharishi-patanjali-yogdarshan|Maharishi Patanjali Yogdarshan|FOLDER|1|NO|URL|https://cdn.jsdelivr.net/gh/kamleshwebnet/app_ar@main/icons_podcast/maharishi-patanjali-yogdarshan.webp|1|YES|https://audioboom.com/channels/4902462.rss|RSS|0|0|Hinduism
t_podcast|Lifestyle|/manipal-youthzpa|Manipal Youthzpa|FOLDER|1|NO|URL|https://cdn.jsdelivr.net/gh/kamleshwebnet/app_ar@main/icons_podcast/manipal-youthzpa.webp|1|YES|https://anchor.fm/s/265c7b5c/podcast/rss|RSS|0|0|Mental Health
t_podcast|Lifestyle|/mann-ki-abc|Mann Ki ABC|FOLDER|1|NO|URL|https://cdn.jsdelivr.net/gh/kamleshwebnet/app_ar@main/icons_podcast/mann-ki-abc.webp|1|YES|https://feeds.megaphone.fm/HTMEDIALTD9584474223|RSS|0|0|Mental Health
t_podcast|Lifestyle|/mann-ki-medha|Mann Ki Medha|FOLDER|1|NO|URL|https://cdn.jsdelivr.net/gh/kamleshwebnet/app_ar@main/icons_podcast/mann-ki-medha.webp|1|YES|https://feeds.megaphone.fm/HTMEDIALTD4445350811|RSS|0|0|Mental Health
t_podcast|Business|/market-update|Market Update|FOLDER|1|NO|URL|https://cdn.jsdelivr.net/gh/kamleshwebnet/app_ar@main/icons_podcast/market-update.webp|1|YES|https://feeds.feedburner.com/marketwatch/podcasts/MarketWatchMarketUpdate|RSS|0|0|Investing
t_podcast|Knowledge|/maru-gujarat|Maru Gujarat|FOLDER|1|NO|URL|https://cdn.jsdelivr.net/gh/kamleshwebnet/app_ar@main/icons_podcast/maru-gujarat.webp|1|YES|https://anchor.fm/s/4f876a8c/podcast/rss|RSS|0|0|Education
t_podcast|Kids & Family|/mastmaula-sheikh-chilli|Mastmaula Sheikh Chilli|FOLDER|1|NO|URL|https://cdn.jsdelivr.net/gh/kamleshwebnet/app_ar@main/icons_podcast/mastmaula-sheikh-chilli.webp|1|YES|https://www.omnycontent.com/d/playlist/6244f5b5-c2fb-44f4-86cd-ab6b008158ba/5a6d9b7a-42a2-41ed-abff-ae68008470d7/3b00a506-7586-4308-b4f4-ae68008cf693/podcast.rss|RSS|0|0|Stories for Kids
t_podcast|Comedy|/mawaali-bhai|Mawaali Bhai|FOLDER|1|NO|URL|https://cdn.jsdelivr.net/gh/kamleshwebnet/app_ar@main/icons_podcast/mawaali-bhai.webp|1|YES|https://www.omnycontent.com/d/playlist/8ce708b9-c3c2-4eaa-a27d-ac0f007c53c5/50e9e5ed-3184-4114-a851-ac33007923ba/a9c82fec-1df5-426e-aefe-ac33007923c3/podcast.rss|RSS|0|0|Comedy
t_podcast|Knowledge|/md-motivation|MD Motivation|FOLDER|1|NO|URL|https://cdn.jsdelivr.net/gh/kamleshwebnet/app_ar@main/icons_podcast/md-motivation.webp|1|YES|https://feeds.hubhopper.com/eec4358fb35d87a8bbba27df9881ee37.rss?eps=all|RSS|0|0|Education
t_podcast|Business|/meri-pyaari-saheliyan|Meri Pyaari Saheliyan|FOLDER|1|NO|URL|https://cdn.jsdelivr.net/gh/kamleshwebnet/app_ar@main/icons_podcast/meri-pyaari-saheliyan.webp|1|YES|https://www.omnycontent.com/d/playlist/e0dce4b3-2eb8-48cb-822c-af1d00e03e20/968fe95a-a221-41de-84a7-af4700b5351d/5a37376d-66a4-4560-93e2-af4700b53534/podcast.rss|RSS|0|0|Entrepreneurship
t_podcast|Kids & Family|/miracle-world|Miracle World|FOLDER|1|NO|URL|https://cdn.jsdelivr.net/gh/kamleshwebnet/app_ar@main/icons_podcast/miracle-world.webp|1|YES|https://anchor.fm/s/4397037c/podcast/rss|RSS|0|0|Stories for Kids
t_podcast|Lifestyle|/motivation-spark|Motivation Spark|FOLDER|1|NO|URL|https://cdn.jsdelivr.net/gh/kamleshwebnet/app_ar@main/icons_podcast/motivation-spark.webp|1|YES|https://feeds.hubhopper.com/2c9192c5f788a3f962b90fac25e41f46.rss|RSS|0|0|Self-Improvement
t_podcast|Knowledge|/mrunal-upsc|Mrunal UPSC|FOLDER|1|NO|URL|https://cdn.jsdelivr.net/gh/kamleshwebnet/app_ar@main/icons_podcast/mrunal-upsc.webp|1|YES|https://anchor.fm/s/5546abf4/podcast/rss|RSS|0|0|Courses
t_podcast|Knowledge|/mukesh-rathod|Mukesh Rathod|FOLDER|1|NO|URL|https://cdn.jsdelivr.net/gh/kamleshwebnet/app_ar@main/icons_podcast/mukesh-rathod.webp|1|YES|https://anchor.fm/s/1f59571c/podcast/rss|RSS|0|0|Education
t_podcast|Kids & Family|/munshi-premchand-gaban|Munshi Premchand - Gaban|FOLDER|1|NO|URL|https://cdn.jsdelivr.net/gh/kamleshwebnet/app_ar@main/icons_podcast/munshi-premchand-gaban.webp|1|YES|https://anchor.fm/s/1bdb3ed4/podcast/rss|RSS|0|0|Stories for Kids
t_podcast|Spiritual|/my-voice|My Voice|FOLDER|1|NO|URL|https://cdn.jsdelivr.net/gh/kamleshwebnet/app_ar@main/icons_podcast/my-voice.webp|1|YES|https://mlm-podcasts.nyc3.digitaloceanspaces.com/xml/podcasts/MySheepHearMyVoiceAudio.xml|RSS|0|0|Christianity
t_podcast|Stories|/naatak-radio|Naatak Radio|FOLDER|1|NO|URL|https://cdn.jsdelivr.net/gh/kamleshwebnet/app_ar@main/icons_podcast/naatak-radio.webp|1|YES|https://rss.buzzsprout.com/967153.rss|RSS|0|0|Drama
t_podcast|Comedy|/nalwa-ka-jalwa|Nalwa Ka Jalwa|FOLDER|1|NO|URL|https://cdn.jsdelivr.net/gh/kamleshwebnet/app_ar@main/icons_podcast/nalwa-ka-jalwa.webp|1|YES|https://feeds.megaphone.fm/HTMEDIALTD1428812641|RSS|0|0|Comedy Interviews
t_podcast|Lifestyle|/national-radio|National Radio|FOLDER|1|NO|URL|https://cdn.jsdelivr.net/gh/kamleshwebnet/app_ar@main/icons_podcast/national-radio.webp|1|YES|https://podcasts.files.bbci.co.uk/p02nrw8h.rss|RSS|0|0|Society & Culture
t_podcast|Stories|/neelesh-sehgal|Neelesh Sehgal|FOLDER|1|NO|URL|https://cdn.jsdelivr.net/gh/kamleshwebnet/app_ar@main/icons_podcast/neelesh-sehgal.webp|1|YES|https://anchor.fm/s/4844eac4/podcast/rss|RSS|0|0|Personal Journals
t_podcast|Entertainment|/new-songs-geet-kavita-haryanvi-ragni|New Songs Geet Kavita Haryanvi Ragni|FOLDER|1|NO|URL|https://cdn.jsdelivr.net/gh/kamleshwebnet/app_ar@main/icons_podcast/new-songs-geet-kavita-haryanvi-ragni.webp|1|YES|https://anchor.fm/s/491ea7c8/podcast/rss|RSS|0|0|Performing Arts
t_podcast|News|/news-potli|News Potli|FOLDER|1|NO|URL|https://cdn.jsdelivr.net/gh/kamleshwebnet/app_ar@main/icons_podcast/news-potli.webp|1|YES|https://feeds.acast.com/public/shows/6058a149ca68b7712484f0d8|RSS|0|0|Daily News
t_podcast|News|/news-report|News Report|FOLDER|1|NO|URL|https://cdn.jsdelivr.net/gh/kamleshwebnet/app_ar@main/icons_podcast/news-report.webp|1|YES|https://feeds.acast.com/public/shows/0061b008-509d-5e0f-9e15-2eba573f71b3|RSS|0|0|News
t_podcast|Comedy|/nilams-beizzatikaralocom|Nilam's Beizzatikaralo.com|FOLDER|1|NO|URL|https://cdn.jsdelivr.net/gh/kamleshwebnet/app_ar@main/icons_podcast/nilams-beizzatikaralocom.webp|1|YES|https://www.omnycontent.com/d/playlist/8ce708b9-c3c2-4eaa-a27d-ac0f007c53c5/787565e9-1ed9-415c-961a-ac2f00aa6e69/d75deeb6-0f94-4413-a710-ac2f00aa6e73/podcast.rss|RSS|0|0|Comedy
t_podcast|Spiritual|/nirankari-baba-ji-discourses|Nirankari Baba Ji Discourses|FOLDER|1|NO|URL|https://cdn.jsdelivr.net/gh/kamleshwebnet/app_ar@main/icons_podcast/nirankari-baba-ji-discourses.webp|1|YES|https://www.spreaker.com/show/1875841/episodes/feed|RSS|0|0|Religion & Spirituality
t_podcast|News|/nl-charcha|NL Charcha|FOLDER|1|NO|URL|https://cdn.jsdelivr.net/gh/kamleshwebnet/app_ar@main/icons_podcast/nl-charcha.webp|1|YES|https://feeds.acast.com/public/shows/5ec247bf1ad9f849b1e3c640|RSS|0|0|News
t_podcast|Comedy|/noob-squad-podcast|Noob Squad Podcast|FOLDER|1|NO|URL|https://cdn.jsdelivr.net/gh/kamleshwebnet/app_ar@main/icons_podcast/noob-squad-podcast.webp|1|YES|https://anchor.fm/s/32d957d8/podcast/rss|RSS|0|0|Comedy Interviews
t_podcast|Sports|/overthrow-cricket-podcast|Overthrow Cricket Podcast|FOLDER|1|NO|URL|https://cdn.jsdelivr.net/gh/kamleshwebnet/app_ar@main/icons_podcast/overthrow-cricket-podcast.webp|1|YES|https://anchor.fm/s/1011f5ffc/podcast/rss|RSS|0|0|Cricket
t_podcast|Stories|/panno-ke-jharokhe|Panno Ke Jharokhe|FOLDER|1|NO|URL|https://cdn.jsdelivr.net/gh/kamleshwebnet/app_ar@main/icons_podcast/panno-ke-jharokhe.webp|1|YES|https://feed.podbean.com/sunopkj/feed.xml|RSS|0|0|Fiction
t_podcast|Spiritual|/paramhans-maharaj-jivani|Paramhans Maharaj Jivani|FOLDER|1|NO|URL|https://cdn.jsdelivr.net/gh/kamleshwebnet/app_ar@main/icons_podcast/paramhans-maharaj-jivani.webp|1|YES|https://audioboom.com/channels/4902460.rss|RSS|0|0|Hinduism
t_podcast|News|/pod-khaas|Pod Khaas|FOLDER|1|NO|URL|https://cdn.jsdelivr.net/gh/kamleshwebnet/app_ar@main/icons_podcast/pod-khaas.webp|1|YES|https://www.spreaker.com/show/4921023/episodes/feed|RSS|0|0|Politics
t_podcast|Entertainment|/poetry-talks-with-amandeep-singh|Poetry Talks with Amandeep Singh|FOLDER|1|NO|URL|https://cdn.jsdelivr.net/gh/kamleshwebnet/app_ar@main/icons_podcast/poetry-talks-with-amandeep-singh.webp|1|YES|https://anchor.fm/s/12432c24/podcast/rss|RSS|0|0|Performing Arts
t_podcast|Stories|/prapanchniti|Prapanchniti|FOLDER|1|NO|URL|https://cdn.jsdelivr.net/gh/kamleshwebnet/app_ar@main/icons_podcast/prapanchniti.webp|1|YES|https://anchor.fm/s/549d2584/podcast/rss|RSS|0|0|Drama
t_podcast|Stories|/premchand-ki-ansuni-kahaniyaan|Premchand Ki Ansuni Kahaniyaan|FOLDER|1|NO|URL|https://cdn.jsdelivr.net/gh/kamleshwebnet/app_ar@main/icons_podcast/premchand-ki-ansuni-kahaniyaan.webp|1|YES|https://feeds.captivate.fm/premchand-ki-ansuni-kahaniyaan/|RSS|0|0|Fiction
t_podcast|News|/prime-time-with-ravish|Prime Time with Ravish|FOLDER|1|NO|URL|https://cdn.jsdelivr.net/gh/kamleshwebnet/app_ar@main/icons_podcast/prime-time-with-ravish.webp|1|YES|https://api.videos.ndtv.com/apis/podcast/index/client_key/ndtv-podcast-5d35e3e34a92df17d11d54e0ff241e8b?shows=494&showfull=1&media_type=audio&extra_params=keywords,description,ssl&language=2|RSS|0|0|News
t_podcast|Entertainment|/purani-jeans|Purani Jeans|FOLDER|1|NO|URL|https://cdn.jsdelivr.net/gh/kamleshwebnet/app_ar@main/icons_podcast/purani-jeans.webp|1|YES|https://anchor.fm/s/5641cb74/podcast/rss|RSS|0|0|Performing Arts
t_podcast|Knowledge|/quoraflix|Quoraflix|FOLDER|1|NO|URL|https://cdn.jsdelivr.net/gh/kamleshwebnet/app_ar@main/icons_podcast/quoraflix.webp|1|YES|https://anchor.fm/s/37ac515c/podcast/rss|RSS|0|0|Education
t_podcast|Business|/raah-a-career-podcast|Raah - A Career Podcast|FOLDER|1|NO|URL|https://cdn.jsdelivr.net/gh/kamleshwebnet/app_ar@main/icons_podcast/raah-a-career-podcast.webp|1|YES|https://www.omnycontent.com/d/playlist/55de720e-0867-4b8a-9e29-ac8400e69720/4d577b1d-ea6e-4612-8cfa-ac88008d3fab/e534b174-d4c5-400c-9657-ac88008d3fcc/podcast.rss|RSS|0|0|Careers
t_podcast|Spiritual|/radha-krishna-ki-ajab-kahani|Radha Krishna Ki Ajab Kahani|FOLDER|1|NO|URL|https://cdn.jsdelivr.net/gh/kamleshwebnet/app_ar@main/icons_podcast/radha-krishna-ki-ajab-kahani.webp|1|YES|https://anchor.fm/s/205c6384/podcast/rss|RSS|0|0|Spirituality
t_podcast|Entertainment|/radio-mirchi-20-rj-rahul|Radio Mirchi 2.0 RJ Rahul|FOLDER|1|NO|URL|https://cdn.jsdelivr.net/gh/kamleshwebnet/app_ar@main/icons_podcast/radio-mirchi-20-rj-rahul.webp|1|YES|https://anchor.fm/s/29b59acc/podcast/rss|RSS|0|0|Music Commentary
t_podcast|Comedy|/rai-bhi-lo|Rai Bhi Lo|FOLDER|1|NO|URL|https://cdn.jsdelivr.net/gh/kamleshwebnet/app_ar@main/icons_podcast/rai-bhi-lo.webp|1|YES|https://anchor.fm/s/c807468/podcast/rss|RSS|0|0|Comedy
t_podcast|Knowledge|/rajasthan-gk|Rajasthan GK|FOLDER|1|NO|URL|https://cdn.jsdelivr.net/gh/kamleshwebnet/app_ar@main/icons_podcast/rajasthan-gk.webp|1|YES|https://anchor.fm/s/21b3b494/podcast/rss|RSS|0|0|Courses
t_podcast|News|/rakshak|Rakshak|FOLDER|1|NO|URL|https://cdn.jsdelivr.net/gh/kamleshwebnet/app_ar@main/icons_podcast/rakshak.webp|1|YES|https://www.omnycontent.com/d/playlist/6244f5b5-c2fb-44f4-86cd-ab6b008158ba/ebdd1ec3-349f-477a-b8ac-ad1500db52cf/a7cb331a-f814-4456-9a47-ad1500ddff46/podcast.rss|RSS|0|0|Government
t_podcast|Business|/ranchi-property|Ranchi Property|FOLDER|1|NO|URL|https://cdn.jsdelivr.net/gh/kamleshwebnet/app_ar@main/icons_podcast/ranchi-property.webp|1|YES|https://anchor.fm/s/42bd1608/podcast/rss|RSS|0|0|Business News
t_podcast|Lifestyle|/random-discussion|Random Discussion|FOLDER|1|NO|URL|https://cdn.jsdelivr.net/gh/kamleshwebnet/app_ar@main/icons_podcast/random-discussion.webp|1|YES|https://anchor.fm/s/b40c94/podcast/rss|RSS|0|0|Leisure
t_podcast|Lifestyle|/rasoi-ki-rani|Rasoi Ki Rani|FOLDER|1|NO|URL|https://cdn.jsdelivr.net/gh/kamleshwebnet/app_ar@main/icons_podcast/rasoi-ki-rani.webp|1|YES|https://feeds.megaphone.fm/HTMEDIALTD8841498784|RSS|0|0|Food
t_podcast|Comedy|/red-fm-bauaa|Red FM Bauaa|FOLDER|1|NO|URL|https://cdn.jsdelivr.net/gh/kamleshwebnet/app_ar@main/icons_podcast/red-fm-bauaa.webp|1|YES|https://www.omnycontent.com/d/playlist/8ce708b9-c3c2-4eaa-a27d-ac0f007c53c5/232a6ee0-f0fb-4a77-a1cd-ac22009d88c7/8c8aa2ff-faca-4553-a635-ac22009d88d0/podcast.rss|RSS|0|0|Comedy
t_podcast|Lifestyle|/red-fm-short-cuts|Red FM Short Cuts|FOLDER|1|NO|URL|https://cdn.jsdelivr.net/gh/kamleshwebnet/app_ar@main/icons_podcast/red-fm-short-cuts.webp|1|YES|https://www.omnycontent.com/d/playlist/8ce708b9-c3c2-4eaa-a27d-ac0f007c53c5/b9444783-b94f-4eb6-8216-ac2f00a600b7/0db024f9-ce29-4183-bac0-ac2f00a600c1/podcast.rss|RSS|0|0|Society & Culture
t_podcast|Comedy|/red-murga|Red Murga|FOLDER|1|NO|URL|https://cdn.jsdelivr.net/gh/kamleshwebnet/app_ar@main/icons_podcast/red-murga.webp|1|YES|https://www.omnycontent.com/d/playlist/8ce708b9-c3c2-4eaa-a27d-ac0f007c53c5/c1208bfc-de02-4df3-a85f-ac2f0055c0a5/3982ca4e-08e1-4079-80da-ac2f0055c0ae/podcast.rss|RSS|0|0|Comedy
t_podcast|Kids & Family|/rimjhim-kahaniyan|Rimjhim Kahaniyan|FOLDER|1|NO|URL|https://cdn.jsdelivr.net/gh/kamleshwebnet/app_ar@main/icons_podcast/rimjhim-kahaniyan.webp|1|YES|https://anchor.fm/s/43e10918/podcast/rss|RSS|0|0|Education for Kids
t_podcast|Sports|/run-tantra-with-rj-raunac|Run Tantra with RJ Raunac|FOLDER|1|NO|URL|https://cdn.jsdelivr.net/gh/kamleshwebnet/app_ar@main/icons_podcast/run-tantra-with-rj-raunac.webp|1|YES|https://feeds.redcircle.com/985dac0e-1b3b-4fc8-b125-6ba2c689086b|RSS|0|0|Cricket
t_podcast|Entertainment|/sab-moh-maya-nahi-hai|Sab Moh Maya Nahi Hai|FOLDER|1|NO|URL|https://cdn.jsdelivr.net/gh/kamleshwebnet/app_ar@main/icons_podcast/sab-moh-maya-nahi-hai.webp|1|YES|https://www.omnycontent.com/d/playlist/8ce708b9-c3c2-4eaa-a27d-ac0f007c53c5/20dca15c-1891-49df-82fc-ad2600512e26/e3153265-443e-4566-b159-ad260051be87/podcast.rss|RSS|0|0|Arts
t_podcast|News|/sahi-bolta-hai|Sahi Bolta Hai|FOLDER|1|NO|URL|https://cdn.jsdelivr.net/gh/kamleshwebnet/app_ar@main/icons_podcast/sahi-bolta-hai.webp|1|YES|https://audioboom.com/channels/4767517.rss|RSS|0|0|News
t_podcast|Spiritual|/sajeeva-vahini-hindi-devotions-and-sermons|Sajeeva Vahini Hindi Devotions and Sermons|FOLDER|1|NO|URL|https://cdn.jsdelivr.net/gh/kamleshwebnet/app_ar@main/icons_podcast/sajeeva-vahini-hindi-devotions-and-sermons.webp|1|YES|http://rss.castbox.fm/everest/7b49520e34a34137a8e6dcb832115d2c.xml|RSS|0|0|Christianity
t_podcast|News|/samachar-live-hindi|Samachar Live Hindi|FOLDER|1|NO|URL|https://cdn.jsdelivr.net/gh/kamleshwebnet/app_ar@main/icons_podcast/samachar-live-hindi.webp|1|YES|https://anchor.fm/s/45314b84/podcast/rss|RSS|0|0|Daily News
t_podcast|Spiritual|/sanatan-satya|Sanatan Satya|FOLDER|1|NO|URL|https://cdn.jsdelivr.net/gh/kamleshwebnet/app_ar@main/icons_podcast/sanatan-satya.webp|1|YES|https://audioboom.com/channels/4896939.rss|RSS|0|0|Hinduism
t_podcast|Spiritual|/sant-rampal-ji-satsang-on-sikhism|Sant Rampal Ji Satsang on Sikhism|FOLDER|1|NO|URL|https://cdn.jsdelivr.net/gh/kamleshwebnet/app_ar@main/icons_podcast/sant-rampal-ji-satsang-on-sikhism.webp|1|YES|http://rss.castbox.fm/everest/0a3aae6dc4964a4cb9113341dae9ac80.xml|RSS|0|0|Religion
t_podcast|Lifestyle|/say-something-sanidhya|Say Something Sanidhya|FOLDER|1|NO|URL|https://cdn.jsdelivr.net/gh/kamleshwebnet/app_ar@main/icons_podcast/say-something-sanidhya.webp|1|YES|https://anchor.fm/s/30d0aae0/podcast/rss|RSS|0|0|Leisure
t_podcast|Comedy|/shaam-ko-milte-hai|Shaam Ko Milte Hai!|FOLDER|1|NO|URL|https://cdn.jsdelivr.net/gh/kamleshwebnet/app_ar@main/icons_podcast/shaam-ko-milte-hai.webp|1|YES|https://anchor.fm/s/15286f08/podcast/rss|RSS|0|0|Comedy Interviews
t_podcast|Lifestyle|/shaam-e-sukoon-with-aroo|Shaam-e-Sukoon with Aroo|FOLDER|1|NO|URL|https://cdn.jsdelivr.net/gh/kamleshwebnet/app_ar@main/icons_podcast/shaam-e-sukoon-with-aroo.webp|1|YES|https://anchor.fm/s/222aa694/podcast/rss|RSS|0|0|Relationships
t_podcast|Stories|/shades-of-jayanti|Shades of Jayanti|FOLDER|1|NO|URL|https://cdn.jsdelivr.net/gh/kamleshwebnet/app_ar@main/icons_podcast/shades-of-jayanti.webp|1|YES|https://feeds.megaphone.fm/HTMEDIALTD3341655766|RSS|0|0|Drama
t_podcast|Entertainment|/shayad|Shayad|FOLDER|1|NO|URL|https://cdn.jsdelivr.net/gh/kamleshwebnet/app_ar@main/icons_podcast/shayad.webp|1|YES|https://anchor.fm/s/19c69db4/podcast/rss|RSS|0|0|Music History
t_podcast|Knowledge|/shimla-travel-podcast|Shimla Travel Podcast|FOLDER|1|NO|URL|https://cdn.jsdelivr.net/gh/kamleshwebnet/app_ar@main/icons_podcast/shimla-travel-podcast.webp|1|YES|https://anchor.fm/s/59b84f80/podcast/rss|RSS|0|0|Education
t_podcast|Spiritual|/shiva-narrated-by-jackie-shroff|Shiva - Narrated by Jackie Shroff|FOLDER|1|NO|URL|https://cdn.jsdelivr.net/gh/kamleshwebnet/app_ar@main/icons_podcast/shiva-narrated-by-jackie-shroff.webp|1|YES|https://feeds.megaphone.fm/HTMEDIALTD8780563644|RSS|0|0|Hinduism
t_podcast|Spiritual|/shri-krishna|Shri Krishna|FOLDER|1|NO|URL|https://cdn.jsdelivr.net/gh/kamleshwebnet/app_ar@main/icons_podcast/shri-krishna.webp|1|YES|https://feeds.megaphone.fm/HTMEDIALTD2644949341|RSS|0|0|Hinduism
t_podcast|Spiritual|/shuddh-vichaar|Shuddh Vichaar|FOLDER|1|NO|URL|https://cdn.jsdelivr.net/gh/kamleshwebnet/app_ar@main/icons_podcast/shuddh-vichaar.webp|1|YES|https://anchor.fm/s/5ab1a594/podcast/rss|RSS|0|0|Hinduism
t_podcast|Comedy|/sochalaya|Sochalaya|FOLDER|1|NO|URL|https://cdn.jsdelivr.net/gh/kamleshwebnet/app_ar@main/icons_podcast/sochalaya.webp|1|YES|https://www.omnycontent.com/d/playlist/8ce708b9-c3c2-4eaa-a27d-ac0f007c53c5/f7190e27-80b8-452f-900c-ac2300d3844c/d07af3f2-35c5-43b6-a1d4-ac2300d3845a/podcast.rss|RSS|0|0|Comedy
t_podcast|Business|/sonu-sharma|Sonu Sharma|FOLDER|1|NO|URL|https://cdn.jsdelivr.net/gh/kamleshwebnet/app_ar@main/icons_podcast/sonu-sharma.webp|1|YES|https://anchor.fm/s/f421440/podcast/rss|RSS|0|0|Business
t_podcast|Lifestyle|/soul-talks-with-kanu-priya|Soul Talks with Kanu Priya|FOLDER|1|NO|URL|https://cdn.jsdelivr.net/gh/kamleshwebnet/app_ar@main/icons_podcast/soul-talks-with-kanu-priya.webp|1|YES|https://www.omnycontent.com/d/playlist/6244f5b5-c2fb-44f4-86cd-ab6b008158ba/f95c2bb9-c21b-46f8-afb3-ac7500a6cbd8/2c8efa2b-6606-44ac-92ab-ac7500a906e6/podcast.rss|RSS|0|0|Self-Improvement
t_podcast|Spiritual|/spiritual-inspirations|Spiritual Inspirations|FOLDER|1|NO|URL|https://cdn.jsdelivr.net/gh/kamleshwebnet/app_ar@main/icons_podcast/spiritual-inspirations.webp|1|YES|https://anchor.fm/s/3d7fd388/podcast/rss|RSS|0|0|Spirituality
t_podcast|Entertainment|/spot-the-content-with-girish-wankhede|Spot the Content with Girish Wankhede|FOLDER|1|NO|URL|https://cdn.jsdelivr.net/gh/kamleshwebnet/app_ar@main/icons_podcast/spot-the-content-with-girish-wankhede.webp|1|YES|https://www.omnycontent.com/d/playlist/6244f5b5-c2fb-44f4-86cd-ab6b008158ba/5c983464-8396-4cb4-9387-ab6e00ecbf01/0d5fe47a-75c2-46ea-bba9-ab6e00ecbf05/podcast.rss|RSS|0|0|Film Reviews
t_podcast|Comedy|/stand-up-comedy|Stand Up Comedy|FOLDER|1|NO|URL|https://cdn.jsdelivr.net/gh/kamleshwebnet/app_ar@main/icons_podcast/stand-up-comedy.webp|1|YES|https://anchor.fm/s/4ee5e360/podcast/rss|RSS|0|0|Stand-Up
t_podcast|Knowledge|/stories-of-big-achievements-of-indian-army|Stories of Big Achievements of Indian Army|FOLDER|1|NO|URL|https://cdn.jsdelivr.net/gh/kamleshwebnet/app_ar@main/icons_podcast/stories-of-big-achievements-of-indian-army.webp|1|YES|https://anchor.fm/s/3e22b5f8/podcast/rss|RSS|0|0|History
t_podcast|Kids & Family|/stories-of-singhasan-battisi|Stories of Singhasan Battisi|FOLDER|1|NO|URL|https://cdn.jsdelivr.net/gh/kamleshwebnet/app_ar@main/icons_podcast/stories-of-singhasan-battisi.webp|1|YES|https://feeds.megaphone.fm/ISP9618857798|RSS|0|0|Kids & Family
t_podcast|Kids & Family|/stories-of-vikram-betaal|Stories of Vikram Betaal|FOLDER|1|NO|URL|https://cdn.jsdelivr.net/gh/kamleshwebnet/app_ar@main/icons_podcast/stories-of-vikram-betaal.webp|1|YES|https://feeds.megaphone.fm/ISP7361779829|RSS|0|0|Kids & Family
t_podcast|Entertainment|/suhana-safar-zindagi-ka|Suhana Safar - Zindagi Ka|FOLDER|1|NO|URL|https://cdn.jsdelivr.net/gh/kamleshwebnet/app_ar@main/icons_podcast/suhana-safar-zindagi-ka.webp|1|YES|https://anchor.fm/s/2a4548d4/podcast/rss|RSS|0|0|Arts
t_podcast|Entertainment|/sunday-star-sattack-with-malishka|Sunday Star Sattack with Malishka|FOLDER|1|NO|URL|https://cdn.jsdelivr.net/gh/kamleshwebnet/app_ar@main/icons_podcast/sunday-star-sattack-with-malishka.webp|1|YES|https://www.omnycontent.com/d/playlist/8ce708b9-c3c2-4eaa-a27d-ac0f007c53c5/5b0e19fa-7dc9-4bab-8076-ac33006958fd/58549137-8644-4491-94f0-ac3300695902/podcast.rss|RSS|0|0|TV & Film
t_podcast|Lifestyle|/sutta-buddy|Sutta Buddy|FOLDER|1|NO|URL|https://cdn.jsdelivr.net/gh/kamleshwebnet/app_ar@main/icons_podcast/sutta-buddy.webp|1|YES|https://feeds.hubhopper.com/47122e3dfa0f06726edca30c9bb422c8.rss|RSS|0|0|Relationships
t_podcast|Sports|/talkball-india|TalkBall India|FOLDER|1|NO|URL|https://cdn.jsdelivr.net/gh/kamleshwebnet/app_ar@main/icons_podcast/talkball-india.webp|1|YES|https://anchor.fm/s/5f19d278/podcast/rss|RSS|0|0|Sports
t_podcast|Business|/tarun-agarwal|Tarun Agarwal|FOLDER|1|NO|URL|https://cdn.jsdelivr.net/gh/kamleshwebnet/app_ar@main/icons_podcast/tarun-agarwal.webp|1|YES|https://app.kajabi.com/podcasts/2147484918/feed|RSS|0|0|Marketing
t_podcast|Lifestyle|/tbh-with-rj-neeta|TBH with RJ Neeta|FOLDER|1|NO|URL|https://cdn.jsdelivr.net/gh/kamleshwebnet/app_ar@main/icons_podcast/tbh-with-rj-neeta.webp|1|YES|https://feeds.megaphone.fm/HTMEDIALTD9422866286|RSS|0|0|Nutrition
t_podcast|Knowledge|/tech-with-sid|Tech with Sid|FOLDER|1|NO|URL|https://cdn.jsdelivr.net/gh/kamleshwebnet/app_ar@main/icons_podcast/tech-with-sid.webp|1|YES|https://anchor.fm/s/c964e8c/podcast/rss|RSS|0|0|Automotive
t_podcast|Spiritual|/the-advent-of-the-avatar|The Advent of the Avatar|FOLDER|1|NO|URL|https://cdn.jsdelivr.net/gh/kamleshwebnet/app_ar@main/icons_podcast/the-advent-of-the-avatar.webp|1|YES|https://anchor.fm/s/1afd9d54/podcast/rss|RSS|0|0|Spirituality
t_podcast|Stories|/the-audio-film-project-with-vikram-bhatt|The Audio Film Project with Vikram Bhatt|FOLDER|1|NO|URL|https://cdn.jsdelivr.net/gh/kamleshwebnet/app_ar@main/icons_podcast/the-audio-film-project-with-vikram-bhatt.webp|1|YES|https://www.omnycontent.com/d/playlist/8ce708b9-c3c2-4eaa-a27d-ac0f007c53c5/bd4d2773-ca32-4f9c-934d-ad5e00604a41/25a02458-a481-4ad3-aba4-ad5e00634082/podcast.rss|RSS|0|0|True Crime
t_podcast|Lifestyle|/the-bharati-mahato-show|The Bharati Mahato Show|FOLDER|1|NO|URL|https://cdn.jsdelivr.net/gh/kamleshwebnet/app_ar@main/icons_podcast/the-bharati-mahato-show.webp|1|YES|https://anchor.fm/s/47ddbf70/podcast/rss|RSS|0|0|Mental Health
t_podcast|Comedy|/the-crush-story-podcast-in-hindi|The Crush Story Podcast (in Hindi)|FOLDER|1|NO|URL|https://cdn.jsdelivr.net/gh/kamleshwebnet/app_ar@main/icons_podcast/the-crush-story-podcast-in-hindi.webp|1|YES|https://anchor.fm/s/975f004/podcast/rss|RSS|0|0|Comedy
t_podcast|Knowledge|/the-defence-darbar|The Defence Darbar|FOLDER|1|NO|URL|https://cdn.jsdelivr.net/gh/kamleshwebnet/app_ar@main/icons_podcast/the-defence-darbar.webp|1|YES|https://anchor.fm/s/1ff6a760/podcast/rss|RSS|0|0|History
t_podcast|Spiritual|/the-devdutt-pattanaik-show-mirchi|The Devdutt Pattanaik Show - Mirchi|FOLDER|1|NO|URL|https://cdn.jsdelivr.net/gh/kamleshwebnet/app_ar@main/icons_podcast/the-devdutt-pattanaik-show-mirchi.webp|1|YES|https://feeds.simplecast.com/pgsclD_d|RSS|0|0|Philosophy
t_podcast|Entertainment|/the-girish-wankhede-show-aa-dekhe-zara|The Girish Wankhede Show: Aa Dekhe Zara|FOLDER|1|NO|URL|https://cdn.jsdelivr.net/gh/kamleshwebnet/app_ar@main/icons_podcast/the-girish-wankhede-show-aa-dekhe-zara.webp|1|YES|https://www.omnycontent.com/d/playlist/6244f5b5-c2fb-44f4-86cd-ab6b008158ba/60d56b22-e5a0-405e-9286-ab6e00eed09f/ad521fef-2127-40ec-99d2-ab6e00eed0b2/podcast.rss|RSS|0|0|Film Reviews
t_podcast|Business|/the-gurus-show|The Guru's Show|FOLDER|1|NO|URL|https://cdn.jsdelivr.net/gh/kamleshwebnet/app_ar@main/icons_podcast/the-gurus-show.webp|1|YES|https://anchor.fm/s/4504b18c/podcast/rss|RSS|0|0|Entrepreneurship
t_podcast|Stories|/the-history-of-india|The History of India|FOLDER|1|NO|URL|https://cdn.jsdelivr.net/gh/kamleshwebnet/app_ar@main/icons_podcast/the-history-of-india.webp|1|YES|https://anchor.fm/s/20b4df78/podcast/rss|RSS|0|0|Books
t_podcast|Lifestyle|/the-india-pakistan-podcast|The India - Pakistan Podcast|FOLDER|1|NO|URL|https://cdn.jsdelivr.net/gh/kamleshwebnet/app_ar@main/icons_podcast/the-india-pakistan-podcast.webp|1|YES|https://anchor.fm/s/5a9586c0/podcast/rss|RSS|0|0|Society & Culture
t_podcast|Spiritual|/the-mahaveer-saga-by-rishi-praveen|The Mahaveer Saga by Rishi Praveen|FOLDER|1|NO|URL|https://cdn.jsdelivr.net/gh/kamleshwebnet/app_ar@main/icons_podcast/the-mahaveer-saga-by-rishi-praveen.webp|1|YES|https://anchor.fm/s/1b304290/podcast/rss|RSS|0|0|Religion & Spirituality
t_podcast|Stories|/the-mansarovar-podcast-hindi-stories|The Mansarovar Podcast (Hindi Stories)|FOLDER|1|NO|URL|https://cdn.jsdelivr.net/gh/kamleshwebnet/app_ar@main/icons_podcast/the-mansarovar-podcast-hindi-stories.webp|1|YES|https://anchor.fm/s/c096db4/podcast/rss|RSS|0|0|Books
t_podcast|Lifestyle|/the-mindfulness-podcast|The Mindfulness Podcast|FOLDER|1|NO|URL|https://cdn.jsdelivr.net/gh/kamleshwebnet/app_ar@main/icons_podcast/the-mindfulness-podcast.webp|1|YES|https://feeds.soundcloud.com/users/soundcloud:users:936276439/sounds.rss|RSS|0|0|Health & Fitness
t_podcast|Spiritual|/the-nilesh-kumar-podcast|The Nilesh Kumar Podcast|FOLDER|1|NO|URL|https://cdn.jsdelivr.net/gh/kamleshwebnet/app_ar@main/icons_podcast/the-nilesh-kumar-podcast.webp|1|YES|https://anchor.fm/s/13e3f374/podcast/rss|RSS|0|0|Philosophy
t_podcast|Stories|/the-radiance-hub|The Radiance Hub|FOLDER|1|NO|URL|https://cdn.jsdelivr.net/gh/kamleshwebnet/app_ar@main/icons_podcast/the-radiance-hub.webp|1|YES|https://anchor.fm/s/e1aa1e0/podcast/rss|RSS|0|0|Books
t_podcast|Spiritual|/the-scary-knights-in-hindi|The Scary Knights in Hindi|FOLDER|1|NO|URL|https://cdn.jsdelivr.net/gh/kamleshwebnet/app_ar@main/icons_podcast/the-scary-knights-in-hindi.webp|1|YES|https://anchor.fm/s/6a9ef240/podcast/rss|RSS|0|0|Hinduism
t_podcast|Lifestyle|/the-vipin-baloni-podcast|The Vipin Baloni Podcast|FOLDER|1|NO|URL|https://cdn.jsdelivr.net/gh/kamleshwebnet/app_ar@main/icons_podcast/the-vipin-baloni-podcast.webp|1|YES|https://anchor.fm/s/d80eab4/podcast/rss|RSS|0|0|Self-Improvement
t_podcast|Lifestyle|/the-warrior-mindset|The Warrior Mindset|FOLDER|1|NO|URL|https://cdn.jsdelivr.net/gh/kamleshwebnet/app_ar@main/icons_podcast/the-warrior-mindset.webp|1|YES|https://anchor.fm/s/136f6c34/podcast/rss|RSS|0|0|Self-Improvement
t_podcast|Kids & Family|/tiny-travels|Tiny Travels|FOLDER|1|NO|URL|https://cdn.jsdelivr.net/gh/kamleshwebnet/app_ar@main/icons_podcast/tiny-travels.webp|1|YES|https://www.spreaker.com/show/6678380/episodes/feed|RSS|0|0|Kids & Family
t_podcast|Entertainment|/tum-hi-aana-cover-by-kutub|Tum Hi Aana Cover by Kutub|FOLDER|1|NO|URL|https://cdn.jsdelivr.net/gh/kamleshwebnet/app_ar@main/icons_podcast/tum-hi-aana-cover-by-kutub.webp|1|YES|https://anchor.fm/s/1cc83f7c/podcast/rss|RSS|0|0|Music Commentary
t_podcast|Spiritual|/uljhe-suljhe-kisse|Uljhe-Suljhe Kisse|FOLDER|1|NO|URL|https://cdn.jsdelivr.net/gh/kamleshwebnet/app_ar@main/icons_podcast/uljhe-suljhe-kisse.webp|1|YES|https://anchor.fm/s/35827ed8/podcast/rss|RSS|0|0|Philosophy
t_podcast|Entertainment|/vikas-bharti|Vikas Bharti|FOLDER|1|NO|URL|https://cdn.jsdelivr.net/gh/kamleshwebnet/app_ar@main/icons_podcast/vikas-bharti.webp|1|YES|https://anchor.fm/s/49c44e08/podcast/rss|RSS|0|0|Design
t_podcast|Lifestyle|/vision-100|Vision 100|FOLDER|1|NO|URL|https://cdn.jsdelivr.net/gh/kamleshwebnet/app_ar@main/icons_podcast/vision-100.webp|1|YES|https://anchor.fm/s/610f6854/podcast/rss|RSS|0|0|Self-Improvement
t_podcast|Entertainment|/vividh-the-variety-podcast|Vividh - The Variety Podcast|FOLDER|1|NO|URL|https://cdn.jsdelivr.net/gh/kamleshwebnet/app_ar@main/icons_podcast/vividh-the-variety-podcast.webp|1|YES|https://anchor.fm/s/6e2d848/podcast/rss|RSS|0|0|Arts
t_podcast|Spiritual|/voice-divine-the-internet-radio|Voice Divine: The Internet Radio|FOLDER|1|NO|URL|https://cdn.jsdelivr.net/gh/kamleshwebnet/app_ar@main/icons_podcast/voice-divine-the-internet-radio.webp|1|YES|https://www.spreaker.com/show/1875817/episodes/feed|RSS|0|0|Hinduism
t_podcast|Stories|/what-the-ishq|What the Ishq|FOLDER|1|NO|URL|https://cdn.jsdelivr.net/gh/kamleshwebnet/app_ar@main/icons_podcast/what-the-ishq.webp|1|YES|https://feeds.megaphone.fm/HTMEDIALTD8868025515|RSS|0|0|Fiction
t_podcast|Comedy|/whatsapp-bhabhi|WhatsApp Bhabhi|FOLDER|1|NO|URL|https://cdn.jsdelivr.net/gh/kamleshwebnet/app_ar@main/icons_podcast/whatsapp-bhabhi.webp|1|YES|https://www.omnycontent.com/d/playlist/8ce708b9-c3c2-4eaa-a27d-ac0f007c53c5/70bb5fa2-25eb-4ed7-bef4-ac3900605b5f/ce826086-ce5e-43ea-a5f4-ac3900605b6d/podcast.rss|RSS|0|0|Comedy
t_podcast|Stories|/whatsapp-university-and-corona-the-debator|WhatsApp University and Corona: The Debator|FOLDER|1|NO|URL|https://cdn.jsdelivr.net/gh/kamleshwebnet/app_ar@main/icons_podcast/whatsapp-university-and-corona-the-debator.webp|1|YES|https://anchor.fm/s/217d0048/podcast/rss|RSS|0|0|Documentary
t_podcast|News|/whatsapp-university-jhakaas-ya-bakwaas|WhatsApp University: Jhakaas Ya Bakwaas|FOLDER|1|NO|URL|https://cdn.jsdelivr.net/gh/kamleshwebnet/app_ar@main/icons_podcast/whatsapp-university-jhakaas-ya-bakwaas.webp|1|YES|https://feeds.megaphone.fm/HTMEDIALTD4517174879|RSS|0|0|News Commentary
t_podcast|Business|/workplace-tips-podcast|Workplace Tips Podcast|FOLDER|1|NO|URL|https://cdn.jsdelivr.net/gh/kamleshwebnet/app_ar@main/icons_podcast/workplace-tips-podcast.webp|1|YES|https://feeds.hubhopper.com/4d8eaf826f7d9fe5bb42cf133e0a9440.rss|RSS|0|0|Business
t_podcast|Lifestyle|/zubaan-e-shehar|Zubaan-e-Shehar|FOLDER|1|NO|URL|https://cdn.jsdelivr.net/gh/kamleshwebnet/app_ar@main/icons_podcast/zubaan-e-shehar.webp|1|YES|https://anchor.fm/s/1c4978cc/podcast/rss|RSS|0|0|Places & Travel
t_podcast|Sports|/chain-kulii-ki-main-kulii|Chain Kulii Ki Main Kulii|FOLDER|1|NO|URL|https://cdn.jsdelivr.net/gh/kamleshwebnet/app_ar@main/icons_podcast/chain-kulii-ki-main-kulii.webp|1|YES|https://feeds.megaphone.fm/HTMEDIALTD6125088590|RSS|0|0|Cricket
t_podcast|Lifestyle|/chanakya-neeti-hindi-complete|Chanakya Neeti - Hindi - Complete|FOLDER|1|NO|URL|https://cdn.jsdelivr.net/gh/kamleshwebnet/app_ar@main/icons_podcast/chanakya-neeti-hindi-complete.webp|1|YES|https://anchor.fm/s/1d14621c/podcast/rss|RSS|0|0|Self-Improvement
t_podcast|Entertainment|/cine-maya|Cine-Maya|FOLDER|1|NO|URL|https://cdn.jsdelivr.net/gh/kamleshwebnet/app_ar@main/icons_podcast/cine-maya.webp|1|YES|https://www.omnycontent.com/d/playlist/e0dce4b3-2eb8-48cb-822c-af1d00e03e20/ba53ce02-7465-40be-a73f-af4700824770/72f7ad1f-1d92-4c10-9181-af470082477e/podcast.rss|RSS|0|0|Film History
t_podcast|Stories|/city-book-leaders-story-bank|City Book Leaders - Story Bank|FOLDER|1|NO|URL|https://cdn.jsdelivr.net/gh/kamleshwebnet/app_ar@main/icons_podcast/city-book-leaders-story-bank.webp|1|YES|https://anchor.fm/s/17eb0430/podcast/rss|RSS|0|0|Books
t_podcast|Business|/cloud-kitchen-podcast-with-abhinav-saxena|Cloud Kitchen Podcast - with Abhinav Saxena|FOLDER|1|NO|URL|https://cdn.jsdelivr.net/gh/kamleshwebnet/app_ar@main/icons_podcast/cloud-kitchen-podcast-with-abhinav-saxena.webp|1|YES|https://anchor.fm/s/209d08bc/podcast/rss|RSS|0|0|Entrepreneurship
t_podcast|Entertainment|/crazy-for-kishore|Crazy for Kishore|FOLDER|1|NO|URL|https://cdn.jsdelivr.net/gh/kamleshwebnet/app_ar@main/icons_podcast/crazy-for-kishore.webp|1|YES|https://feeds.megaphone.fm/HTMEDIALTD8335661284|RSS|0|0|TV & Film
t_podcast|Sports|/cricbaazi|Cricbaazi|FOLDER|1|NO|URL|https://cdn.jsdelivr.net/gh/kamleshwebnet/app_ar@main/icons_podcast/cricbaazi.webp|1|YES|https://anchor.fm/s/f3df700c/podcast/rss|RSS|0|0|Cricket
t_podcast|Business|/crypto-kanoon|Crypto Kanoon|FOLDER|1|NO|URL|https://cdn.jsdelivr.net/gh/kamleshwebnet/app_ar@main/icons_podcast/crypto-kanoon.webp|1|YES|https://anchor.fm/s/1e547c98/podcast/rss|RSS|0|0|Investing
t_podcast|Business|/culture-shakers|Culture Shakers|FOLDER|1|NO|URL|https://cdn.jsdelivr.net/gh/kamleshwebnet/app_ar@main/icons_podcast/culture-shakers.webp|1|YES|https://anchor.fm/s/13a2511c/podcast/rss|RSS|0|0|Entrepreneurship
t_podcast|Lifestyle|/darr|Darr|FOLDER|1|NO|URL|https://cdn.jsdelivr.net/gh/kamleshwebnet/app_ar@main/icons_podcast/darr.webp|1|YES|https://rss.buzzsprout.com/2466007.rss|RSS|0|0|Self-Improvement
t_podcast|Lifestyle|/desi-heart|Desi Heart|FOLDER|1|NO|URL|https://cdn.jsdelivr.net/gh/kamleshwebnet/app_ar@main/icons_podcast/desi-heart.webp|1|YES|https://anchor.fm/s/396c7f58/podcast/rss|RSS|0|0|Society & Culture
t_podcast|Stories|/devils-cat|Devil's Cat|FOLDER|1|NO|URL|https://cdn.jsdelivr.net/gh/kamleshwebnet/app_ar@main/icons_podcast/devils-cat.webp|1|YES|https://anchor.fm/s/512f96d4/podcast/rss|RSS|0|0|Drama
t_podcast|Sports|/devoted-podcasts|Devoted Podcasts|FOLDER|1|NO|URL|https://cdn.jsdelivr.net/gh/kamleshwebnet/app_ar@main/icons_podcast/devoted-podcasts.webp|1|YES|https://feeds.hubhopper.com/d76684e7aa0f9644f163921b967823ef.rss|RSS|0|0|Sports
t_podcast|Knowledge|/digital-shark|Digital Shark|FOLDER|1|NO|URL|https://cdn.jsdelivr.net/gh/kamleshwebnet/app_ar@main/icons_podcast/digital-shark.webp|1|YES|https://anchor.fm/s/4e697578/podcast/rss|RSS|0|0|Tech News
t_podcast|Lifestyle|/dil-connect|Dil Connect|FOLDER|1|NO|URL|https://cdn.jsdelivr.net/gh/kamleshwebnet/app_ar@main/icons_podcast/dil-connect.webp|1|YES|https://anchor.fm/s/5470886c/podcast/rss|RSS|0|0|Mental Health
t_podcast|Lifestyle|/divya|Divya|FOLDER|1|NO|URL|https://cdn.jsdelivr.net/gh/kamleshwebnet/app_ar@main/icons_podcast/divya.webp|1|YES|https://anchor.fm/s/e56ba5f4/podcast/rss|RSS|0|0|Self-Improvement
t_podcast|News|/editorial-with-sujit-nair|Editorial with Sujit Nair|FOLDER|1|NO|URL|https://cdn.jsdelivr.net/gh/kamleshwebnet/app_ar@main/icons_podcast/editorial-with-sujit-nair.webp|1|YES|https://audioboom.com/channels/4924602.rss|RSS|0|0|News
t_podcast|Stories|/ek-adhuri-kahani|Ek Adhuri Kahani|FOLDER|1|NO|URL|https://cdn.jsdelivr.net/gh/kamleshwebnet/app_ar@main/icons_podcast/ek-adhuri-kahani.webp|1|YES|https://feeds.megaphone.fm/HTMEDIALTD4267376713|RSS|0|0|Drama
t_podcast|Stories|/ek-kahani-aisi-bhi|Ek Kahani Aisi Bhi|FOLDER|1|NO|URL|https://cdn.jsdelivr.net/gh/kamleshwebnet/app_ar@main/icons_podcast/ek-kahani-aisi-bhi.webp|1|YES|https://www.omnycontent.com/d/playlist/8ce708b9-c3c2-4eaa-a27d-ac0f007c53c5/835cf6c3-c3e4-4b98-81ba-ac2a00ae0448/8be50939-da1a-4066-82b4-ac2a00ae0464/podcast.rss|RSS|0|0|Books
t_podcast|Comedy|/ek-number-bade|Ek Number Bade|FOLDER|1|NO|URL|https://cdn.jsdelivr.net/gh/kamleshwebnet/app_ar@main/icons_podcast/ek-number-bade.webp|1|YES|https://www.omnycontent.com/d/playlist/8ce708b9-c3c2-4eaa-a27d-ac0f007c53c5/19258709-67f5-406e-90d7-ac380085c7c5/fda344bd-b9c7-4e1b-b24c-ac380085c7d3/podcast.rss|RSS|0|0|Comedy
t_podcast|Lifestyle|/f-wala-pyaar|F Wala Pyaar|FOLDER|1|NO|URL|https://cdn.jsdelivr.net/gh/kamleshwebnet/app_ar@main/icons_podcast/f-wala-pyaar.webp|1|YES|https://feeds.megaphone.fm/HTMEDIALTD6344366016|RSS|0|0|Relationships
t_podcast|Stories|/faileditsok-hindi-short-stories-poems|Faileditsok - Hindi Short Stories, Poems|FOLDER|1|NO|URL|https://cdn.jsdelivr.net/gh/kamleshwebnet/app_ar@main/icons_podcast/faileditsok-hindi-short-stories-poems.webp|1|YES|https://anchor.fm/s/208ce1f8/podcast/rss|RSS|0|0|Comedy Fiction
t_podcast|Stories|/fantasy-queen|Fantasy Queen|FOLDER|1|NO|URL|https://cdn.jsdelivr.net/gh/kamleshwebnet/app_ar@main/icons_podcast/fantasy-queen.webp|1|YES|https://anchor.fm/s/46963e6c/podcast/rss|RSS|0|0|Comedy Fiction
t_podcast|Knowledge|/fineprint|FinePrint|FOLDER|1|NO|URL|https://cdn.jsdelivr.net/gh/kamleshwebnet/app_ar@main/icons_podcast/fineprint.webp|1|YES|https://anchor.fm/s/e9b4ff70/podcast/rss|RSS|0|0|History
t_podcast|Knowledge|/freedom-fighters-library|Freedom Fighters Library|FOLDER|1|NO|URL|https://cdn.jsdelivr.net/gh/kamleshwebnet/app_ar@main/icons_podcast/freedom-fighters-library.webp|1|YES|https://anchor.fm/s/2f6b3ee0/podcast/rss|RSS|0|0|Education
t_podcast|Stories|/friendly-neighbourhood-kahaniman|Friendly Neighbourhood Kahaniman|FOLDER|1|NO|URL|https://cdn.jsdelivr.net/gh/kamleshwebnet/app_ar@main/icons_podcast/friendly-neighbourhood-kahaniman.webp|1|YES|https://anchor.fm/s/74ea1e28/podcast/rss|RSS|0|0|Drama
t_podcast|Comedy|/fun-with-khanjan|Fun with Khanjan|FOLDER|1|NO|URL|https://cdn.jsdelivr.net/gh/kamleshwebnet/app_ar@main/icons_podcast/fun-with-khanjan.webp|1|YES|https://anchor.fm/s/290997a4/podcast/rss|RSS|0|0|Comedy Interviews
t_podcast|Kids & Family|/garhwali-folktales|Garhwali Folktales|FOLDER|1|NO|URL|https://cdn.jsdelivr.net/gh/kamleshwebnet/app_ar@main/icons_podcast/garhwali-folktales.webp|1|YES|https://anchor.fm/s/3c077010/podcast/rss|RSS|0|0|Stories for Kids
t_podcast|Knowledge|/general-knowledge|General Knowledge|FOLDER|1|NO|URL|https://cdn.jsdelivr.net/gh/kamleshwebnet/app_ar@main/icons_podcast/general-knowledge.webp|1|YES|https://feeds.megaphone.fm/FPMN1668874939|RSS|0|0|Education
t_podcast|Entertainment|/godmother-of-reviews|Godmother of Reviews|FOLDER|1|NO|URL|https://cdn.jsdelivr.net/gh/kamleshwebnet/app_ar@main/icons_podcast/godmother-of-reviews.webp|1|YES|https://www.omnycontent.com/d/playlist/6244f5b5-c2fb-44f4-86cd-ab6b008158ba/68419a13-aa9a-4b24-8d74-ab73007c8ed8/a42f1454-9b5c-44c6-857e-ab73007f54d8/podcast.rss|RSS|0|0|Film Reviews
t_podcast|Knowledge|/gunjan-khanna|Gunjan Khanna|FOLDER|1|NO|URL|https://cdn.jsdelivr.net/gh/kamleshwebnet/app_ar@main/icons_podcast/gunjan-khanna.webp|1|YES|https://anchor.fm/s/41260318/podcast/rss|RSS|0|0|Language Learning
t_podcast|Lifestyle|/haal-chaal-theek-thaak-hai|Haal-Chaal Theek Thaak Hai|FOLDER|1|NO|URL|https://cdn.jsdelivr.net/gh/kamleshwebnet/app_ar@main/icons_podcast/haal-chaal-theek-thaak-hai.webp|1|YES|https://rss.libsyn.com/shows/286505/destinations/2205158.xml|RSS|0|0|Society & Culture
t_podcast|Spiritual|/hanuman-chalisa|Hanuman Chalisa|FOLDER|1|NO|URL|https://cdn.jsdelivr.net/gh/kamleshwebnet/app_ar@main/icons_podcast/hanuman-chalisa.webp|1|YES|https://anchor.fm/s/29d86c14/podcast/rss|RSS|0|0|Hinduism
t_podcast|Spiritual|/healing-tarot|Healing Tarot|FOLDER|1|NO|URL|https://cdn.jsdelivr.net/gh/kamleshwebnet/app_ar@main/icons_podcast/healing-tarot.webp|1|YES|https://feeds.megaphone.fm/HTMEDIALTD8310105682|RSS|0|0|Spirituality
t_podcast|Lifestyle|/heart2heart-talk|Heart2Heart Talk|FOLDER|1|NO|URL|https://cdn.jsdelivr.net/gh/kamleshwebnet/app_ar@main/icons_podcast/heart2heart-talk.webp|1|YES|https://anchor.fm/s/5a7aabc/podcast/rss|RSS|0|0|Society & Culture
t_podcast|Stories|/hidden-files|Hidden Files|FOLDER|1|NO|URL|https://cdn.jsdelivr.net/gh/kamleshwebnet/app_ar@main/icons_podcast/hidden-files.webp|1|YES|https://www.omnycontent.com/d/playlist/8ce708b9-c3c2-4eaa-a27d-ac0f007c53c5/bcebe596-4331-4a96-916e-ac1d0095621f/64c50bbd-226d-48be-8301-ac1d0095623c/podcast.rss|RSS|0|0|True Crime
t_podcast|Spiritual|/hindi-christian-podcast|Hindi Christian Podcast|FOLDER|1|NO|URL|https://cdn.jsdelivr.net/gh/kamleshwebnet/app_ar@main/icons_podcast/hindi-christian-podcast.webp|1|YES|https://anchor.fm/s/39d6f9f0/podcast/rss|RSS|0|0|Christianity
t_podcast|News|/hindi-me-jankariyan-podcast|Hindi Me Jankariyan Podcast|FOLDER|1|NO|URL|https://cdn.jsdelivr.net/gh/kamleshwebnet/app_ar@main/icons_podcast/hindi-me-jankariyan-podcast.webp|1|YES|https://anchor.fm/s/33c077d0/podcast/rss|RSS|0|0|Daily News
t_podcast|News|/hindi-news-nhk-world-radio-japan|Hindi News - NHK World Radio Japan|FOLDER|1|NO|URL|https://cdn.jsdelivr.net/gh/kamleshwebnet/app_ar@main/icons_podcast/hindi-news-nhk-world-radio-japan.webp|1|YES|http://www3.nhk.or.jp/rj/podcast/rss/hindi.xml|RSS|0|0|News
t_podcast|Entertainment|/hindi-songs|Hindi Songs|FOLDER|1|NO|URL|https://cdn.jsdelivr.net/gh/kamleshwebnet/app_ar@main/icons_podcast/hindi-songs.webp|1|YES|https://anchor.fm/s/33e66724/podcast/rss|RSS|0|0|TV & Film
t_podcast	Air News	/englishbulletins	English Bulletins	FOLDER	1	NO	URL	https://cdn.jsdelivr.net/gh/kamleshwebnet/app_ar@main/icons_podcast/english-bulletins.webp	1	YES	https://newsonair.gov.in	NEWSONAIR_BULLETIN_ENGLISH	0	0	News
t_podcast	Air News	/hindibulletins	Hindi Bulletins	FOLDER	1	NO	URL	https://cdn.jsdelivr.net/gh/kamleshwebnet/app_ar@main/icons_podcast/hindi-bulletins.webp	1	YES	https://newsonair.gov.in	NEWSONAIR_BULLETIN_HINDI	0	0	News
t_podcast	Air News	/dailybroadcast	Daily Broadcast	FOLDER	1	NO	URL	https://cdn.jsdelivr.net/gh/kamleshwebnet/app_ar@main/icons_podcast/daily-broadcast.webp	1	YES	https://newsonair.gov.in	NEWSONAIR_DAILY	0	0	News
t_podcast	Air News	/newsmagazine	News Magazine	FOLDER	1	NO	URL	https://cdn.jsdelivr.net/gh/kamleshwebnet/app_ar@main/icons_podcast/news-magazine.webp	1	YES	https://newsonair.gov.in	NEWSONAIR_MAGAZINE	0	0	News
